{
    "customreactions_all_stats_cleared": "Alle brugerdefinerede reaktionsstatistikker er blevet nulstillet.",
    "customreactions_deleted": "Brugerdefineret reaktion slettet.",
    "customreactions_insuff_perms": "Utilstrækkelige rettigheder. Kræver Bot ejerskab for globale brugerdefinerede reaktioner, og Administrator for server brugerdefinerede reaktioner.",
    "customreactions_list_all": "Liste på alle brugerdefinerede reaktioner.",
    "customreactions_name": "Brugerdefinerede reaktioner",
    "customreactions_new_cust_react": "Ny brugerdefineret reaktion",
    "customreactions_no_found": "Ingen brugedefineret reaktion blev fundet.",
    "customreactions_no_found_id": "Ingen brugerdefineret reaktion blev fundet med dette id.",
    "customreactions_response": "Svar",
    "customreactions_stats": "Brugerlavet reaktion statistikker",
    "customreactions_stats_cleared": "Statistik nulstillet for {0} brugerlavet reaktion.",
    "customreactions_stats_not_found": "Ingen statistik for denne udløser blev fundet, ingen handling udført.",
    "customreactions_trigger": "Udløser",
    "nsfw_autohentai_stopped": "Autohentai stoppet.",
    "nsfw_not_found": "Ingen resultater fundet.",
    "pokemon_already_fainted": "{0} er allerede besvimet.",
    "pokemon_already_full": "{0} har allerede fuld HP.",
    "pokemon_already_that_type": "Din type er allerede {0}",
    "pokemon_attack": "brugte {0}{1} imod {2}{3} for {4} skade.",
    "pokemon_cant_attack_again": "Du kan ikke angribe igen uden et hævnangreb!",
    "pokemon_cant_attack_yourself": "Du kan ikke angribe dig selv.",
    "pokemon_fainted": "{0} besvimede!",
    "pokemon_healed": "helede {0} med en {1}",
    "pokemon_hp_remaining": "{0} har {1} HP tilbage.",
    "pokemon_invalid_move": "Du kan ikke bruge {0}. Skriv '{1}ml' for at se en liste af træk du kan bruge.",
    "pokemon_moves": "Angrebsliste for {0} typen.",
    "pokemon_not_effective": "Det er ikke effektivt.",
    "pokemon_no_currency": "Du har ikke nok {0}",
    "pokemon_revive_other": "genoplivede {0} med en {1}",
    "pokemon_revive_yourself": "Du genoplivede dig selv med en {0}",
    "pokemon_settype_success": "Din type er blevet skiftet til {0} for en {1}",
    "pokemon_somewhat_effective": "Det er nogenlunde effektivt.",
    "pokemon_super_effective": "Det er super effektivt!",
    "pokemon_too_many_moves": "Du brugte for mange træk efter hinanden, så du kan ikke bevæge dig!",
    "pokemon_type_of_user": "{0}s type er {1}",
    "pokemon_user_not_found": "Bruger blev ikke fundet.",
    "pokemon_you_fainted": "Du besvimede, så du kan ikke bevæge dig!",
    "administration_aar_disabled": "**Automatisk angiv rolle** ved en ny bruger forbinder er nu **slået fra**.",
    "administration_aar_enabled": "**Automatisk angiv rolle** ved en ny bruger forbinder er nu **slået til**.",
    "administration_attachments": "Bilag",
    "administration_avatar_changed": "Avatar Skiftet",
    "administration_bandm": "Du er blevet bandlyst fra {0} serveren. \nBegrundelse: {1}",
    "administration_banned_pl": "bandlyst",
    "administration_banned_user": "Bruger Bandlyst",
    "administration_bot_name": "Bots navn skiftet til {0}",
    "administration_bot_status": "Botstatus skiftet til {0}",
    "administration_byedel_off": "Automatisk sletning af farvelbeskeder er slået fra.",
    "administration_byedel_on": "Farvelbeskeder vil blive slettet efter {0} sekunder.",
    "administration_byemsg_cur": "Nuværende farvelbesked: {0}",
    "administration_byemsg_enable": "Slå farvelbeskeder til ved at skrive {0}",
    "administration_byemsg_new": "Ny farvelbesked sat.",
    "administration_bye_off": "Farvelmeddelelse slået fra.",
    "administration_bye_on": "Farvelmeddelelser er slået til på denne kanal.",
    "administration_ch_name_change": "Kanalnavn skiftet",
    "administration_ch_old_name": "Gammelt navn",
    "administration_ch_topic_change": "Kanalemne Skiftet",
    "administration_cleaned_up": "Ryddede op.",
    "administration_content": "Indhold",
    "administration_cr": "Oprettede den nye rolle {0} med succes.",
    "administration_createtextchan": "Tekstkanal {0} oprettet.",
    "administration_createvoich": "Stemmekanal {0} oprettet.",
    "administration_deafen": "Gør Døv lykkedes.",
    "administration_deleted_server": "Slettede server {0}",
    "administration_delmsg_off": "Stoppede automatisk sletning af vellykkede kommando-påkaldelser.",
    "administration_delmsg_on": "Sletter nu automatisk vellykkede kommando-påkaldelser.",
    "administration_deltextchan": "Tekstkanal {0} blev slettet.",
    "administration_delvoich": "Stemmekanalen {0} blev slettet",
    "administration_dm_from": "DM fra",
    "administration_donadd": "Tilføjede ny donor. Sammenlagt doneret mængde fra denne bruger: {0} 👑",
    "administration_donators": "Tak til dem listet nedenfor, fordi I gjorde dette projekt muligt!",
    "administration_fwall_start": "Jeg vil videresende DM'er til alle ejere.",
    "administration_fwall_stop": "Jeg vil kun videresende DM'er til den første ejer.",
    "administration_fwdm_start": "Jeg vil videresende DM'er fra nu af.",
    "administration_fwdm_stop": "Jeg vil stoppe med at videresende DM'er fra nu af.",
    "administration_greetdel_off": "Automatisk sletning af velkomstbeskeder er blevet slået fra.",
    "administration_greetdel_on": "Velkomstbeskeder vil blive slettet efter {0} sekunder",
    "administration_greetdmmsg_cur": "Nuværende DM velkomstbesked: {0}",
    "administration_greetdmmsg_enable": "Slå velkomstbeskeder i DM til, ved at skrive {0}",
    "administration_greetdmmsg_new": "Ny velkomstbesked i DM indstillet.",
    "administration_greetdm_off": "Velkomstmeddelelser i DM slået fra.",
    "administration_greetdm_on": "Velkomstmeddelelser i DM slået til.",
    "administration_greetmsg_cur": "Nuværende velkomstbesked: {0}",
    "administration_greetmsg_enable": "Slå velkomstbeskeder til ved at skrive {0}",
    "administration_greetmsg_new": "Ny velkomstbesked sat.",
    "administration_greet_off": "Velkomstmeddelelser slået fra.",
    "administration_greet_on": "Velkomstmeddelelser slået til i denne kanal.",
    "administration_hierarchy": "Du kan ikke bruge denne kommando på brugere der har en rolle der er højere end eller lige med din egen i rolle-hierakiet.",
    "administration_images_loaded": "Billederne blev indlæst efter {0} sekunder",
    "administration_invalid_format": "Ugyldigt input format",
    "administration_invalid_params": "Forkerte parametre",
    "administration_joined": "{0} har sluttet sig til {1}",
    "administration_kickdm": "Du er blevet fjernet fra følgende server: {0}\nBegrundelse: {1}",
    "administration_kicked_user": "Bruger blev fjernet",
    "administration_lang_list": "Liste af sprog",
    "administration_lang_set": "Din servers lokalitet er nu {0} - {1}",
    "administration_lang_set_bot": "Bottens standardlokalitet er nu {0} - {1}",
    "administration_lang_set_bot_show": "Bottens sprog er sat til at være {0} - {1}",
    "administration_lang_set_fail": "Fejlede sprogændring. Tjek denne kommandos hjælp.",
    "administration_lang_set_show": "Denne servers sprog er sat til at være {0} - {1}",
    "administration_left": "{0} har forladt {1}",
    "administration_left_server": "Forlod server {0}",
    "administration_log": "Logger {0} begivenhed i denne kanal",
    "administration_log_all": "Logger alle begivenheder i denne kanal",
    "administration_log_disabled": "Log-funktion er slået fra",
    "administration_log_events": "Log-begivenheder du kan abonnere på:",
    "administration_log_ignore": "Log funktionen vil nu ignorere {0}",
    "administration_log_not_ignore": "Log funktionen ignorerer ikke længere {0}",
    "administration_log_stop": "Stoppede med at logge begivenheden {0}",
    "administration_menrole": "{0} har bedt om en underretning for de følgende roller",
    "administration_message_from_bo": "Besked fra {0} `[Bot Owner]`:",
    "administration_message_sent": "Besked sendt.",
    "administration_moved": "{0} blev flyttet fra {1} til {2}",
    "administration_msg_del": "Besked slettet i #{0}",
    "administration_msg_update": "Besked opdateret i #{0}",
    "administration_muted_pl": "Gjort stumme",
    "administration_muted_sn": "Gjort stum",
    "administration_mute_error": "Jeg har formentlig ikke tilladelse til at gøre dette.",
    "administration_mute_role_set": "Ny stum rolle sat.",
    "administration_need_admin": "Jeg har brug for **Administration** tilladelse for at kunne gøre dette.",
    "administration_new_msg": "Ny besked",
    "administration_new_nick": "Nyt kaldenavn",
    "administration_new_topic": "Nyt emne",
    "administration_nick_change": "Kaldenavn ændret",
    "administration_no_server": "Kan ikke finde den server",
    "administration_no_shard_id": "Der blev ikke fundet et shard med dette ID.",
    "administration_old_msg": "Gammel besked",
    "administration_old_nick": "Gammelt kaldenavn",
    "administration_old_topic": "Gammelt emne",
    "administration_perms": "Fejl. Jeg har formentlig ikke de rigtige tilladelser.",
    "administration_prot_active": "Aktive beskyttelser",
    "administration_prot_disable": "{0} er blevet **slået fra** på denne server.",
    "administration_prot_enable": "{0} Slået til",
    "administration_prot_error": "Fejl. Jeg har brug for Administrèr Roller tilladelsen",
    "administration_prot_none": "Ingen beskyttelse slået til.",
    "administration_raid_cnt": "Bruger grænseværdien skal være mellem {0} og {1}",
    "administration_raid_stats": "Hvis {0} eller flere brugere slutter sig til serveren indenfor {1} sekunder, vil jeg {2} dem.",
    "administration_raid_time": "Tiden skal være mellem {0} og {1} sekunder",
    "administration_rar": "Fjernede alle roller fra brugeren {0}",
    "administration_rar_err": "Kunne ikke fjerne roller. Jeg har ikke nok tilladelser.",
    "administration_rc": "Rollen {0}s farve er blevet ændret.",
    "administration_rc_not_exist": "Denne rolle eksisterer ikke.",
    "administration_rc_params": "De opgivede parametre passer ikke",
    "administration_rc_perms": "Der skete en fejl grundet forkert farve eller utilstrækkelige tilladelser.",
    "administration_remrole": "Fjernede rolle {0} fra bruger {1}",
    "administration_remrole_err": "Kunne ikke fjerne rolle. Jeg har ikke nok tilladelser.",
    "administration_renrole": "Rollen er blevet omdøbt.",
    "administration_renrole_err": "Kunne ikke omdøbe rollen. Jeg har ikke nok tilladelser.",
    "administration_renrole_perms": "Du kan ikke ændre roller højere end din højeste rolle.",
    "administration_reprm": "Fjernede spilstatussen: {0}",
    "administration_role_added": "Rollen {0} er blevet føjet til listen.",
    "administration_role_clean": "{0} kunne ikke findes. Ryddede op.",
    "administration_role_in_list": "Rollen {0} er allerede på listen.",
    "administration_ropl_added": "Tilføjet.",
    "administration_ropl_disabled": "Roterende spilstatus er blevet slået fra",
    "administration_ropl_enabled": "Roterende spilstatus er slået til.",
    "administration_ropl_list": "Her er en liste over roterende spilstatusser:\n{0}",
    "administration_ropl_not_set": "Ingen roterende spilstatusser er blevet specificeret.",
    "administration_self_assign_already": "Du har allerede rollen {0}.",
    "administration_self_assign_already_excl": "Du har allerede {0} eksklusive selvoverdragelige rolle.",
    "administration_self_assign_excl": "Selvoverdragelige roller er nu eksklusive!",
    "administration_self_assign_list": "Der er {0} selvoverdragelige roller.",
    "administration_self_assign_not": "Denne rolle er ikke selvoverdragelig.",
    "administration_self_assign_not_have": "Du har ikke rollen {0}.",
    "administration_self_assign_no_excl": "Selvoverdragelige roller er ikke længere eksklusive!",
    "administration_self_assign_perms": "Jeg kan ikke give denne rolle til dig. `Jeg kan ikke give roller til ejere eller andre roller højere end min i rollehierakiet.`",
    "administration_self_assign_rem": "{0} er blevet fjernet fra listen over selvoverdragelige roller.",
    "administration_self_assign_remove": "Du har ikke længere rollen {0}.",
    "administration_self_assign_success": "Du har nu rollen {0}.",
    "administration_setrole": "Tilføjede rolle {0} til brugeren {1}",
    "administration_setrole_err": "Kunne ikke tilføje rolle. Jeg har ikke nok tilladelser.",
    "administration_set_avatar": "Ny avatar sat!",
    "administration_set_channel_name": "Nyt kanalnavn sat.",
    "administration_set_game": "Ny spilstatus sat!",
    "administration_set_stream": "Ny stream sat!",
    "administration_set_topic": "Nyt kanalemne sat.",
    "administration_shard_reconnected": "Shard {0} tilsluttet.",
    "administration_shard_reconnecting": "Shard {0} er ved at tilslutte sig igen.",
    "administration_shutting_down": "Lukker ned",
    "administration_slowmode_desc": "Brugere kan ikke sende mere end {0} beskeder per {1} sekunder",
    "administration_slowmode_disabled": "Langsom tilstand deaktiveret.",
    "administration_slowmode_init": "Langsom tilstand aktiveret.",
    "administration_soft_banned_pl": "soft-banned",
    "administration_spam_ignore": "{0} vil ignorere denne kanal.",
    "administration_spam_not_ignore": "{0} vil ikke længere ignorere denne kanal.",
    "administration_spam_stats": "Hvis en bruger sender mere end {0} ens beskeder i træk, vil jeg {1} dem.",
    "administration_text_chan_created": "Tekstkanal lavet.",
    "administration_text_chan_destroyed": "Tekstkanal slettet.",
    "administration_undeafen": "Afdøvet lykkedes.",
    "administration_unmuted_sn": "u-stummede",
    "administration_username": "Brugernavn",
    "administration_username_changed": "Brugernavn ændret",
    "administration_users": "Brugere",
    "administration_user_banned": "Bruger banned",
    "administration_user_chat_mute": "{0} er blevet **gjort stum** i chatten.",
    "administration_user_chat_unmute": "{0} er **ikke længere stum** i chatten.",
    "administration_user_joined": "Bruger tilsluttede sig",
    "administration_user_left": "Bruger forlod serveren",
    "administration_user_muted": "{0} er blevet **dæmpet** fra text og voice chat.",
    "administration_user_role_add": "Brugers rolle tilføjet",
    "administration_user_role_rem": "Brugers rolle fjernet",
    "administration_user_status_change": "{0} er nu {1}",
    "administration_user_unmuted": "{0} er blevet **frataget retten til at chatte med tekst og i stemmekanalerne**.",
    "administration_user_vjoined": "{0} har tilsluttet {1} stemmekanalen.",
    "administration_user_vleft": "{0} har forladt {1} stemmekanalen.",
    "administration_user_vmoved": "{0} flyttet fra {1} til {2} stemmekanal.",
    "administration_user_voice_mute": "{0} er blevet **dæmpet fra samtalen**.",
    "administration_user_voice_unmute": "{0} har fået **rettigheden til at tale i stemmekanalerne** igen.",
    "administration_voice_chan_created": "Stemmekanal oprettet",
    "administration_voice_chan_destroyed": "Stemmekanal slettet",
    "administration_vt_disabled": "Stemme + tekst funktionen er blevet slået fra.",
    "administration_vt_enabled": "Stemme + tekst funktionen er blevet slået til.",
    "administration_vt_exit": "Jeg har hverken **administrér roller** og/eller **administrér kanaler** tilladelserne, så jeg kan ikke køre `.voice+text` på serveren {0}.",
    "administration_vt_no_admin": "Du er i gang med at slå denne funktion til/fra, og **jeg har ikke ADMINISTRATOR tilladelser**. Dette kan forsage problemer, og du vil blive nødt til at slette tekstkanaler selv.",
    "administration_vt_perms": "Jeg har brug for minimum **Administrèr Roller** eller **Administrèr Kanaler** for at kunne slå denne funktion til (Administratortilladelser ville være bedst)",
    "administration_xmuted_text": "Bruger {0} fra tekst chat",
    "administration_xmuted_text_and_voice": "Bruger {0} fra tekst og stemme chat",
    "administration_xmuted_voice": "Bruger {0} fra stemme chat",
    "administration_sbdm": "Du er blevet soft-banned fra serveren {0}.\nBegrundelse: {1}",
    "administration_user_unbanned": "Brugers udelukkelse ophævet",
    "administration_migration_done": "Udvandring færdiggjort!",
    "administration_presence_updates": "Tilstedeværelses opdateringer",
    "administration_sb_user": "Brugeren blev soft-bannet",
    "gambling_awarded": "har givet {0} til {1}",
    "gambling_better_luck": "Bedre held næste gang ^_^",
    "gambling_br_win": "Tillykke! Du vandt {0} for at slå mere end {1}",
    "gambling_deck_reshuffled": "Genblandede decket.",
    "gambling_flipped": "vendte {0}",
    "gambling_flip_guess": "Du gættede det! Du vandt {0}",
    "gambling_flip_invalid": "Ugyldigt nummer angivet. Du kan flippe 1 til {0} mønter.",
    "gambling_gifted": "har givet {0} til {1}",
    "gambling_has": "{0} har {1}",
    "gambling_heads": "Hoved",
    "gambling_leaderboard": "Leaderboard",
    "gambling_mass_award": "Gav {0} til {1} brugere fra rollen {2}.",
    "gambling_max_bet_limit": "Du kan ikke satse mere end {0}",
    "gambling_min_bet_limit": "Du kan ikke satse mindre end {0}",
    "gambling_not_enough": "Du har ikke nok {0}",
    "gambling_no_more_cards": "Der er ikke flere kort i decket.",
    "gambling_raffled_user": "Raflede bruger.",
    "gambling_roll": "Du slog {0}",
    "gambling_slot_bet": "Væddemål",
    "gambling_slot_jackpot": "WOAAHHHHHH!!! Tillykkeee!!! x{0}",
    "gambling_slot_single": "En enkelt {0}, x{1}",
    "gambling_slot_three": "Wow! Heldigt! Tre ens! x{0}",
    "gambling_slot_two": "Tillykke! To {0} - væddet x{1}",
    "gambling_sneakygamestatus_desc": "Man skal skrive en hemmelig kode for at få {0}. Varer {1} sekunder. Lad være med at sige det videre. Shhh.",
    "gambling_sneakygamestatus_end": "SneakyGame event afsluttet. {0} brugere fik belønningen.",
    "gambling_sneakygamestatus_title": "SneakyGameStatus hændelse påbegyndt",
    "gambling_tails": "Hale",
    "gambling_take": "tog {0} fra {1}",
    "gambling_take_fail": "kunne ikke tage {0} fra {1}, da brugeren ikke har så mange {2}!",
    "help_back_to_toc": "Tilbage til ToC",
    "help_bot_owner_only": "Kan kun bruges af bot ejeren",
    "help_channel_permission": "Kræver {0} kanal tilladelse.",
    "help_cmdlist_donate": "Du kan støtte projektet på patreon: <{0}> eller paypal: <{1}>",
    "help_cmd_and_alias": "Kommandoer og aliaser",
    "help_commandlist_regen": "Kommandoliste regeneret.",
    "help_commands_instr": "Tast `{0}h KommandoNavn` for at se hvordan man bruger den specificerede kommando, f.eks. `{0}h >8ball`",
    "help_command_not_found": "Jeg kan ikke finde den kommando. Tjek at kommandoen eksisterer før du prøver igen.",
    "help_desc": "Beskrivelse",
    "help_donate": "Du kan støtte NadekoBot projektet på\nPatreon <{0}> eller\nPaypal <{1}>\nHusk at tilføje dit Discord navn eller ID i beskeden\n\n**Tak** ♥️ ",
    "help_guide": "**Kommando liste**: <{0}>\n**Hosting guides og dokumenter kan findes her:** <{1}>",
    "help_list_of_commands": "Kommandoliste",
    "help_list_of_modules": "Modulliste",
    "help_modules_footer": "Tast `{0}cmds ModulNavn` for at få en liste af kommandoerne i det modul, f.eks. `{0}cmds games`",
    "help_module_not_found": "Det modul findes ikke.",
    "help_server_permission": "Kræver {0} server tilladelse.",
    "help_table_of_contents": "Indholdsfortegnelse",
    "help_usage": "Brug",
    "nsfw_autohentai_started": "Autohentai startet. Poster med {0} sekunders intervaller, med et af de følgende tags: {1}",
    "nsfw_tag": "Tag",
    "gambling_animal_race": "Dyre kapløb",
    "gambling_animal_race_failed": "Kunne ikke starte, da der ikke var nok deltagere.",
    "gambling_animal_race_full": "Kapløbet er fuldt! Starter snarest.",
    "gambling_animal_race_join": "{0} tilsluttede sig som en {1}",
    "gambling_animal_race_join_bet": "{0} tilsluttede sig som en {1} og satsede {2}!",
    "gambling_animal_race_join_instr": "Tast {0}jr for at tilslutte dig kapløbet.",
    "gambling_animal_race_starting": "Starter om 20 sekunder eller når kapløbet er fuldt.",
    "gambling_animal_race_starting_with_x": "Starter med {0} deltagere.",
    "gambling_animal_race_won": "{0} som {1} vandt løbet!",
    "gambling_animal_race_won_money": "{0} som {1} vandt kapløbet og {2}!",
    "gambling_dice_invalid_number": "Ugyldigt tal specificeret. Du kan rulle {0}-{1} terninger på en gang",
    "gambling_dice_rolled": "rullede {0}",
    "gambling_dice_rolled_num": "Terning rullet: {0}",
    "gambling_race_failed_starting": "Kunne ikke starte kapløbet. Et andet kapløb er formentlig i gang.",
    "gambling_race_not_exist": "Der eksisterer ikke noget kapløb på denne server",
    "gambling_second_larger_than_first": "Det andet nummer, skal være større end det første.",
    "gambling_changes_of_heart": "Holdningsændringer",
    "gambling_claimed_by": "Gjort krav på af",
    "gambling_divorces": "Skilsmisser",
    "gambling_likes": "Lider",
    "gambling_price": "Pris",
    "gambling_waifus_none": "Der er ikke blevet gjort krav på nogen waifus endnu.",
    "gambling_waifus_top_waifus": "Top Waifus",
    "gambling_waifu_affinity_already": "dit tilførsforhold er allerede sat til denne waifu eller du prøver at fjerne dit tilhørsforhold uden at have et.",
    "gambling_waifu_affinity_changed": "ændrede deres tilhørsforhold fra {0} til {1}.\n\n*Dette er moralsk tvivlsomt* 🤔",
    "gambling_waifu_affinity_cooldown": "Du skal vente {0} timer og {1} minutter for at kunne ændre dit tilhørsforhold igen.",
    "gambling_waifu_affinity_reset": "Dit tilhørsforhold er blevet nulstillet. Du har ikke længere en person du kan lide.",
    "gambling_waifu_affinity_set": "vil gerne være {0}s waifu. Aww <3",
    "gambling_waifu_claimed": "gjorde grav på {0} som deres waifu for {1}!",
    "gambling_waifu_divorced_like": "Du er blevet skilt fra en waifu der kan lide dig. Dit hjerteløse monster. {0} fik {1} som kompensation.",
    "gambling_waifu_egomaniac": "du kan ikke sætte dit tilhørsforhold til dig selv, din egoman.",
    "gambling_waifu_fulfilled": "🎉 Deres kærlighed er fuldbyrdet! 🎉\n{0}s nye værdi er {1}!",
    "gambling_waifu_isnt_cheap": "Ingen waifu er så billig. Du bliver nødt til at betale i hvert fald {0}for at få en waifu, også selvom deres værdi er mindre.",
    "gambling_waifu_not_enough": "Du skal betale {0} eller mere for at gøre krav på denne waifu!",
    "gambling_waifu_not_yours": "Det er ikke din waifu.",
    "gambling_waifu_not_yourself": "Du kan ikke gøre krav på dig selv.",
    "gambling_waifu_recent_divorce": "Du er nyskilt. Du skal vente {0} timer og {1} minutter for at blive skilt igen.",
    "gambling_nobody": "Ingen",
    "gambling_waifu_divorced_notlike": "Du er blevet skilt fra en waifu der ikke kan lide dig. Du har fået {0} tilbage.",
    "games_8ball": "8ball",
    "games_acrophobia": "Akrofobi",
    "games_acro_ended_no_sub": "Spillet sluttede uden tilmeldinger.",
    "games_acro_no_votes_cast": "Ingen stemmer indsendt. Spillet sluttede uden en vinder.",
    "games_acro_nym_was": "Akronymet var {0}.",
    "games_acro_running": "Akrofobi-spil kører allerede i denne kanal.",
    "games_acro_started": "Spillet er begyndt. Lav en sætning med det følgende akronym: {0}.",
    "games_acro_started_footer": "Du har {0} sekunder til at komme med en tilmelding.",
    "games_acro_submit": "{0} indsendte deres sætning. ({1} i alt)",
    "games_acro_vote": "Stem ved at skrive det tilsvarende nummer til tilmeldingen",
    "games_acro_vote_cast": "{0} har stemt!",
    "games_acro_winner": "Vinderen er {0} med {1} point.",
    "games_acro_winner_only": "{0} er vinderen, da de var den eneste der lavede en sætning!",
    "games_question": "Spørgsmål",
    "games_submissions_closed": "Tilmeldinger lukket.",
    "gambling_animal_race_already_started": "Dyre kapløb er allerede i gang.",
    "gambling_total_average": "Total: {0} Gennemsnit: {1}",
    "games_category": "Kategori",
    "games_cleverbot_disabled": "Slog cleverbot fra på denne server.",
    "games_cleverbot_enabled": "Slog cleverbot til på denne server.",
    "games_curgen_disabled": "Valutagenerering er slået fra i denne kanal.",
    "games_curgen_enabled": "Valutagenerering er slået til i denne kanal.",
    "games_curgen_pl": "{0} tilfældige {1} er dukket op!",
    "games_curgen_sn": "En tilfældig {0} dukkede op!",
    "games_failed_loading_question": "Kunne ikke indlæse et spørgsmål.",
    "games_game_started": "Spil startet.",
    "games_hangman_game_started": "Hangman spil startet",
    "games_hangman_running": "Hangman kører allerede i denne kanal.",
    "games_hangman_start_errored": "Kunne ikke starte hangman",
    "games_hangman_types": "Liste over \"{0}hangman\" ord typer:",
    "games_leaderboard": "Pointtavle",
    "games_not_enough": "Du har ikke nok {0}",
    "games_no_results": "Ingen resultater",
    "games_picked": "plukkede {0}",
    "games_planted": "{0} plantede {1}",
    "games_trivia_already_running": "Quiz kører allerede på denne server.",
    "games_trivia_game": "Quiz",
    "games_trivia_guess": "{0} gættede det! Svaret var: {1}",
    "games_trivia_none": "Ingen quiz kører på denne server.",
    "games_trivia_points": "{0} har {1} point",
    "games_trivia_stopping": "Stopper efter dette spørgsmål.",
    "games_trivia_times_up": "Tiden er omme! Det rigtige svar var {0}",
    "games_trivia_win": "{0} gættede det og vandt spillet! Svaret var: {1}",
    "games_ttt_against_yourself": "Du kan ikke spille mod dig selv.",
    "games_ttt_already_running": "Der er allerede et TicTacToe spil i gang i denne kanal.",
    "games_ttt_a_draw": "Det blev uafgjort!",
    "games_ttt_created": "har lavet et spil Kryds og Bolle",
    "games_ttt_has_won": "{0} har vundet!",
    "games_ttt_matched_three": "Fik tre på stribe",
    "games_ttt_no_moves": "Ingen træk tilbage!",
    "games_ttt_time_expired": "Tiden er udløbet!",
    "games_ttt_users_move": "{0}s tur",
    "games_vs": "{0} mod {1}",
    "music_attempting_to_queue": "Prøver at sætte {0} sange i kø...",
    "music_autoplay_disabled": "Autospil slået fra.",
    "music_autoplay_enabled": "Autospil slået til.",
    "music_defvol_set": "Standard volumen blev sat til {0}%",
    "music_dir_queue_complete": "Direktoratkøen gennemført.",
    "music_fairplay": "fairplay",
    "music_finished_song": "Afspilning af sang færdiggort",
    "music_fp_disabled": "Fair play slået fra.",
    "music_fp_enabled": "Fair play slået til.",
    "music_from_position": "Fra plads",
    "music_id": "Id",
    "music_invalid_input": "Ugyldigt input.",
    "music_max_playtime_none": "Der er ikke længere en begrænsning på sang-tiden.",
    "music_max_playtime_set": "Højeste spilletid sat til {0} sekund(er).",
    "music_max_queue_unlimited": "Der er ikke længere nogen begrænsning på musik-køens længde,",
    "music_max_queue_x": "Største musik kø sat til {0} sange",
    "music_must_be_in_voice": "Du skal være i en stemmekanal på denne server.",
    "music_name": "Navn",
    "music_now_playing": "Afspiller",
    "music_no_player": "Ingen aktiv musik afspiller.",
    "music_no_search_results": "Ingen søgeresultater",
    "music_paused": "Musikafspilning pauset.",
    "music_player_queue": "Afspilningskø - Side {0}/{1}",
    "music_playing_song": "Afspiller sang",
    "music_playlists": "`#{0}` - **{1}** af *{2}* ({3} sange)",
    "music_playlists_page": "Side {0} af gemte spillelister",
    "music_playlist_deleted": "Afspilningsliste slettet.",
    "music_playlist_delete_fail": "Kunne ikke slette denne afspilningsliste. Enten eksisterer den ikke, eller du er ikke dens indehaver.",
    "music_playlist_id_not_found": "Der findes ikke en afspilningsliste med det ID.",
    "music_playlist_queue_complete": "Afspilningslistens kø færdigspillet.",
    "music_playlist_saved": "Afspilningsliste gemt",
    "music_play_limit": "{0}s grænse",
    "music_queue": "Kø",
    "music_queued_song": "Sang sat i kø",
    "music_queue_cleared": "Musik køen blev tømt.",
    "music_queue_full": "Køen er fuld ved {0}/{0}",
    "music_removed_song": "Fjernede sang",
    "music_repeating_cur_song": "Gentager den nuværende sang",
    "music_repeating_playlist": "Gentager afspilningslisten",
    "music_repeating_track": "Gentager sangen",
    "music_repeating_track_stopped": "Nuværende sang gentagelse stoppet.",
    "music_resumed": "Musikafspilning fortsat.",
    "music_rpl_disabled": "Gentagelse af afspilningslisten slået fra.",
    "music_rpl_enabled": "Gentagelse af afspilningslisten slået til.",
    "music_set_music_channel": "Jeg vil nu sende afspillende, færdiggjorte, pausede og fjernede sange i denne kanal.",
    "music_skipped_to": "Sprang hen til `{0}:{1}`",
    "music_song_moved": "Sang flyttet",
    "music_time_format": "{0}t {1}m {2}s",
    "music_to_position": "Til position",
    "music_unlimited": "ubegrænset",
    "music_volume_input_invalid": "Lydstyrken skal være mellem 0 og 100",
    "music_volume_set": "Lydstyrke sat til {0}%",
    "permissions_acm_disable": "Slog brugen af ALLE MODULER fra i kanalen {0}.",
    "permissions_acm_enable": "Slog brugen af ALLE MODULER til i kanalen {0}.",
    "permissions_allowed": "Tilladt",
    "permissions_arm_disable": "Slog brugen af ALLE MODULER fra for rollen {0}",
    "permissions_arm_enable": "Slog brugen af ALLE MODULER til for rollen {0}",
    "permissions_asm_disable": "Slog brugen af ALLE MODULER fra på denne server",
    "permissions_asm_enable": "Slog brugen af ALLE MODULER til på denne server",
    "permissions_aum_disable": "Slog brugen af ALLE MODULER fra for brugeren {0}",
    "permissions_aum_enable": "Slog brugen af ALLE MODULER til for brugeren {0}",
    "permissions_blacklisted": "Sortlistede {0} med ID {1}",
    "permissions_cmdcd_add": "Kommandoen {0} har nu en {1}s afkølings periode.",
    "permissions_cmdcd_cleared": "Kommandoen {0} har nu ingen afkølings periode, og alle eksisterende afkølings perioder er blevet slettet.",
    "permissions_cmdcd_none": "Ingen afkølingsperioder for kommandoer er sat.",
    "permissions_command_costs": "Kommando pris",
    "permissions_cx_disable": "Slog brugen af {0} {1} fra i kanalen {2}",
    "permissions_cx_enable": "Slog brugen af {0} {1} til i kanalen {2}",
    "permissions_denied": "Afvist",
    "permissions_filter_word_add": "Tilføjede {0} til listen af filtrede ord.",
    "permissions_filter_word_list": "Liste af filtrerede ord",
    "permissions_filter_word_remove": "Fjernede {0} fra listen af filtrerede ord.",
    "permissions_invalid_second_param_between": "Ugyldtigt andet parameter. (Skal være et nummer mellem {0} og {1})",
    "permissions_invite_filter_channel_off": "Slog invitations filter fra i denne kanal.",
    "permissions_invite_filter_channel_on": "Invitationsfilter slået til i denne kanal.",
    "permissions_invite_filter_server_off": "Invitationsfilter slået fra i denne kanal.",
    "permissions_invite_filter_server_on": "Invitationsfilter slået til på denne server.",
    "permissions_moved_permission": "Flyttede tilladelse {0} fra #{1} til #{2}",
    "permissions_not_found": "Kan ikke finde tilladelse til indeks #{0}",
    "permissions_no_costs": "Ingen pris specificeret.",
    "permissions_of_command": "kommando",
    "permissions_of_module": "modul",
    "permissions_page": "Tilladelses side {0}",
    "permissions_permrole": "Den nuværende tilladelsesrolle er {0}",
    "permissions_permrole_changed": "Man skal nu have {0} rollen for at kunne ændre tilladelser.",
    "permissions_perm_out_of_range": "Ingen tilladelser fundet på dette indeks.",
    "permissions_removed": "Fjernede tilladelse #{0} - {1}",
    "permissions_rx_disable": "Slog brugen af {0} {1} fra for {2} rollen.",
    "permissions_rx_enable": "Slog brugen af {0} {1} til for {2} rollen.",
    "permissions_sec": "sek.",
    "permissions_sx_disable": "Slog brugen af {0} {1} fra på denne server.",
    "permissions_sx_enable": "Slog brugen af {0} {1} til på denne server.",
    "permissions_unblacklisted": "Unblacklistede {0} med ID {1}",
    "permissions_uneditable": "uredigerbart",
    "permissions_ux_disable": "Slog brugen af {0} {1} fra for {2}.",
    "permissions_ux_enable": "Slog brugen af {0} {1} til for {2}.",
    "permissions_verbose_false": "Jeg vil ikke længere sende tilladelsesadvarsler.",
    "permissions_verbose_true": "Jeg vil nu sende tilladelsesadvarsler.",
    "permissions_word_filter_channel_off": "Ord filter slået fra i denne kanal.",
    "permissions_word_filter_channel_on": "Ord filter slået til i denne kanal.",
    "permissions_word_filter_server_off": "Ord filter slået fra på denne server.",
    "permissions_word_filter_server_on": "Ord filter slået til på denne server.",
    "searches_abilities": "Evner",
    "searches_anime_no_fav": "Ingen yndlingsanime endnu",
    "searches_atl_ad_started": "Startede automatisk oversættelse af beskeder i denne kanal. Brugernes beskeder vil automatisk blive slettet.",
    "searches_atl_removed": "dit sprog til automatisk oversættelse er blevet fjernet.",
    "searches_atl_set": "Dit auto-oversæt sprog er blevet sat til {0}>{1}",
    "searches_atl_started": "Påbegyndte automatisk oversættelse af beskeder i denne kanal.",
    "searches_atl_stopped": "Stoppede automatisk oversættelse af beskeder i denne kanal.",
    "searches_bad_input_format": "Dårligt inputformat, eller noget gik galt.",
    "searches_card_not_found": "Kunne ikke finde det kort.",
    "searches_catfact": "fakta",
    "searches_chapters": "Kapitler",
    "searches_comic_number": "Tegneserie #",
    "searches_compet_loses": "Tabte konkurrencer",
    "searches_compet_played": "Konkurrencespil spillet.",
    "searches_compet_rank": "Konkurrencerangering",
    "searches_compet_wins": "Konkurrencespil Sejre",
    "searches_completed": "Færdiggjort",
    "searches_condition": "Betingelse",
    "searches_cost": "Pris",
    "searches_date": "Dato",
    "searches_define": "Definer:",
    "searches_dropped": "Tabt",
    "searches_episodes": "Episoder",
    "searches_error_occured": "Der skete en fejl.",
    "searches_example": "Eksempel",
    "searches_failed_finding_anime": "Kunne ikke finde den animu.",
    "searches_failed_finding_manga": "Kunne ikke finde den mango.",
    "searches_genres": "Genrer",
    "searches_hashtag_error": "Fejl i at finde en definition for det tag.",
    "searches_height_weight": "Højde/Vægt",
    "searches_height_weight_val": "{0}m/{1}kg",
    "searches_humidity": "Luftfugtighed",
    "searches_image_search_for": "Billedesøgning for:",
    "searches_imdb_fail": "Kunne ikke finde den film.",
    "searches_invalid_lang": "Ugyldtigt originalt eller ønsket sprog.",
    "searches_jokes_not_loaded": "Vittighederne kunne ikke indlæses.",
    "searches_latlong": "Bredde/Længde",
    "searches_level": "Level",
    "searches_list_of_place_tags": "Liste med {0}place tags",
    "searches_location": "Lokation",
    "searches_magicitems_not_loaded": "De magiske ting kunne ikke indlæses.",
    "searches_mal_profile": "{0}s MAL profil",
    "searches_mashape_api_missing": "Ejeren af botten specificerede ikke en MashapeApiKey. Du kan ikke bruge denne funktion.",
    "searches_min_max": "Min/Max",
    "searches_no_channel_found": "Ingen kanal kunne findes",
    "searches_no_results": "Ingen resultater kunne findes",
    "searches_on_hold": "På standby",
    "searches_original_url": "Original url",
    "searches_osu_api_key": "En osu! API-nøgle kræves.",
    "searches_osu_failed": "Fejl i at få fat i osu! signatur.",
    "searches_over_x": "Fandt over {0} billeder. Viser tilfældigt {0}",
    "searches_ow_user_not_found": "Bruger ikke fundet. Tjek regionen og BattleTagget og prøv igen",
    "searches_plan_to_watch": "Planlægger at se",
    "searches_platform": "Platform",
    "searches_pokemon_ability_none": "Ingen evne fundet.",
    "searches_pokemon_none": "Ingen pokemon fundet.",
    "searches_profile_link": "Profil link:",
    "searches_quality": "Kvalitet:",
    "searches_quick_playtime": "Hurtigspil spilletid",
    "searches_quick_wins": "Hurtigspil sejre",
    "searches_rating": "Bedømmelse",
    "searches_score": "Score:",
    "searches_search_for": "Søg efter:",
    "searches_shorten_fail": "Det mislykkedes at forkorte denne URL.",
    "searches_short_url": "Kort url",
    "searches_something_went_wrong": "Noget gik galt.",
    "searches_specify_search_params": "Specificer søge parametrene",
    "searches_status": "Status",
    "searches_store_url": "Gem url",
    "searches_streamer_offline": "Streameren {0} er offline.",
    "searches_streamer_online": "Streameren {0} er online med {1} seere.",
    "searches_streams_following": "Du følger {0} streams på denne server.",
    "searches_streams_none": "Du følger ikke nogen streams på denne server.",
    "searches_stream_no": "Streamet findes ikke.",
    "searches_stream_not_exist": "Streamet finds højest sansynligt ikke.",
    "searches_stream_removed": "Fjernede {0}s stream ({1}) fra notifikationerne.",
    "searches_stream_tracked": "Jeg vil notificere denne kanal når statussen ændres.",
    "searches_sunrise": "Solopgang",
    "searches_sunset": "Solnedgang",
    "searches_temperature": "Temperatur",
    "searches_title": "Titel:",
    "searches_top_3_fav_anime": "Top 3 favorit anime:",
    "searches_translation": "Oversættelse:",
    "searches_types": "Typer:",
    "searches_ud_error": "Kunne ikke finde en definition for det ord.",
    "searches_url": "URL",
    "searches_viewers": "Seere",
    "searches_watching": "Ser",
    "searches_wikia_error": "Kunne ikke finde det ord/sætning på den specificerede wikia side.",
    "searches_wikia_input_error": "Indtast et wikia, fulgt af et søgeord",
    "searches_wiki_page_not_found": "Siden blev ikke fundet",
    "searches_wind_speed": "Vind hastighed",
    "searches_x_most_banned_champs": "De {0} mest bannede champions",
    "searches_yodify_error": "Kunne ikke yodaficere din sætning.",
    "utiliity_joined": "Tilsluttede sig",
    "utility_activity_line": "`{0}.` {1} [{2:F2}/s] - {3} totalt",
    "utility_activity_page": "Aktivitetsside #{0}",
    "utility_activity_users_total": "{0} brugere i alt.",
    "utility_author": "Forfatter",
    "utility_botid": "Bot ID",
    "utility_calcops": "Funktioner i {0}calc kommandoen",
    "utility_channelid": "{0} i denne kanal er {1}",
    "utility_channel_topic": "Kanalens emne",
    "utility_commands_ran": "Kommandoer udført",
    "utility_convert": "{0} {1} er lig med {2} {3}",
    "utility_convertlist": "Enheder der kan bruges af omregneren",
    "utility_convert_not_found": "Kan ikke konvertere {0} til {1}: enhederne kunne ikke findes",
    "utility_convert_type_error": "Kan ikke konvertere {0} til {1}: Enhederne er ikke samme type",
    "utility_created_at": "Lavet den",
    "utility_custom_emojis": "Brugerdefinerede emojis",
    "utility_error": "Fejl",
    "utility_features": "Funktioner",
    "utility_id": "ID",
    "utility_index_out_of_range": "Indeks uden for rækkevidde.",
    "utility_inrole_list": "Brugere i {0} rollen",
    "utility_inrole_not_allowed": "Du må ikke bruge denne kommando på roller med mange brugere, for at forhindre misbrug.",
    "utility_invalid_value": "Ugyldig {0} værdi.",
    "utility_joined_discord": "Fik Discord",
    "utility_joined_server": "Tilsluttede sig serveren",
    "utility_listservers": "ID: {0}\nMedlemmer: {1}\nEjer ID: {2}",
    "utility_listservers_none": "Der kunne ikke findes nogle servere på den side.",
    "utility_list_of_repeaters": "Liste over gentagere.",
    "utility_members": "Medlemmer",
    "utility_memory": "Hukommelse",
    "utility_messages": "Beskeder",
    "utility_message_repeater": "Besked-gentager.",
    "utility_name": "Navn",
    "utility_nickname": "Kælenavn",
    "utility_nobody_playing_game": "Der er ingen der spiller dette spil.",
    "utility_no_active_repeaters": "Ingen aktive gentagere.",
    "utility_no_roles_on_page": "Ingen roller på denne side.",
    "utility_no_shards_on_page": "Ingen shards på denne side.",
    "utility_no_topic_set": "Intet emne specificeret.",
    "utility_owner": "Ejer",
    "utility_owner_ids": "Ejer ID'er",
    "utility_presence": "Tilstedeværelse",
    "utility_presence_txt": "{0} Servere\n{1} Tekstkanaler\n{2} Stemmekanaler",
    "utility_quotes_deleted": "Slettede alle citater med {0} søgeord.",
    "utility_quotes_page": "Side {0} af citater",
    "utility_quotes_page_none": "Ingen citater kunne findes på den side.",
    "utility_quotes_remove_none": "Der blev ikke fundet nogle citater du kan fjerne.",
    "utility_quote_added": "Citat tilføjet",
    "utility_quote_deleted": "Citat #{0} blev slettet.",
    "utility_region": "Region",
    "utility_registered_on": "Registreret den",
    "utility_remind": "Jeg vil minde {0} om at {1} om {2} `({3:d.M.yyyy.} klokken {4:HH:mm})`",
    "utility_remind_invalid_format": "Dette er ikke et gyldigt tidsformat. Tjek kommandolisten.",
    "utility_remind_template": "Ny påmindelsesskabelon tilføjet.",
    "utility_repeater": "Gentager {0} hver {1} dag(e), {2} time(r) og {3} minut(ter)",
    "utility_repeaters_list": "Gentagende beskeder",
    "utility_repeaters_none": "Ingen gentagende beskeder i gang på denne server.",
    "utility_repeater_stopped": "#{0} stoppet",
    "utility_repeat_invoke_none": "Ingen gentagende beskeder kunne findes på denne server.",
    "utility_result": "Resultat",
    "utility_roles": "Roller",
    "utility_roles_all_page": "Side #{0} over alle roller på serveren:",
    "utility_roles_page": "Side #{0} over roller for {1}",
    "utility_rrc_no_colors": "Ingen farver er i det rigtige format. Brug for eksempel `#00ff00`.",
    "utility_rrc_start": "Begyndte at rotere {0} rollens farve.",
    "utility_rrc_stop": "Stoppede med at rotere {0} rollens farve",
    "utility_serverid": "{0} af denne server er {1}",
    "utility_server_info": "Server information",
    "utility_shard": "Shard",
    "utility_shard_stats": "Shard statistikker",
    "utility_shard_stats_txt": "Shard **#{0}** er i {1} stadiet med {2} servere - for {3} siden.",
    "utility_showemojis": "**Navn:** {0} **Link:** {1}",
    "utility_showemojis_none": "Der blev ikke fundet nogle specielle emojis.",
    "utility_stats_songs": "Afspiller {0} sange, og {1} er i kø.",
    "utility_text_channels": "Tekstkanaler",
    "utility_togtub_room_link": "Dette er linket til dit rum:",
    "utility_uptime": "Oppetid",
    "utility_userid": "Brugeren {1}s {0} er {2}",
    "utility_users": "Brugere",
    "utility_voice_channels": "Stemmekanaler",
    "gambling_animal_race_already_in": "Du har allerede tilsluttet dig dette ræs!",
    "games_current_poll_results": "Nuværende undersøgelsesresultater",
    "games_no_votes_cast": "Der blev ikke afgivet nogle stemmer.",
    "games_poll_already_running": "Der er allerede en afstemning i gang på denne server.",
    "games_poll_created": "📃 {0} har startet en afstemning der kræver din opmærksomhed:",
    "games_poll_result": "`{0}.` {1} med {2} stemmer.",
    "games_poll_voted": "{0} stemte.",
    "games_poll_vote_private": "Send mig en DM med det tilsvarende tal som dit svar.",
    "games_poll_vote_public": "Send en besked her med det tilsvarende tal til dit svar.",
    "games_thanks_for_voting": "Tak, fordi du stemte, {0}",
    "games_x_votes_cast": "{0} stemmer afgivet i alt.",
    "games_pick_pl": "Saml dem op ved at skrive `{0}pick`",
    "games_pick_sn": "Saml den op ved at skrive `{0}pick`",
    "gambling_no_users_found": "Ingen bruger fundet.",
    "gambling_page": "side {0}",
    "administration_must_be_in_voice": "Du skal være i en stemmekanal på denne server.",
    "administration_no_vcroles": "Der er ikke nogle stemmekanalroller.",
    "administration_user_muted_time": "{0} er blevet stum i tekst og stemmekanaler i {1} minutter",
    "administration_vcrole_added": "Brugere der tilslutter sig stemmekanalen {0} vil få {1} rollen.",
    "administration_vcrole_removed": "Brugere der tilslutter sig stemmekanalen {0} vil ikke længere få en rolle.",
    "administration_vc_role_list": "Stemmekanal roller",
    "customreactions_crad_disabled": "Besked som udløser den brugerdefinerede reaktion med id {0} vill ikke blive automatisk slettet.",
    "customreactions_crad_enabled": "Besked som udløser den brugerdefinerede reaktion med id {0} vil blive automatisk slettet.",
    "customreactions_crdm_disabled": "Svarbesked til den brugerdefinerede reaktion med id {0} vil ikke blive sendt som en DM.",
    "customreactions_crdm_enabled": "Svarbesked til den brugerdefinerede reaktion med id {0} vil blive sendt som en DM.",
    "utility_aliases_none": "Intet alias fundet.",
    "utility_alias_added": "{0} vil nu være et alias af {1}",
    "utility_alias_list": "Alias liste",
    "utility_alias_removed": "Udløser {0} har ikke længere et alias.",
    "utility_alias_remove_fail": "Udløser {0} havde ikke et alias.",
    "searches_compet_playtime": "Kompetitiv spilletid",
    "administration_channel": "Kanal",
    "administration_command_text": "Kommandotekst",
    "administration_kicked_pl": "Smidt ud",
    "administration_moderator": "Moderator",
    "administration_page": "side {0}",
    "administration_reason": "Grund",
    "administration_scadd": "Ny Opstartskommando tilføjet.",
    "administration_scrm": "Opstartskommando fjernet.",
    "administration_scrm_fail": "Opstartskommando blev ikke fundet.",
    "administration_server": "Server",
    "administration_startcmdlist_none": "Ingen start-op kommandoer på denne side.",
    "administration_startcmds_cleared": "Fjernede alle opstartskommandoer",
    "administration_unbanned_user": "Brugeren {0} er ikke længere bandlyst",
    "administration_user_not_found": "Brugeren blev ikke fundet.",
    "administration_user_warned": "Brugeren {0} er blevet advaret.",
    "administration_user_warned_and_punished": "Brugeren {0} er blevet advaret og straffen {1} er blevet anvendt.",
    "administration_warned_on": "Advaret på serveren {0}",
    "administration_warned_on_by": "På {0} d. {1} af {2}",
    "administration_warnings_cleared": "Alle advarsler blev fjernet for {0}.",
    "administration_warnings_none": "Ingen advasler på denne side.",
    "administration_warnlog_for": "Advarselslog for {0}",
    "administration_warnpl_none": "Ingen straffe er blevet sat.",
    "administration_warn_cleared_by": "fjernet af {0}",
    "administration_warn_punish_list": "Advarsels strafliste",
    "administration_warn_punish_rem": "Har man {0} vil det ikke længere udløse en straf.",
    "administration_warn_punish_set": "Jeg vil anvende straffen {0} til brugere med {1} advarsler.",
    "administration_slowmodewl_role_start": "Slowmode vil nu ignorere rollen {0}.",
    "administration_slowmodewl_role_stop": "Slowmode vil ikke længere ignorere rollen {0}.",
    "administration_slowmodewl_user_start": "Slowmode vil nu ignorere brugeren {0}.",
    "administration_slowmodewl_user_stop": "Slowmode vil ikke længere ignorere brugeren {0}.",
    "utility_clpa_fail": "Belønningen fejlede grundet en af følgende grunde:",
    "utility_clpa_fail_already": "Måske har du allerede fået din belønning for den her måned. Du kan kun få belønninger en gang om måneden med mindre at du øger din støtte.",
    "utility_clpa_fail_already_title": "Belønningen er allerede givet",
    "utility_clpa_fail_conn": "Din discord-profil er muligvis ikke forbundet til Patreon. Hvis du ikke ved hvad dette betyder, eller ikke ved hvordan man forbinder den - så skal du gå til [Patreon account settings page] (https://patreon.com/settings/account) og klikke 'Connect to discord' knappen.",
    "utility_clpa_fail_conn_title": "Discord kontoen er ikke forbundet",
    "utility_clpa_fail_sup": "For at kunne få denne belønning skal du støtte projektet på patreon. Du kan bruge {0} kommandoen for at få et link.",
    "utility_clpa_fail_sup_title": "Ikke understøttende",
    "utility_clpa_fail_wait": "Du skal vente et par timer efter at du har støttet, hvis du ikke har så prøv igen senere. ",
    "utility_clpa_fail_wait_title": "Vent og prøv igen",
    "utility_clpa_success": "Du har fået {0} Tak for at støtte projektet!",
    "utility_clpa_too_early": "Belønningen kan fås den 5. eller efter i hver måned.",
    "searches_time": "Klokken i {0} er {1} - {2}",
    "administration_rh": "Satte fremvisningen af laugsrolle {0} til {1}.",
    "gambling_name": "Navn",
    "gambling_shop": "Butik",
    "gambling_shop_item_add": "Butiksgenstand tilføjet",
    "gambling_shop_none": "Ingen genstande fundet på denne side.",
    "gambling_shop_role": "Du får {0} rollen.",
    "gambling_type": "Type.",
    "utility_clpa_next_update": "Næste opdatering om {0}",
    "administration_gvc_disabled": "Spil Stemmekanal egenskab er deaktiveret på denne server.",
    "administration_gvc_enabled": "{0} er en Spil Stemmekanal nu.",
    "administration_not_in_voice": "Du er ikke i en stemmekanal på denne server.",
    "gambling_item": "Genstand",
    "gambling_out_of_stock": "Udsolgt",
    "gambling_random_unique_item": "Tilfældig enestående vare\n",
    "gambling_shop_buy_error": "Fejl ved DM af artikel. Du er blevet tilbagebetalt.",
    "gambling_shop_item_not_found": "Det blev ikke fundet nogen vare på dette indeks.",
    "gambling_shop_item_purchase": "Køb af varen var vellykket",
    "gambling_shop_item_rm": "Butiks vare fjernet\n",
    "gambling_shop_item_wrong_type": "Denne butikspost understøtter ikke varetilføjelse.",
    "gambling_shop_list_item_added": "Vare vellykket tilføjet ",
    "gambling_shop_list_item_not_unique": "Denne vare er allerede tilføjet.",
    "gambling_shop_purchase": "Købt på {0} server",
    "gambling_shop_role_not_found": "Rollen der bliver solgt eksisterer ikke længere.",
    "gambling_shop_role_purchase": "Du har købt {0} rollen.",
    "gambling_shop_role_purchase_error": "Kunne ikke give dig din rolle. Dit køb er blevet refunderet.",
    "gambling_unique_items_left": "{0} unikke ting tilbage.",
    "permissions_blocked_commands": "Blokerede kommandoer",
    "permissions_blocked_modules": "Blokerede moduler",
    "permissions_gcmd_add": "Kommandoen {0} er blevet slået fra på alle servere.",
    "permissions_gcmd_remove": "Kommandoen {0} er blevet slået til på alle servere.",
    "permissions_gmod_add": "Modulet {0} er blevet slået fra på alle servere.",
    "permissions_gmod_remove": "Modulet {0} er blevet slået til på alle servere.",
    "permissions_lgp_none": "Ingen blokerede kommandoer eller moduler.",
    "gambling_animal_race_no_race": "Dette dyre ræs er fuldt.",
    "utility_cant_read_or_send": "Du kan hverken læse eller sende beskeder til den kanal.",
    "utility_quotes_notfound": "Ingen citater med det tilsvarende citat ID kunne findes.",
    "administration_prefix_current": "Præfiks på denne server er {0}",
    "administration_prefix_new": "Ændrede præfiks på denne server fra {0} til {1}",
    "administration_defprefix_current": "Standard bot præfiks er {0}",
    "administration_defprefix_new": "Ændrede Standard bot præfiks fra {0} til {1}",
    "administration_bot_nick": "Bots kaldenavn er ændret til {0}",
    "administration_user_nick": "Kaldenavn på brugeren {0} ændres til {1}",
    "administration_timezone_guild": "Tidszonen for dette laug er `{1}`",
    "administration_timezone_not_found": "Tidszone ikke fundet. Brug \"tidszoner\" kommando for at se listen over tilgængelige tidszoner.",
    "administration_timezones_available": "Tilgængelige Tidszoner",
    "music_song_not_found": "Ingen sang fundet.",
    "searches_define_unknown": "Definitionen for dette udtryk kunne ikke findes.",
    "utility_repeater_initial": "Den oprindelige gentagende besked vil blive sent om {0}h og {1}min.",
    "utility_verbose_errors_enabled": "Kommandoer som ikke er brugt korrekt vil vise fejl.",
    "utility_verbose_errors_disabled": "Kommandoer som ikke er brugt korrekt vil ikke længere vise fejl.",
    "permissions_perms_reset": "Tilladelser for denne server er blevet nulstillet.",
    "permissions_trigger": "Adgangs nummer #{0} {1} forhindre denne handling.",
    "administration_migration_error": "Fejl ved udvandring, check bots konsol for mere information.",
    "searches_hex_invalid": "Ugyldig farve specificeret.",
    "permissions_global_perms_reset": "Globale tilladelser er blevet nulstillet.",
    "help_module": "Modul: {0}",
    "games_hangman_stopped": "Hangman spil afsluttet.",
    "music_autoplaying": "spilles automatisk.",
    "music_queue_stopped": "Musikspilleren stoppede. Brug {0} kommandoen for at starte igen.",
    "music_removed_song_error": "Sang på det register findes ikke",
    "music_shuffling_playlist": "Blander sange",
    "music_songs_shuffle_enable": "Sange vil blandes fra nu af.",
    "music_songs_shuffle_disable": "Sange vil ikke længere blandes.",
    "music_song_skips_after": "Sangene vil springes over efter {0}",
    "administration_warnings_list": "Liste over advarede brugere på denne server",
    "customreactions_redacted_too_long": "Redigeret fordi det er for langt.",
    "nsfw_blacklisted_tag_list": "Liste over sortlistede tags:",
    "nsfw_blacklisted_tag": "Et eller flere af de tags du har brugt er sortlistet.",
    "nsfw_blacklisted_tag_add": "Nsfw tag {0} er nu sortlistet.",
    "nsfw_blacklisted_tag_remove": "Nsfw tag {0} er ikke længere sortlistet.",
    "gambling_waifu_gift": "Gav {0} til {1}",
    "gambling_waifu_gift_shop": "Waifu gavebutik",
    "gambling_gifts": "Gaver",
    "games_connect4_created": "Oprettede et Connect4 spil. Venter på at en deltager.",
    "games_connect4_player_to_move": "Spiller som skal trække: {0}",
    "games_connect4_failed_to_start": "Connect4 spillet kunne ikke startes fordi ingen deltog.",
    "games_connect4_draw": "Connect4 spillet sluttede uafgjort.",
    "games_connect4_won": "{0} vandt over {1} i Connect4.",
    "games_nunchi_joined": "deltager i nunchi spil. {0} spillere ind til videre.",
    "games_nunchi_ended": "Nunchi spil afsluttet. {0} vandt.",
    "games_nunchi_ended_no_winner": "Nunchi spil afsluttet med ingen vinder.",
    "games_nunchi_started": "Nunchi spil startet med {0} deltagere.",
    "games_nunchi_round_ended": "Nunchi runde afsluttet. {0} er ude af spillet.",
    "games_nunchi_round_ended_boot": "Nunchi runde afsluttet pga. timeout hos nogle brugere. Disse brugere er stadig i spillet: {0}",
    "games_nunchi_round_started": "Nunchi runde started med {0} brugere. Begynd at tælle fra tallet {1}.",
    "games_nunchi_next_number": "Nummer registreret. Sidste nummer var {0}.",
    "games_nunchi_failed_to_start": "Nunchi kunne ikke startes fordi der ikke var nok deltagere.",
    "games_nunchi_created": "Nunchi spil oprettet. Venter på brugere der vil deltage.",
    "music_sad_enabled": "Sange vil blive slettet fra musikkøen når de er færdige med at spille.",
    "music_sad_disabled": "Sange vil ikke længere blive slettet fra musikkøen når de er færdige med at spille.",
    "utility_stream_role_enabled": "Når en bruger fra {0} rolle begynder at streame, vil jeg give dem {1} rolle.",
    "utility_stream_role_disabled": "Stream-rolle funktion er blevet deaktiveret.",
    "utility_stream_role_kw_set": "Streamere skal nu bruge {0} nøgleord for at modtage rollen.",
    "utility_stream_role_kw_reset": "Stream-rolle nøgleord nulstillet.",
    "utility_stream_role_bl_add": "Bruger {0} vil aldrig modtage stream-rollen.",
    "utility_stream_role_bl_add_fail": "Bruger {0} er allerede sortlistet.",
    "utility_stream_role_bl_rem": "Bruger {0} er ikke længere sortlistet.",
    "utility_stream_role_bl_rem_fail": "Bruger {0} er ikke sortlistet.",
    "utility_stream_role_wl_add": "Bruger {0} vil modtage stream-rollen selvom de ikke har nøgleordet i streamnavnet.",
    "utility_stream_role_wl_add_fail": "Bruger {0} er allerede positivlistet.",
    "utility_stream_role_wl_rem": "Bruger {0} er ikke længere positivlistet.",
    "utility_stream_role_wl_rem_fail": "Bruger {0} er ikke positivlistet.",
    "utility_bot_config_edit_fail": "Kunne ikke sætte {0} til værdien {1}",
    "utility_bot_config_edit_success": "Værdien af {0} er sat til {1}",
    "customreactions_crca_disabled": "Brugerdefineret reaktion med id {0} vil ikke længere udløses med mindre dens udløsningsord står i begyndelsen af sætningen.",
    "customreactions_crca_enabled": "Brugerdefineret reaktion med id {0} vil nu udløses hvis det er hvor som helst i sætningen.",
    "xp_server_level": "Serverniveau",
    "xp_level": "Niveau",
    "xp_club": "Klub",
    "xp_xp": "Erfaring",
    "xp_excluded": "{0} er blevet ekskluderet fra XP-systemet på denne server.",
    "xp_not_excluded": "{0} bliver ikke længere ekskluderet fra XP-systemet på denne server.",
    "xp_exclusion_list": "Eksklusionsliste",
    "xp_server_is_excluded": "Denne server er ekskluderet.",
    "xp_server_is_not_excluded": "Denne server er ikke ekskluderet.",
    "xp_excluded_roles": "Ekskluderede Roller",
    "xp_excluded_channels": "Ekskluderede Kanaler",
    "xp_level_up_channel": "Tillykke, {0}, du har opnået niveau {1}!",
    "xp_level_up_dm": "Tillykke {0}, du har opnået niveau {1} på serveren {2}!",
    "xp_level_up_global": "Tillykke {0}, Du er opnået global level {1}!",
    "xp_role_reward_cleared": "Level {0} vil ikke længere belønnes en rolle",
    "xp_role_reward_added": "Brugere som opnår level {0} får {1} rolle.",
    "xp_level_x": "Level {0}",
    "xp_server_leaderboard": "Server XP Scoretavle",
    "xp_global_leaderboard": "Globalt XP Scoretavle",
    "xp_modified": "Modificeret server XP af brugeren {0} ved {1}",
    "xp_club_create_error": "Oprettelse af klubben fejlede. Sikre dig at du er over level 5 og ikke medlem af en klub i forvejen.",
    "xp_club_created": "Klub {0} oprettet succesfuldt!",
    "xp_club_not_exists": "Klubben findes ikke.",
    "xp_club_applied": "Du har henvendt dig for medlemskabs i {0} klub.",
    "xp_club_apply_error": "Fejl ved applikation. Du er allerede medlem at denne klub eller har du ikke level specifikationen. Det kan også være at du er blevet bandlyst fra klubben.",
    "xp_club_accepted": "Accepteret bruger {0} til klubben.",
    "xp_club_accept_error": "Bruger blev ikke fundet",
    "xp_club_left": "Du har forladt klubben.",
    "xp_club_not_in_club": "Du er ikke medlem af en klub, eller prøver du på at forlade den klub du er ejer af.",
    "xp_club_user_kick": "Bruger {0} smidt ud fra {1} klub.",
    "xp_club_user_kick_fail": "Fejl ved udsmidelse. Du er ikke klub ejer eller kan det være at brugeren ikke er i din klub.",
    "xp_club_user_banned": "Bandlyst bruger {0} fra {1} klub.",
    "xp_club_user_ban_fail": "Bandlysning fejlede. Du er ikke ejer af klubben, eller er brugeren ikke i klubben eller henvendt sig til den.",
    "xp_club_user_unbanned": "Fjernelse af bandlysning bruger {0} i {1} klub.",
    "xp_club_user_unban_fail": "Bandlysning fejlede. Du er ikke ejer af klubben, eller er brugeren ikke i klubben eller henvendt sig til den.",
    "xp_club_level_req_changed": "Klubbens minimums krab blev ændret til {0}",
    "xp_club_level_req_change_error": "Fejl ved ændring af level krav.",
    "xp_club_disbanded": "Klub {0} er blevet forladt",
    "xp_club_disband_error": "Fejl. Du er ikke medlem af en klub, eller er du ikke ejer af din egen klub.",
    "xp_club_icon_error": "Billede url er ikke gyldigt eller kan det være at du ikke ejer af klubben.",
    "xp_club_icon_set": "Nyt klubikon sat.",
    "xp_club_bans_for": "Bandlysninger for {0} klub",
    "xp_club_apps_for": "Applikationer for {0} club",
    "xp_club_leaderboard": "Klubbens scoretavle",
    "customreactions_edited_cust_react": "",
    "administration_self_assign_are_exclusive": "",
    "administration_self_assign_are_not_exclusive": "",
    "administration_self_assign_group": "",
    "gambling_reaction_desc": "",
    "gambling_reaction_footer": "",
    "gambling_reaction_title": "",
    "administration_no_shards_on_page": "",
    "administration_shard_stats": "",
    "administration_shard_stats_txt": "",
    "games_poll_closed": "",
    "xp_club_not_exists_owner": "",
    "xp_club_admin_add": "",
    "xp_club_admin_remove": "",
    "xp_club_admin_error": "",
    "nsfw_started": "",
    "nsfw_stopped": "",
    "searches_feed_added": "",
    "searches_feed_not_valid": "",
    "searches_feed_out_of_range": "",
    "searches_feed_removed": "",
    "searches_feed_no_feed": "",
    "administration_restart_fail": "",
    "administration_restarting": "",
    "customreactions_edit_fail": "",
    "searches_streaming": "",
    "searches_followers": "",
    "gambling_rafflecur": "",
    "gambling_rafflecur_joined": "",
    "gambling_rafflecur_already_joined": "",
    "gambling_rafflecur_ended": "",
    "music_autodc_enable": "",
    "music_autodc_disable": "",
    "gambling_timely_none": "",
    "gambling_timely_already_claimed": "",
    "gambling_timely": "",
    "gambling_timely_set": "",
    "gambling_timely_set_none": "",
    "gambling_timely_reset": "",
    "gambling_waifu_transfer_fail": "",
    "gambling_waifu_transfer_success": "",
    "searches_authors": "",
    "administration_sql_confirm_exec": "",
    "searches_price": "",
    "searches_market_cap": "",
    "searches_volume_24h": "",
    "searches_change_7d_24h": "",
    "searches_crypto_not_found": "",
    "searches_did_you_mean": "",
    "administration_self_assign_level_req": "",
    "administration_self_assign_not_level": "",
    "administration_invalid": "",
    "administration_mass_kill_in_progress": "",
    "administration_mass_kill_completed": "",
    "xp_cur_reward_cleared": "",
    "xp_cur_reward_added": "",
    "xp_level_up_rewards": "",
    "xp_role_reward": "",
    "xp_no_level_up_rewards": "",
    "searches_failed_finding_novel": "",
    "administraton_remove_roles": "",
    "administration_delmsg_channel_off": "",
    "administration_delmsg_channel_on": "",
    "administration_delmsg_channel_inherit": "",
    "administration_server_delmsgoncmd": "",
    "administration_channel_delmsgoncmd": "",
    "help_options": "",
    "gambling_waifu_reset": "",
    "gambling_waifu_reset_fail": "",
    "gambling_waifu_reset_confirm": "",
    "gambling_cost": "",
    "music_unset_music_channel": "",
    "searches_city_not_found": "",
    "administration_joined_discord": "",
    "administration_joined_server": "",
    "administration_bot_config_reloaded": "",
    "xp_club_transfered": "",
    "xp_club_transfer_failed": "",
    "gambling_roll_duel_challenge": "",
    "gambling_roll_duel": "",
    "gambling_roll_duel_no_funds": "",
    "gambling_roll_duel_timeout": "",
    "gambling_roll_duel_already_challenged": "",
    "gambling_won": "",
    "gambling_transactions": "",
    "gambling_rps_draw": "",
    "gambling_rps_win": "",
    "utility_roleid": "",
    "administration_warning_clear_fail": "",
    "administration_warning_cleared": "",
    "xp_club_desc_updated": "",
    "xp_club_desc_update_failed": "",
    "searches_account_not_found": "",
    "searches_ninja_not_found": "",
    "searches_leagues_not_found": "",
    "searches_pog_not_found": "",
    "administration_reaction_roles_message": "",
    "administration_no_reaction_roles": "",
    "administration_reaction_role_removed": "",
    "administration_reaction_roles_full": "",
    "utility_reminder_list": "",
    "utility_reminder_deleted": "",
    "utility_reminder_not_exist": "",
    "utility_reminders_none": "",
    "gambling_bj_created": "",
    "gambling_bj_joined": "",
    "xp_reset": "",
    "xp_reset_server_confirm": "",
    "xp_reset_user_confirm": "",
    "xp_reset_user": "",
    "xp_reset_server": "",
    "searches_distance": "",
    "gambling_bot_list_awarded": ""
}