{
    "customreactions_all_stats_cleared": "Wszystkie statystyki niestandardowych reakcji zostały wyczyszczone.",
    "customreactions_deleted": "Niestandardowe reakcje zostały usunięte",
    "customreactions_insuff_perms": "Brak wystarczających uprawnień. Wymagane są uprawnienia właściciela dla globalnych niestandardowych reakcji lub uprawnienia administratora dla serwerowych niestandardowych reakcji.",
    "customreactions_list_all": "Lista wszystkich niestandardowych reakcji",
    "customreactions_name": "Niestandardowe reakcje",
    "customreactions_new_cust_react": "Nowe niestandardowe reakcje",
    "customreactions_no_found": "Nie znaleziono żadnych niestandardowych reakcji",
    "customreactions_no_found_id": "Nie znaleziono żadnej niestandardowej reakcji o tym ID",
    "customreactions_response": "Odpowiedź",
    "customreactions_stats": "Statystyki niestandardowych reakcji",
    "customreactions_stats_cleared": "Statystyki zostały wyczyszczone dla {0} niestandardowych reakcji.",
    "customreactions_stats_not_found": "Nie znaleziono statystyk dla tej reakcji, nie podjęto żadnego działania.",
    "customreactions_trigger": "Słowo kluczowe",
    "nsfw_autohentai_stopped": "Zatrzymano autohentai.",
    "nsfw_not_found": "Brak rezultatów.",
    "pokemon_already_fainted": "{0} już zemdlał.",
    "pokemon_already_full": "{0} ma już pełne HP.",
    "pokemon_already_that_type": "Twoim typem jest już {0}",
    "pokemon_attack": "zaatakował {2}{3} ruchem {0}{1} zadając {4} obrażeń.",
    "pokemon_cant_attack_again": "Nie możesz zaatakować bez odwetu!",
    "pokemon_cant_attack_yourself": "Nie możesz zaatakować sam siebie.",
    "pokemon_fainted": "{0} zemdlał!",
    "pokemon_healed": "wyleczył {0} zużywając jednego {1}",
    "pokemon_hp_remaining": "{0} ma teraz {1} HP.",
    "pokemon_invalid_move": "Nie możesz użyć {0}. Napisz `{1}ml` by zobaczyć listę wszystkich ruchów które możesz użyć.",
    "pokemon_moves": "Lista ruchów dla typu {0}",
    "pokemon_not_effective": "To nie jest skuteczne.",
    "pokemon_no_currency": "Nie masz wystarczająco {0}",
    "pokemon_revive_other": "uleczył {0} zużywając jednego {1}",
    "pokemon_revive_yourself": "Uleczyłeś się zużywając jednego {0}",
    "pokemon_settype_success": "Twój typ został zmieniony na {0} na jednego {1}",
    "pokemon_somewhat_effective": "Ten atak jest trochę efektywny.",
    "pokemon_super_effective": "Ten atak jest superefektywny!",
    "pokemon_too_many_moves": "Zaatakowałeś zbyt dużo razy pod rząd, więc nie możesz więcej atakować!",
    "pokemon_type_of_user": "{0} ma typ {1}",
    "pokemon_user_not_found": "Nie znaleziono użytkownika.",
    "pokemon_you_fainted": "Zemdlałeś, więc nie jesteś w stanie atakować!",
    "administration_aar_disabled": "**Automatyczne przydzielanie ról** dla nowych użytkowników jest teraz **wyłączone**.",
    "administration_aar_enabled": "**Automatycznie przydzielanie ról** dla nowych użytkowników jest teraz **włączone**.",
    "administration_attachments": "Załączniki",
    "administration_avatar_changed": "Awatar został zmieniony",
    "administration_bandm": "Zostałeś zbanowany z serwera {0}.\nPowód: {1}",
    "administration_banned_pl": "zbanowany",
    "administration_banned_user": "Użytkownik został zbanowany",
    "administration_bot_name": "Nazwa bota została zmieniona na: {0}",
    "administration_bot_status": "Status bota został zmieniony na: {0}",
    "administration_byedel_off": "Automatyczne usuwanie wiadomości pożegnalnych zostało wyłączone.",
    "administration_byedel_on": "Wiadomości pożegnalne będą usuwane po {0} sekundach.",
    "administration_byemsg_cur": "Obecna wiadomość pożegnalna: {0}",
    "administration_byemsg_enable": "Włącz wiadomości pożegnalne wpisując {0}",
    "administration_byemsg_new": "Nowa wiadomość pożegnalna ustawiona.",
    "administration_bye_off": "Powiadomienia pożegnalne wyłączone.",
    "administration_bye_on": "Powiadomienia pożegnalne są włączone na tym kanale.",
    "administration_ch_name_change": "Nazwa kanału została zmieniona.",
    "administration_ch_old_name": "Stara nazwa",
    "administration_ch_topic_change": "Temat kanału zmieniony",
    "administration_cleaned_up": "Wyczyszczono.",
    "administration_content": "Zawartość",
    "administration_cr": "Stworzono rolę {0}",
    "administration_createtextchan": "Kanał tekstowy {0} został stworzony.",
    "administration_createvoich": "Kanał głosowy {0} został stworzony.",
    "administration_deafen": "Wyciszono pomyślnie.",
    "administration_deleted_server": "Usunięto serwer {0}",
    "administration_delmsg_off": "Automatyczne usuwanie potwierdzeń o udanych użyciach komend zostało wyłączone.",
    "administration_delmsg_on": "Automatyczne usuwanie potwierdzeń o udanych użyciach komend zostało włączone.",
    "administration_deltextchan": "Kanał tekstowy {0} został usunięty.",
    "administration_delvoich": "Kanał głosowy {0} został usunięty.",
    "administration_dm_from": "Prywatna wiadomość od",
    "administration_donadd": "Z powodzeniem dodano nowego darczyńcę. Łączna darowizna przekazana przez tego użytkownika wynosi: {0} 👑",
    "administration_donators": "Dziękuję ludziom wypisanym na dole za pomoc w realizacji tego projektu!",
    "administration_fwall_start": "Wyślę prywatne wiadomości do wszystkich właścicieli.",
    "administration_fwall_stop": "Wyślę prywatną wiadomość tylko do pierwszego właściciela.",
    "administration_fwdm_start": "Od teraz będę wysyłać prywatne wiadomości.",
    "administration_fwdm_stop": "Od teraz nie będę wysyłać prywatnych wiadomości.",
    "administration_greetdel_off": "Automatyczne usuwanie wiadomości powitalnych zostało wyłączone.",
    "administration_greetdel_on": "Wiadomości powitalne będą usuwane po {0} sekundach.",
    "administration_greetdmmsg_cur": "Aktualna prywatna wiadomość powitalna: {0}",
    "administration_greetdmmsg_enable": "Aby włączyć prywatną wiadomość powitalną, wpisz {0}",
    "administration_greetdmmsg_new": "Nowa prywatna wiadomość powitalna została ustawiona.",
    "administration_greetdm_off": "Prywatne wiadomości powitalne zostały wyłączone.",
    "administration_greetdm_on": "Prywatne wiadomości powitalne zostały włączone.",
    "administration_greetmsg_cur": "Aktualna wiadomość powitalna: {0}",
    "administration_greetmsg_enable": "Włącz wiadomości powitalne wpisując {0}",
    "administration_greetmsg_new": "Nowa wiadomość powitalna ustawiona.",
    "administration_greet_off": "Ogłoszenie powitalne wyłączone.",
    "administration_greet_on": "Ogłoszenie powitalne włączone na tym kanale.",
    "administration_hierarchy": "Nie możesz użyć tej komendy na użytkowniku z rolą wyższą lub równą twojej.",
    "administration_images_loaded": "Obrazki załadowane po {0} sekundach.",
    "administration_invalid_format": "Niepoprawny format wejściowy.",
    "administration_invalid_params": "Niepoprawne parametry.",
    "administration_joined": "{0} dołączył do {1}",
    "administration_kickdm": "Zostałeś wyrzucony z serwera {0}.\nPowód: {1}",
    "administration_kicked_user": "Użytkownik wyrzucony",
    "administration_lang_list": "Lista języków",
    "administration_lang_set": "Język twojego serwera to teraz {0} - {1}",
    "administration_lang_set_bot": "Domyślny język bota to teraz {0} - {1}",
    "administration_lang_set_bot_show": "Język bota jest ustawiony na {0} - {1}",
    "administration_lang_set_fail": "Błąd ustawiania języka. Sprawdź pomoc dotyczącą tej komendy.",
    "administration_lang_set_show": "Język serwera jest ustawiony na {0} - {1}",
    "administration_left": "{0} opuścił {1}",
    "administration_left_server": "Opuszczono serwer {0}",
    "administration_log": "Logging wydarzenia {0} na tym kanale.",
    "administration_log_all": "Logging wszystkich wydarzeń na tym kanale.",
    "administration_log_disabled": "Logging wyłączony.",
    "administration_log_events": "Wydarzenia o których możesz być powiadamiany:",
    "administration_log_ignore": "Logging będzie ignorował {0}",
    "administration_log_not_ignore": "Logging nie będzie ignorował {0}",
    "administration_log_stop": "Logging wydarzenia {0} został zatrzymany.",
    "administration_menrole": "{0} otagował następujące role",
    "administration_message_from_bo": "Wiadomość od {0} `[Właściciel bota]`:",
    "administration_message_sent": "Wiadomość została wysłana.",
    "administration_moved": "{0} przeniesiono z {1} do {2}",
    "administration_msg_del": "Wiadomość usunięta w #{0}",
    "administration_msg_update": "Wiadomość zaktualizowana w #{0}",
    "administration_muted_pl": "Wyciszeni",
    "administration_muted_sn": "Wyciszony",
    "administration_mute_error": "Najprawdopodobniej nie mam do tego wymaganych uprawnień.",
    "administration_mute_role_set": "Nowa wyciszająca rola ustawiona.",
    "administration_need_admin": "Potrzebuję uprawnień **administratora** żeby to zrobić.",
    "administration_new_msg": "Nowa wiadomość",
    "administration_new_nick": "Nowy pseudonim",
    "administration_new_topic": "Nowy temat",
    "administration_nick_change": "Pseudonim zmieniony",
    "administration_no_server": "Nie mogę znaleść tego serwera",
    "administration_no_shard_id": "Żaden shard z tym ID nie został znaleziony.",
    "administration_old_msg": "Stara wiadomość",
    "administration_old_nick": "Stary pseudonim",
    "administration_old_topic": "Stary temat",
    "administration_perms": "Wystąpił błąd. Najprawdopodobniej nie mam wystarczających uprawnień.",
    "administration_prot_active": "Aktywne zabezpieczenia",
    "administration_prot_disable": "{0} został **wyłączony** na tym serwerze.",
    "administration_prot_enable": "{0} włączony",
    "administration_prot_error": "Wystąpił błąd. Potrzebuję uprawnień do zarządzania rolami",
    "administration_prot_none": "Żadne zabezpieczenie nie jest aktywne.",
    "administration_raid_cnt": "Liczba użytkowników musi być w zakresie od {0} do {1}.",
    "administration_raid_stats": "Jeśli {0} lub więcej użytkowników dołączy w ciągu {1} sekund, {2} ich.",
    "administration_raid_time": "Czas musi być pomiędzy {0} a {1} sekundą.",
    "administration_rar": "Z powodzeniem usunięto wszystkie role użytkownika {0}",
    "administration_rar_err": "Nie udało się usunąć ról. Nie mam wystarczających uprawnień.",
    "administration_rc": "Kolor roli {0} został zmieniony.",
    "administration_rc_not_exist": "Ta rola nie istnieje.",
    "administration_rc_params": "Wyszczególnione parametry są błędne",
    "administration_rc_perms": "Wystąpił błąd w związku z błędnym kolorem albo niewystarczającymi uprawnieniami.",
    "administration_remrole": "Z powodzeniem usunięto rolę {0} użytkownikowi {1}",
    "administration_remrole_err": "Wystąpił błąd przy usunięciu roli. Nie mam wystarczających uprawnień.",
    "administration_renrole": "Nazwa roli została zmieniona.",
    "administration_renrole_err": "Nie udało się zmienić nazwy roli. Nie mam wystarczających uprawnień.",
    "administration_renrole_perms": "Nie możesz edytować ról wyższych od twojej.",
    "administration_reprm": "Usunięto odtwarzaną wiadomość: {0}",
    "administration_role_added": "Rola {0} została dodana do listy.",
    "administration_role_clean": "Nie znaleziono {0}. Wyczyszczono.",
    "administration_role_in_list": "Rola {0} jest już na liście.",
    "administration_ropl_added": "Dodano.",
    "administration_ropl_disabled": "Rotowanie statusów zostało wyłączone.",
    "administration_ropl_enabled": "Rotowanie statusów zostało włączone.",
    "administration_ropl_list": "Oto lista rotujących statusów:\n{0}",
    "administration_ropl_not_set": "Nie ustawiono rotujących statusów.",
    "administration_self_assign_already": "Masz już rolę {0}.",
    "administration_self_assign_already_excl": "Możesz mieć tylko jedną rolę przypisywaną samodzielnie naraz, teraz masz {0}.",
    "administration_self_assign_excl": "Można teraz mieć tylko jedną rolę przypisywaną samodzielnie!",
    "administration_self_assign_list": "Istnieje {0} ról, które możesz sam sobie nadać.",
    "administration_self_assign_not": "Tej roli nie możesz nadać sobie sam.",
    "administration_self_assign_not_have": "Nie posiadasz roli {0}.",
    "administration_self_assign_no_excl": "Można teraz mieć więcej niż jedną rolę przypisywaną samodzielnie!",
    "administration_self_assign_perms": "Nie jestem w stanie nadać ci tej roli. `Nie mogę nadawać ról właścicielom oraz osobom wyższych w hierarchii niż ja.`",
    "administration_self_assign_rem": "Rola {0} została usunięta z listy ról, które użytkownik może sobie nadać sam.",
    "administration_self_assign_remove": "Nie masz już roli {0}.",
    "administration_self_assign_success": "Masz teraz rolę {0}.",
    "administration_setrole": "Z powodzeniem nadano rolę {0} użytkownikowi {1}",
    "administration_setrole_err": "Nadanie roli nie powiodło się. Nie mam wystarczających uprawnień.",
    "administration_set_avatar": "Nowy awatar został ustawiony!",
    "administration_set_channel_name": "Nowa nazwa kanału została ustawiona!",
    "administration_set_game": "Nowa gra ustawiona!",
    "administration_set_stream": "Nowy stream ustawiony!",
    "administration_set_topic": "Nowy temat kanału ustawiony.",
    "administration_shard_reconnected": "Shard {0} połączył się ponownie.",
    "administration_shard_reconnecting": "Shard {0} łączy się ponownie.",
    "administration_shutting_down": "Wyłączanie.",
    "administration_slowmode_desc": "Użytkownicy nie mogą wysyłać więcej niż {0} wiadomości na {1} sekund.",
    "administration_slowmode_disabled": "Slow mode wyłączony.",
    "administration_slowmode_init": "Slow mode włączony",
    "administration_soft_banned_pl": "tymczasowo zablokowani",
    "administration_spam_ignore": "{0} będzie ignorował ten kanał.",
    "administration_spam_not_ignore": "{0} nie będzie więcej ignorował tego kanału.",
    "administration_spam_stats": "Jeśli użytkownik napisze {0} takich samych wiadomości pod rząd, {1} go.\n __Ignorowane Kanały__: {2}",
    "administration_text_chan_created": "Kanał tekstowy został stworzony.",
    "administration_text_chan_destroyed": "Kanał tekstowy został usunięty.",
    "administration_undeafen": "Wyciszenie wyłączone",
    "administration_unmuted_sn": "Wyciszenie wyłączone",
    "administration_username": "Nazwa użytkownika",
    "administration_username_changed": "Nazwa użytkownika została zmieniona",
    "administration_users": "Użytkownicy",
    "administration_user_banned": "Użytkownik zbanowany",
    "administration_user_chat_mute": "{0} został **wyciszony** z chatowania.",
    "administration_user_chat_unmute": "{0} został **odciszony** z chatowania.",
    "administration_user_joined": "Użytkownik dołączył",
    "administration_user_left": "Użytkownik wyszedł",
    "administration_user_muted": "{0} został **wyciszony** z chatu głosowego i pisanego.",
    "administration_user_role_add": "Rola użytkownika dodana",
    "administration_user_role_rem": "Rola użytkownika usunięta",
    "administration_user_status_change": "{0} jest teraz {1}",
    "administration_user_unmuted": "{0} został **odciszony** z chatu głosowego i pisanego.",
    "administration_user_vjoined": "{0} dołączył do kanału {1}.",
    "administration_user_vleft": "{0} opuścił kanał {1}.",
    "administration_user_vmoved": "{0} przeniesiony z kanału {1} na {2}",
    "administration_user_voice_mute": "{0} został **wyciszony z chatu głosowego**.",
    "administration_user_voice_unmute": "{0} został **odciszony z chatu głosowego**.",
    "administration_voice_chan_created": "Kanał głosowy stworzony",
    "administration_voice_chan_destroyed": "Kanał głosowy usunięty",
    "administration_vt_disabled": "Wyłączono funkcję głos + tekst.",
    "administration_vt_enabled": "Włączono funkcję głos + tekst.",
    "administration_vt_exit": "Nie mam uprawnień: **zarządzanie rolami** i **zarządzanie kanałami**, więc nie mogę uruchomić funkcji `głos+tekst` na serwerze {0}.",
    "administration_vt_no_admin": "Włączasz/Wyłączasz tą funkcję a ja **nie mam uprawnień ADMINISTRATORA**. Może to spowodować problemy i będziesz musiał czyścić kanały tekstowe sam.",
    "administration_vt_perms": "By włączyć tą funkcję, muszę posiadać uprawnienia: **zarządzanie rolami** i **zarządzanie kanałami**. (Zalecane uprawnienia administratora)",
    "administration_xmuted_text": "Użytkownik {0} z tekstowego czatu",
    "administration_xmuted_text_and_voice": "Użytkownik {0} z tekstowego i głosowego czatu",
    "administration_xmuted_voice": "Użytkownik {0} z czatu głosowego",
    "administration_sbdm": "Zostałeś tymczasowo zablokowany na serwerze {0}\nPowód: {1}",
    "administration_user_unbanned": "Użytkownik został odbanowany",
    "administration_migration_done": "Migracja zakończona!",
    "administration_presence_updates": "Aktualizacje obecności",
    "administration_sb_user": "Użytkownik tymczasowo zablokowany",
    "gambling_awarded": "nagrodził {0} {1}",
    "gambling_better_luck": "Powodzenia następnym razem!  ^_^",
    "gambling_br_win": "Gratulacje! Wygrałeś {0} za wyrzucenie ponad {1}",
    "gambling_deck_reshuffled": "Talia została przetasowana.",
    "gambling_flipped": "wyrzucono {0}.",
    "gambling_flip_guess": "Zgadłeś! Wygrałeś {0}",
    "gambling_flip_invalid": "Użyty numer jest niepoprawny. Możesz rzucić 1 do {0} monet",
    "gambling_gifted": "dał {0} dla {1}",
    "gambling_has": "{0} ma {1}",
    "gambling_heads": "Orzeł",
    "gambling_leaderboard": "Ranking",
    "gambling_mass_award": "Nagrodził {0} dla {1} użytkowników z roli {2}",
    "gambling_max_bet_limit": "Nie możesz założyć się o więcej niż {0}",
    "gambling_min_bet_limit": "Nie możesz założyć się o mniej niż {0}",
    "gambling_not_enough": "Nie masz wystarczająco {0}",
    "gambling_no_more_cards": "W talii nie ma więcej kart.",
    "gambling_raffled_user": "Wylosowano użytkownika",
    "gambling_roll": "Wyrzucono {0}",
    "gambling_slot_bet": "Zakład",
    "gambling_slot_jackpot": "ŁAAAAAAAAAAAAŁ!!! Gratulacje!!! x{0}",
    "gambling_slot_single": "Pojedyńczy {0}, x{1}",
    "gambling_slot_three": "Wow! Szczęściarz! Trójka! x{0}",
    "gambling_slot_two": "Nieźle! Dwójka {0} - stawka x{1}",
    "gambling_sneakygamestatus_desc": "Użytkownicy muszą wpisać tajny kod aby dostać {0}.\nTrwa {1} sekund. Nie nikomu. Ciiii.",
    "gambling_sneakygamestatus_end": "Wydarzenie SneakyGame zakończyło się. {0} użytkowników otrzymało nagrodę.",
    "gambling_sneakygamestatus_title": "Wydarzenie SneakyGameStatus rozpoczęło się.",
    "gambling_tails": "Reszka",
    "gambling_take": "z powodzeniem wziął {0} od {1}",
    "gambling_take_fail": "nie był w stanie wziąć {0} od {1}, ponieważ użytkownik nie ma tylu {2}!",
    "help_back_to_toc": "Powrót do ToC",
    "help_bot_owner_only": "Tylko właściciel bota",
    "help_channel_permission": "Wymagane {0} uprawnienie kanału.",
    "help_cmdlist_donate": "Możesz wspierać ten projekt na patreonie: <{0}> albo poprzez paypala: <{1}>",
    "help_cmd_and_alias": "Komendy i aliasy",
    "help_commandlist_regen": "Lista komend została wygenerowana na nowo.",
    "help_commands_instr": "Wpisz `{0}h NazwaKomendy` aby otrzymać pomoc dla danej komendy, np. `{0}h >8ball` ",
    "help_command_not_found": "Nie mogę znaleźć komendy. Proszę sprawdź czy komenda istnieje, zanim jej użyjesz.",
    "help_desc": "Opis",
    "help_donate": "Możesz wspierać projekt NadekoBot na\nPatreonie <{0}> albo\nPaypalu <{1}>\nNie zapomnij zostawić swojej discordowej nazwy użytkownika albo ID w wiadomości.\n\n**Dziękujemy** ♥️ ",
    "help_guide": "**Lista komend**:<{0}>\n**Poradniki hostowania i dokumenty znajdziesz tutaj**:<{1}>",
    "help_list_of_commands": "Lista komend",
    "help_list_of_modules": "Lista modułów",
    "help_modules_footer": "Napisz `{0}cmds NazwaModułu` aby dostać listę komend w tym module, na przykład `{0}cmds games`",
    "help_module_not_found": "Ten moduł nie istnieje.",
    "help_server_permission": "Wymaga {0} uprawnień na serwerze.",
    "help_table_of_contents": "Spis treści",
    "help_usage": "Użycie",
    "nsfw_autohentai_started": "Autohentai uaktywnione. Obrazki z jednym z tagów: {1} będą zamieszczane co {0} sekund.",
    "nsfw_tag": "Tag",
    "gambling_animal_race": "Wyścig zwierzaków",
    "gambling_animal_race_failed": "Nie udało się zacząć wyścigu, ponieważ nie wzięła w nim udziału wystarczająca ilość osób.",
    "gambling_animal_race_full": "Wszystkie miejsca są zajęte! Wyścig zacznie się natychmiastowo.",
    "gambling_animal_race_join": "{0} dołączył jako {1}",
    "gambling_animal_race_join_bet": "{0} dołączył jako {1} i założył się o {2}!",
    "gambling_animal_race_join_instr": "Wpisz {0}jr aby wciąć udział w wyścigu.",
    "gambling_animal_race_starting": "Zacznie się za 20 sekund albo gdy wszystkie miejsca będą zajęte.",
    "gambling_animal_race_starting_with_x": "Zaczyna z {0} uczestnikami.",
    "gambling_animal_race_won": "{1} czyli {0} wygrał wyścig!",
    "gambling_animal_race_won_money": "{1} czyli {0} wygrał wyścig i {2}!",
    "gambling_dice_invalid_number": "Użyty numer jest niepoprawny. Możesz rzucić {0}-{1} kośćmi na raz",
    "gambling_dice_rolled": "wyrzucono {0}",
    "gambling_dice_rolled_num": "Wyrzucone kostki: {0}",
    "gambling_race_failed_starting": "Nie można zacząć wyścigu. Prawdopodobnie inny wyścig jest już aktywny.",
    "gambling_race_not_exist": "Żaden wyścig nie jest aktywny na tym serwerze.",
    "gambling_second_larger_than_first": "Drugi numer musi być większy od pierwszego.",
    "gambling_changes_of_heart": "Zmiany serca",
    "gambling_claimed_by": "Zdobyta przez",
    "gambling_divorces": "Rozwody",
    "gambling_likes": "Lubi",
    "gambling_price": "Cena",
    "gambling_waifus_none": "Nie zdobyłeś jeszcze żadnej waifu.",
    "gambling_waifus_top_waifus": "Ranking",
    "gambling_waifu_affinity_already": "Twoje zamiłowanie jest już ustawione do tego waifu albo próbujesz usunąć twoje zamiłowanie kiedy nie masz takiego.",
    "gambling_waifu_affinity_changed": "lubi teraz {0} zamiast {1}.\n\n*Czy to aby na pewno moralne?*",
    "gambling_waifu_affinity_cooldown": "Musisz poczekać {0} godzin i {1} minut aby zmienić swój obiekt westchnień.",
    "gambling_waifu_affinity_reset": "Twoje zamiłowanie jest zresetowane. Nie ma już osoby którą lubisz.",
    "gambling_waifu_affinity_set": "chce być zdobyta przez {0}. Aww <3",
    "gambling_waifu_claimed": "zdobył waifu {0} za {1}!",
    "gambling_waifu_divorced_like": "Rozwiodłeś się z waifu, która cię lubi. Ty bezduszny potworze!\n{0} odtrzymał {1} jako rekompensatę.",
    "gambling_waifu_egomaniac": "nie możesz ustawić zamiłowania do samego siebie, ty egomaniaku.",
    "gambling_waifu_fulfilled": "🎉 To prawdziwa miłość! 🎉 \nNowa wartość {0} to {1}!",
    "gambling_waifu_isnt_cheap": "Żadna waifu nie jest taka tania. Musisz zapłacić co najmniej {0} aby zdobyć waifu, nawet jeśli nie jest tyle warta.",
    "gambling_waifu_not_enough": "Musisz zapłacić {0} albo więcej aby zdobyć tą waifu.",
    "gambling_waifu_not_yours": "Ta waifu nie jest twoja.",
    "gambling_waifu_not_yourself": "Nie możesz zdobyć siebie.",
    "gambling_waifu_recent_divorce": "Rozwiodłeś się ostatnio. Musisz poczekać {0} ny i {1} minuty aby rozwieść się ponownie.",
    "gambling_nobody": "Nikt",
    "gambling_waifu_divorced_notlike": "Rozwiodłeś się z waifu, która cię nie lubi. W zamian dostałeś {0}.",
    "games_8ball": "Kula nr. 8",
    "games_acrophobia": "Lęk wysokości",
    "games_acro_ended_no_sub": "Gra zakończona bez żadnych zgłoszeń.",
    "games_acro_no_votes_cast": "Brak głosów. Gra zakończyła się bez zwycięzcy.",
    "games_acro_nym_was": "Akronimem był {0}.",
    "games_acro_running": "Gra w akrofobię już trwa na tym kanale",
    "games_acro_started": "Gra rozpoczęta. Stwórz zdanie z podanym akronimem: {0}.",
    "games_acro_started_footer": "Masz {0} sekund aby coś zgłosić.",
    "games_acro_submit": "{0} zgłosił swoje zdanie. (łącznie {1})",
    "games_acro_vote": "Głosuj, wpisując numer zgłoszenia.",
    "games_acro_vote_cast": "{0} dał swój głos!",
    "games_acro_winner": "Zwycięzcą jest {0} z {1} punktami.",
    "games_acro_winner_only": "Użytkownik {0} wygrywa, ponieważ jako jedyny coś zgłosił!",
    "games_question": "Pytanie",
    "games_submissions_closed": "Zgłoszenia zakończone",
    "gambling_animal_race_already_started": "Wyścig zwierzaków właśnie się odbywa.",
    "gambling_total_average": "Łącznie: {0} Średnia: {1}",
    "games_category": "Kategoria",
    "games_cleverbot_disabled": "Wyłączono cleverbota na tym serwerze.",
    "games_cleverbot_enabled": "Włączono cleverbota na tym serwerze.",
    "games_curgen_disabled": "Generowanie przychodów zostało wyłączone na tym kanale.",
    "games_curgen_enabled": "Generowanie przychodów zostało włączone na tym kanale.",
    "games_curgen_pl": "Pojawiło się {0} losowych {1}",
    "games_curgen_sn": "{0} się pojawiły!",
    "games_failed_loading_question": "Nie udało się załadować pytania.",
    "games_game_started": "Gra rozpoczęta.",
    "games_hangman_game_started": "Gra w wisielca rozpoczęta",
    "games_hangman_running": "Gra w wisielca już trwa na tym kanale.",
    "games_hangman_start_errored": "Rozpoczynanie gry w wisielca nie powiodło się.",
    "games_hangman_types": "Lista kategorii \"{0}hangman\"",
    "games_leaderboard": "Ranking",
    "games_not_enough": "Nie masz wystarczająco {0}",
    "games_no_results": "Brak wyników",
    "games_picked": "podniósł {0}",
    "games_planted": "{0} zasadził {1}",
    "games_trivia_already_running": "Trivia jest aktywna na tym serwerze.",
    "games_trivia_game": "Trivia",
    "games_trivia_guess": "{0} zgadł! Odpowiedź to: {1}",
    "games_trivia_none": "Trivia nie jest aktywna na tym serwerze.",
    "games_trivia_points": "{0} posiada {1} punktów",
    "games_trivia_stopping": "Koniec po tym pytaniu.",
    "games_trivia_times_up": "Koniec czasu! Prawidłowa odpowiedź to {0}",
    "games_trivia_win": "{0} zgadł i wygrał grę! Odpowiedź to: {1}",
    "games_ttt_against_yourself": "Nie możesz grać przeciwko sobie.",
    "games_ttt_already_running": "Gra kółko i krzyżyk jest aktywna na tym serwerze.",
    "games_ttt_a_draw": "Remis!",
    "games_ttt_created": "stworzył grę w kółko i krzyżyk.",
    "games_ttt_has_won": "{0} wygrał!",
    "games_ttt_matched_three": "Wygrana",
    "games_ttt_no_moves": "Brak ruchów!",
    "games_ttt_time_expired": "Koniec czasu!",
    "games_ttt_users_move": "Kolej {0}",
    "games_vs": "{0} kontra {1}",
    "music_attempting_to_queue": "Próba dołączenia {0} piosenek do kolejki...",
    "music_autoplay_disabled": "Automatyczne odtwarzanie wyłączone.",
    "music_autoplay_enabled": "Automatyczne odtwarzanie włączone.",
    "music_defvol_set": "Domyślna głośność ustawiona na {0}%",
    "music_dir_queue_complete": "Koniec playlisty",
    "music_fairplay": "fairplay",
    "music_finished_song": "Zakończono odtwarzanie piosenki",
    "music_fp_disabled": "Fair play wyłączony.",
    "music_fp_enabled": "Fair play włączony.",
    "music_from_position": "Z pozycji",
    "music_id": "ID",
    "music_invalid_input": "Niepoprawna zmienna.",
    "music_max_playtime_none": "Maksymalny czas grania ustawiony na: bez limitu.",
    "music_max_playtime_set": "Maksymalny czas grania ustawiony na: {0} sekund.",
    "music_max_queue_unlimited": "Maksymalna długość kolejki ustawiona na: bez limitu.",
    "music_max_queue_x": "Maksymalna długość kolejki ustawiona na {0} utworów.",
    "music_must_be_in_voice": "Musisz być na kanale głosowym na tym serwerze.",
    "music_name": "Imię",
    "music_now_playing": "Teraz gra",
    "music_no_player": "Brak aktywnego odtwarzacza muzyki.",
    "music_no_search_results": "Brak wyników",
    "music_paused": "Odtwarzanie muzyki wstrzymane.",
    "music_player_queue": "Playlista odtwarzacza - strona {0}/{1}",
    "music_playing_song": "Gra utwór",
    "music_playlists": "`#{0}` - **{1}** przez *{2}* ({3} piosenek)",
    "music_playlists_page": "Strona {0} zapisanych playlist",
    "music_playlist_deleted": "Playlista usunięta.",
    "music_playlist_delete_fail": "Nie możesz usunąć tej playlisty. Albo nie istnieje albo nie jesteś jej autorem.",
    "music_playlist_id_not_found": "Playlista z takim ID nie istnieje.",
    "music_playlist_queue_complete": "Kolejka do playlisty zakończona",
    "music_playlist_saved": "Playlista zapisana",
    "music_play_limit": "Limit {0}",
    "music_queue": "Kolejka",
    "music_queued_song": "Zakolejkowany utwór",
    "music_queue_cleared": "Kolejka wyczyszczona.",
    "music_queue_full": "Zapełnienie kolejki: {0}/{0}",
    "music_removed_song": "Usunięto utwór",
    "music_repeating_cur_song": "Powtarzanie aktualnego utworu",
    "music_repeating_playlist": "Powtarzenie playlisty",
    "music_repeating_track": "Powtarzanie utworu",
    "music_repeating_track_stopped": "Powtarzanie aktualnego utworu zatrzymane.",
    "music_resumed": "Odtwarzanie muzyki wznowione.",
    "music_rpl_disabled": "Powtarzanie playlisty wyłączone.",
    "music_rpl_enabled": "Powtarzanie playlisty włączone.",
    "music_set_music_channel": "Teraz wypiszę odtwarzane, skończone, wstrzymane i usunięte piosenki na tym kanale",
    "music_skipped_to": "Przewinięto do `{0}:{1}`",
    "music_song_moved": "Utwór przeniesiony",
    "music_time_format": "{0}g {1}m {2}s",
    "music_to_position": "Do pozycji",
    "music_unlimited": "bez limitu",
    "music_volume_input_invalid": "Głośność musi być pomiędzy 0 a 100.",
    "music_volume_set": "Głośność ustawiona na {0}%",
    "permissions_acm_disable": "Wyłączono użycie WSZYSTKICH MODÓŁÓW na kanale {0}.",
    "permissions_acm_enable": "Włączono użycie WSZYSTKICH MODÓŁÓW na kanale {0}.",
    "permissions_allowed": "Dozwolone",
    "permissions_arm_disable": "Wyłączono użycie WSZYSTKICH MODÓŁÓW dla roli {0}.",
    "permissions_arm_enable": "Włączono użycie WSZYSTKICH MODÓŁÓW dla roli {0}.",
    "permissions_asm_disable": "Wyłączono użycie WSZYSTKICH MODÓŁÓW na tym serwerze.",
    "permissions_asm_enable": "Włączono użycie WSZYSTKICH MODÓŁÓW na tym serwerze.",
    "permissions_aum_disable": "Wyłączono użycie WSZYSTKICH MODÓŁÓW dla użytkownika {0}.",
    "permissions_aum_enable": "Włączono użycie WSZYSTKICH MODÓŁÓW dla użytkownika {0}.",
    "permissions_blacklisted": "Na czarną listę wpisano użytkownika {0} z ID {1}",
    "permissions_cmdcd_add": "Komenda {0} ma teraz {1}-sekundowy cooldown.",
    "permissions_cmdcd_cleared": "Komenda {0} nie ma teraz cooldown'a. Wszystkie aktywne cooldown'y zostały zresetowane.",
    "permissions_cmdcd_none": "Żadna komenda nie ma cooldown'a.",
    "permissions_command_costs": "Komenda kosztuje",
    "permissions_cx_disable": "Wyłączono użycie {0} {1} na kanale {2}.",
    "permissions_cx_enable": "Włączono użycie {0} {1} na kanale {2}.",
    "permissions_denied": "Odmówiono",
    "permissions_filter_word_add": "Dodano słowo {0} do listy odfiltrowanych słów.",
    "permissions_filter_word_list": "Lista odfiltrowanych słów",
    "permissions_filter_word_remove": "Usunięto słowo {0} z listy odfiltrowanych słów.",
    "permissions_invalid_second_param_between": "Błędny drugi parametr. (Musi być to liczba od {0} do {1})",
    "permissions_invite_filter_channel_off": "Filtrowanie zaproszeń zostało zablokowane na tym serwerze.",
    "permissions_invite_filter_channel_on": "Filtrowanie zaproszeń zostało odblokowane na tym serwerze.",
    "permissions_invite_filter_server_off": "Filtrowanie zaproszeń na tym serwerze wyłączone.",
    "permissions_invite_filter_server_on": "Filtrowanie zaproszeń na tym serwerze włączone.",
    "permissions_moved_permission": "Przeniesiono uprawnienia {0} z  #{1} to #{2}",
    "permissions_not_found": "Nie znaleziono uprawnień w indeksie  #{0}",
    "permissions_no_costs": "Brak ustawionych kosztów",
    "permissions_of_command": "komenda",
    "permissions_of_module": "moduł",
    "permissions_page": "Strona uprawnień {0}",
    "permissions_permrole": "Aktualna rola z uprawnieniami to {0}.",
    "permissions_permrole_changed": "Użytkownicy wymagają roli {0}, by móc edytować uprawnienia.",
    "permissions_perm_out_of_range": "Żadne uprawnienia nie zostały znalezione w tym indeksie.",
    "permissions_removed": "przeniesiono uprawnienia #{0} - {1} ",
    "permissions_rx_disable": "Wyłączono użycie {0} {1} dla roli {2}.",
    "permissions_rx_enable": "Włączono użycie {0} {1} dla roli {2}.",
    "permissions_sec": "sek.",
    "permissions_sx_disable": "Wyłączono użycie {0} {1} na tym serwerze.",
    "permissions_sx_enable": "Włączono użycie {0} {1} na tym serwerze.",
    "permissions_unblacklisted": "Z czarnej listy usunięto użytkownika {0} z ID {1}",
    "permissions_uneditable": "nie do edytowania",
    "permissions_ux_disable": "Wyłączono użycie {0} {1} dla użytkownika {2}.",
    "permissions_ux_enable": "Włączono użycie {0} {1} dla użytkownika {2}.",
    "permissions_verbose_false": "Nie będę więcej pokazywać ostrzeżeń dotyczących uprawnień.",
    "permissions_verbose_true": "Będę pokazywać ostrzeżenia dotyczące uprawnień.",
    "permissions_word_filter_channel_off": "Filtrowanie słów wyłączone na tym kanale.",
    "permissions_word_filter_channel_on": "Filtrowanie słów włączone na tym kanale.",
    "permissions_word_filter_server_off": "Filtrowanie słów wyłączone na tym serwerze.",
    "permissions_word_filter_server_on": "Filtrowanie słów włączone na tym serwerze.",
    "searches_abilities": "Zdolności",
    "searches_anime_no_fav": "Brak ulubionego anime",
    "searches_atl_ad_started": "Zaczęto automatyczne tłumaczenie wiadomości na tym kanale. Wiadomości użytkowników będą automatycznie usuwane.",
    "searches_atl_removed": "twój auto-tłumaczący język został usunięty.",
    "searches_atl_set": "twój auto-tłumaczący język został ustawiony {0}>{1}",
    "searches_atl_started": "Zaczęto automatyczne tłumaczenie wiadomości na tym kanale.",
    "searches_atl_stopped": "Zakończono automatyczne tłumaczenie wiadomości na tym kanale.",
    "searches_bad_input_format": "Złe dane wejściowe albo coś poszło nie tak.",
    "searches_card_not_found": "Nieznaleziono tej karty.",
    "searches_catfact": "fakt",
    "searches_chapters": "Rozdziały",
    "searches_comic_number": "Komiks #",
    "searches_compet_loses": "Przegrane rywalizacje",
    "searches_compet_played": "Grane rywalizacje",
    "searches_compet_rank": "Ranking rywalizacji",
    "searches_compet_wins": "Wygrane rywalizacje",
    "searches_completed": "Zakończony",
    "searches_condition": "Warunek",
    "searches_cost": "Koszt",
    "searches_date": "Data",
    "searches_define": "Zdefiniuj:",
    "searches_dropped": "Porzucone",
    "searches_episodes": "Odcinki",
    "searches_error_occured": "Wystąpił błąd.",
    "searches_example": "Przykład",
    "searches_failed_finding_anime": "Wyszukiwanie tego animu nie powiodło się.",
    "searches_failed_finding_manga": "Wyszukiwanie mango nie powiodło się.",
    "searches_genres": "Gatunki",
    "searches_hashtag_error": "Nie udało się znaleźć definicji dla tego tagu.",
    "searches_height_weight": "Wysokość/szerokość",
    "searches_height_weight_val": "{0}m/{1}kg",
    "searches_humidity": "Wilgotność",
    "searches_image_search_for": "Szukanie obrazka dla:",
    "searches_imdb_fail": "Wyszukiwanie tego filmu nie powiodło się.",
    "searches_invalid_lang": "Błędny język źródłowy lub docelowy",
    "searches_jokes_not_loaded": "Żarty nie zostały załadowane.",
    "searches_latlong": "Szerokość/Wysokość geograficzna",
    "searches_level": "Poziom",
    "searches_list_of_place_tags": "Lista {0}place tagów",
    "searches_location": "Lokalizacja",
    "searches_magicitems_not_loaded": "Magiczne przedmioty nie zostały załadowane.",
    "searches_mal_profile": "MAL użytkownika {0}",
    "searches_mashape_api_missing": "Właściciel bota nie sprecyzował MashapeApiKey. Nie możesz użyć tej funkcji.",
    "searches_min_max": "Min/Max",
    "searches_no_channel_found": "Nie znaleziono kanału.",
    "searches_no_results": "Brak rezultatów.",
    "searches_on_hold": "Wstrzymane",
    "searches_original_url": "Oryginalny URL",
    "searches_osu_api_key": "Klucz osu! API jest wymagany.",
    "searches_osu_failed": "Nie udało się wywołać sygnatury osu!.",
    "searches_over_x": "Znaleziono {0} obrazków. Pokazuję przypadkowe {0}",
    "searches_ow_user_not_found": "Nie znaleziono użytkownika! Proszę sprawdzić Region i BattleTag zanim znowu spróbujesz.",
    "searches_plan_to_watch": "Planowane",
    "searches_platform": "Platforma",
    "searches_pokemon_ability_none": "Nie znaleziono umięjętności.",
    "searches_pokemon_none": "Pokemon nieznaleziony",
    "searches_profile_link": "Link profilowy:",
    "searches_quality": "Jakość:",
    "searches_quick_playtime": "Sumaryczny czas gry szybkiej",
    "searches_quick_wins": "Szybkie wygrane",
    "searches_rating": "Ocena",
    "searches_score": "Wynik:",
    "searches_search_for": "Szukaj:",
    "searches_shorten_fail": "Skracanie tego url'u nie powiodło się",
    "searches_short_url": "Skróć url",
    "searches_something_went_wrong": "Coś poszło nie tak.",
    "searches_specify_search_params": "Proszę o sprecyzowanie kryteriów wyszukiwania.",
    "searches_status": "Status",
    "searches_store_url": "Url sklepu",
    "searches_streamer_offline": "Streamer {0} jest niedostępny.",
    "searches_streamer_online": "Streamer {0} jest online z {1} widzami.",
    "searches_streams_following": "Śledzisz {0} streamów na tym serwerze.",
    "searches_streams_none": "Nie śledzisz żadnych streamów na tym serwerze.",
    "searches_stream_no": "Nie ma takiego streamu.",
    "searches_stream_not_exist": "Stream prawdopodobnie nie istnieje.",
    "searches_stream_removed": "Usunięto stream użytkownika {0} ({1}) z powiadomień.",
    "searches_stream_tracked": "Powiadomię ten kanał kiedy status się zmieni.",
    "searches_sunrise": "Wschód słońca",
    "searches_sunset": "Zachód słońca",
    "searches_temperature": "Temperatura",
    "searches_title": "Tytuł:",
    "searches_top_3_fav_anime": "3 ulubione anime:",
    "searches_translation": "Tłumaczenie:",
    "searches_types": "Typy",
    "searches_ud_error": "Nie znaleziono definicji dla tego terminu.",
    "searches_url": "Url",
    "searches_viewers": "Widzowie:",
    "searches_watching": "Oglądane",
    "searches_wikia_error": "Nie znaleziono tego terminu na konkretnej wikii.",
    "searches_wikia_input_error": "Proszę wpisać wikię oraz zapytanie wyszukiwania",
    "searches_wiki_page_not_found": "Strona nie została znaleziona.",
    "searches_wind_speed": "Szybkość wiatru",
    "searches_x_most_banned_champs": "Najczęściej banowane postacie w {0}",
    "searches_yodify_error": "Problem z napisaniem Twojego zdania w stylu Yody",
    "utiliity_joined": "Dołączył",
    "utility_activity_line": "`{0}. {1} [{2: F2} / s] - {3} ogółem",
    "utility_activity_page": "Strona aktywności #{0}",
    "utility_activity_users_total": "Łącznie {0} użytkowników.",
    "utility_author": "Autor",
    "utility_botid": "ID bota",
    "utility_calcops": "Lista funkcji komendy {0}calc",
    "utility_channelid": "{0} tego kanału to {1}",
    "utility_channel_topic": "Temat kanału",
    "utility_commands_ran": "Ilość uruchomionych komend",
    "utility_convert": "{0} {1} wynosi {2} {3}",
    "utility_convertlist": "Jednostki które mogą być przekonwertwane",
    "utility_convert_not_found": "Nie można przekonwertować {0} na {1}: nie znaleziono jednostki",
    "utility_convert_type_error": "Nie mogę przeliczyć {0} na {1}: rodzaje jednostek są różne",
    "utility_created_at": "Stworzono w",
    "utility_custom_emojis": "Niestandardowe emotikony",
    "utility_error": "Błąd",
    "utility_features": "Funkcje",
    "utility_id": "ID",
    "utility_index_out_of_range": "Indeks poza zakresem",
    "utility_inrole_list": "Lista użytkowników w roli {0}",
    "utility_inrole_not_allowed": "Używanie tej komendy nie jest dozwolone na rolach z dużą ilością użytkowników aby uniknąć nadużywania jej",
    "utility_invalid_value": "Niepoprawna wartość {0}",
    "utility_joined_discord": "Dołączył do Discorda",
    "utility_joined_server": "Dołączył do serwera",
    "utility_listservers": "ID: {0}\nCzłonkowie: {1}\nID właściciela: {2}",
    "utility_listservers_none": "Nie znaleziono serwerów na tej stronie.",
    "utility_list_of_repeaters": "Lista powtarzanych wiadomości",
    "utility_members": "Członkowie",
    "utility_memory": "Pamięć",
    "utility_messages": "Wiadomości",
    "utility_message_repeater": "Powtarzanie wiadomości",
    "utility_name": "Imię",
    "utility_nickname": "Pseudonim",
    "utility_nobody_playing_game": "Nikt nie gra w tą grę.",
    "utility_no_active_repeaters": "Brak aktywnych powtarzanych wiadomości",
    "utility_no_roles_on_page": "Brak roli na tej stronie.",
    "utility_no_shards_on_page": "Brak shard'ów na tej stronie.",
    "utility_no_topic_set": "Brak tematu.",
    "utility_owner": "Właściciel",
    "utility_owner_ids": "ID właściciela",
    "utility_presence": "Obecność",
    "utility_presence_txt": "{0} serwerów\n{1} kanałów głosowych\n{2} kanałów tekstowych",
    "utility_quotes_deleted": "Usunięto wszystkie cytaty ze słowem {0}.",
    "utility_quotes_page": "{0} strona cytatów",
    "utility_quotes_page_none": "Brak cytatów podanego ID tej stronie.",
    "utility_quotes_remove_none": "Nie znaleziono żadnych cytatów które możesz usunąć.",
    "utility_quote_added": "Dodano cytat",
    "utility_quote_deleted": "Usunięto cytat #{0}",
    "utility_region": "Region",
    "utility_registered_on": "Zarejestrowany",
    "utility_remind": "Przypomnę {0} dla {1} za {2} `({3:d.M.yyyy.} o {4:HH:mm})`",
    "utility_remind_invalid_format": "Błędny format czasu. Sprawdź listę komend.",
    "utility_remind_template": "Ustawiono nowy wzór przypomnienia",
    "utility_repeater": "Powtarzanie {0} co {1} dni, {2} godzin i {3} minut.",
    "utility_repeaters_list": "Lista powtarzanych wiadomości",
    "utility_repeaters_none": "Brak aktywnych powtarzanych wiadomości na serwerze",
    "utility_repeater_stopped": "#{0} zatrzymany.",
    "utility_repeat_invoke_none": "Brak powtarzanych wiadomości na serwerze",
    "utility_result": "Wynik",
    "utility_roles": "Role",
    "utility_roles_all_page": "Strona #{0} wszystkich ról na tym serwerze:",
    "utility_roles_page": "Strona #{0} ról {1}",
    "utility_rrc_no_colors": "Kolory zostały podane w niepoprawnej formie. Użyj np. `#00ff00`",
    "utility_rrc_start": "Zaczęto zmienianie kolorów dla roli {0}",
    "utility_rrc_stop": "Zakończono zmienianie kolorów dla roli {0}",
    "utility_serverid": "{0} tego serwera to {1}",
    "utility_server_info": "Informacje o serwerze",
    "utility_shard": "Shard",
    "utility_shard_stats": "Statystyki shardu",
    "utility_shard_stats_txt": "Shard **#{0}** jest w stanie {1} z {2} serwerami",
    "utility_showemojis": "**Nazwa:** {0} **Link:** {1}",
    "utility_showemojis_none": "Nie znaleziono żadnych specjalnych emotikon",
    "utility_stats_songs": "Teraz leci {0} piosenek; {1} w kolejce",
    "utility_text_channels": "Kanały głosowe",
    "utility_togtub_room_link": "Twój link do pokoju:",
    "utility_uptime": "Czas działania",
    "utility_userid": "{0} użytkownika {1} to {2}",
    "utility_users": "Użytkownicy",
    "utility_voice_channels": "Kanały głosowe",
    "gambling_animal_race_already_in": "Już dołączyłeś do tego wyścigu!",
    "games_current_poll_results": "Aktualny status ankiety",
    "games_no_votes_cast": "Nie ma oddanych głosów.",
    "games_poll_already_running": "Ankieta aktualnie trwa na tym serwerze.",
    "games_poll_created": "📃 {0} stworzył ankietę, która wymaga twojej uwagi:",
    "games_poll_result": "`{0}.` {1} z {2} głosami.",
    "games_poll_voted": "{0} zagłosował.",
    "games_poll_vote_private": "Napisz do mnie prywatną wiadomość z numerem odpowiedzi",
    "games_poll_vote_public": "Wyślij tutaj wiadomość z numerem odpowiedzi",
    "games_thanks_for_voting": "Dziękuję za oddany głos, {0}",
    "games_x_votes_cast": "{0} oddanych głosów.",
    "games_pick_pl": "Podnieś je przez napisanie `{0}pick`",
    "games_pick_sn": "Podnieś to przez napisanie  `{0}pick`",
    "gambling_no_users_found": "Nie znaleziono użytkownika.",
    "gambling_page": "Strona {0}",
    "administration_must_be_in_voice": "Musisz znajdować się na kanale głosowym na tym serwerze.",
    "administration_no_vcroles": "Niema żadnych ról w kanałach głosowych. ",
    "administration_user_muted_time": "{0} został **wyciszony** w kanałach tekstowych oraz głosowych na {1} minut.",
    "administration_vcrole_added": "Użytkownicy którzy dołączą do kanału głosowego {0} , otrzymają rolę {1}.",
    "administration_vcrole_removed": "Użytkownicy którzy dołączą do kanału głosowego {0} już nie dostaną roli.",
    "administration_vc_role_list": "Uprawnienia kanału głosowego",
    "customreactions_crad_disabled": "Wiadomość wywołująca niestandardową reakcje z id {0} nie będzie automatycznie usuwana.",
    "customreactions_crad_enabled": "Wiadomość wywołująca niestandardową reakcje z id {0} będzie automatycznie usuwana.",
    "customreactions_crdm_disabled": "Odpowiedź na niestandardową reakcję z id {0} będzie wysłana jako wiadomość prywatna.",
    "customreactions_crdm_enabled": "Odpowiedź na niestandardową reakcję z id {0} będzie wysłana jako wiadomość prywatna.",
    "utility_aliases_none": "Pseudonim nie znaleziony",
    "utility_alias_added": "{0} będzie teraz skrótem dla {1}",
    "utility_alias_list": "Lista pseudonimów",
    "utility_alias_removed": "Słowo klucz {0} nie będzie już miało aliasu",
    "utility_alias_remove_fail": "Slowo klucz {0} nie miało aliasu.",
    "searches_compet_playtime": "Konkurencyjna gra.",
    "administration_channel": "Kanał",
    "administration_command_text": "Tekst polecenia",
    "administration_kicked_pl": "Wyrzuceni",
    "administration_moderator": "Moderator",
    "administration_page": "strona {0}",
    "administration_reason": "Powód",
    "administration_scadd": "Komenda wykonywana podczas uruchomienia została dodana",
    "administration_scrm": "Komenda wykonywana podczas uruchomienia została usunięta",
    "administration_scrm_fail": "Komenda nieznaleziona na liście wykonywanej podczas uruchomienia",
    "administration_server": "Serwer",
    "administration_startcmdlist_none": "Brak komend na tej stronie",
    "administration_startcmds_cleared": "Usunięto wszystkie komendy wykonywane podczas uruchomienia",
    "administration_unbanned_user": "Użytkownik {0} został odbanowany.",
    "administration_user_not_found": "Użytkownik nieznaleziony.",
    "administration_user_warned": "Użytkownik {0} został ostrzeżony.",
    "administration_user_warned_and_punished": "Użytkownik {0} został ostrzeżony i kara {1} została nałożona",
    "administration_warned_on": "Ostrzeżono na serwerze {0}",
    "administration_warned_on_by": "Dnia {0} o godzinie {1} przez {2}",
    "administration_warnings_cleared": "Wszystkie ostrzeżenia użytkownika {0} zostały usunięte",
    "administration_warnings_none": "Brak ostrzeżeń na tej stronie",
    "administration_warnlog_for": "Lista ostrzeżeń dla {0}",
    "administration_warnpl_none": "Brak ustawionych kar",
    "administration_warn_cleared_by": "wyczyszczone przez {0}",
    "administration_warn_punish_list": "Lista kar za ostrzeżenia",
    "administration_warn_punish_rem": "Na użytkowników z {0} ostrzeżeniami już nie będzie nakładana kara.",
    "administration_warn_punish_set": "Nałożę karę {0} na użytkowników z {1} ostrzeżeniami",
    "administration_slowmodewl_role_start": "Tryb powolny nie będzie dotyczył rolii {0}.",
    "administration_slowmodewl_role_stop": "Tryb powolny już nie będzie dotyczyć rolii {0}.",
    "administration_slowmodewl_user_start": "Tryb powolny nie będzie dotyczył użytkownika {0}.",
    "administration_slowmodewl_user_stop": "Tryb powolny już nie będzie dotyczyć użytkownika {0}.",
    "utility_clpa_fail": "Błąd odbioru nagrody z jednego z następujących powodów",
    "utility_clpa_fail_already": "Możliwe że już odebrałeś swoją nagrodę w tym miesiącu. Możesz odbierać nagrody tylko raz na miesiąc, chyba że powiększysz swoją darowiznę",
    "utility_clpa_fail_already_title": "Już wynagrodzony\n",
    "utility_clpa_fail_conn": "Twoje konto Discord może nie być połączone z Patreon'em. Jeśli nie jesteś pewien co to oznacza lub nie wiesz jak je połączyć - otwórz [stonę z ustawieniami konta Patreon](https://patreon.com/settings/account) i kliknij przycisk \"Connect to discord\" (połącz z Discord).",
    "utility_clpa_fail_conn_title": "Konto Discord nie połączone z Patreon",
    "utility_clpa_fail_sup": "Aby móc odebrać nagrodę musisz wesprzeć projekt Nadeko na Parteon. Możesz użyć komendy {0} żeby dostać link.",
    "utility_clpa_fail_sup_title": "Nie wspierasz",
    "utility_clpa_fail_wait": "Musisz poczekać kilka godzin po ofiarowaniu darowizny, jeśli tego nie zrobiłeś/aś, spróbuj ponownie później.",
    "utility_clpa_fail_wait_title": "Poczekaj chwilę",
    "utility_clpa_success": "Otrzymałeś {0}. Dziękujemy, że wspierasz projekt!",
    "utility_clpa_too_early": "Nagrody mogą zostać odebrane piątego dnia każdego miesiąca lub później",
    "searches_time": "W {0} jest teraz {1} - {2}",
    "administration_rh": "Ustawiono wyświetlanie roli gildii {0} na {1}.",
    "gambling_name": "Imię",
    "gambling_shop": "Sklep",
    "gambling_shop_item_add": "Przedmiot dodany do sklepu",
    "gambling_shop_none": "Brak przedmiotów na tej stronie sklepu",
    "gambling_shop_role": "Dostaniesz rolę {0}.",
    "gambling_type": "Typ",
    "utility_clpa_next_update": "Następna aktualizacja za {0}",
    "administration_gvc_disabled": "Opcja Czatu Głosowego gry została wyłączona na tym serwerze.",
    "administration_gvc_enabled": "{0} jest teraz Grą w Czacie głosowym.",
    "administration_not_in_voice": "Nie jesteś w kanale głosowym na tym serwerze",
    "gambling_item": "Przedmiot",
    "gambling_out_of_stock": "Brak w magazynie",
    "gambling_random_unique_item": "Losowy unikatowy przedmiot",
    "gambling_shop_buy_error": "Błąd przesyłania przedmiotu. Twoje pieniądze zostały zwrócone",
    "gambling_shop_item_not_found": "Brak przedmiotów o danym indeksie",
    "gambling_shop_item_purchase": "Zakup przedmiotu zakończony sukcesem",
    "gambling_shop_item_rm": "Przedmiot usunięty ze sklepu",
    "gambling_shop_item_wrong_type": "Ten wpis nie obsługuje dodawania przedmiotów",
    "gambling_shop_list_item_added": "Przedmiot zarejestrowany.",
    "gambling_shop_list_item_not_unique": "Ten przedmiot jest już zarejestrowany.",
    "gambling_shop_purchase": "Zakup na serwerze \"{0}\"",
    "gambling_shop_role_not_found": "Rola którą próbujesz kupić już nie istnieje.",
    "gambling_shop_role_purchase": "Zakupiono role \"{0}\".",
    "gambling_shop_role_purchase_error": "Błąd podczas przypisywania roli. Twój zakup został zwrócony.",
    "gambling_unique_items_left": "Zostało {0} unikatowych przedmiotów.",
    "permissions_blocked_commands": "Zablokowane komendy.",
    "permissions_blocked_modules": "Zablokowane moduły.",
    "permissions_gcmd_add": "Komenda {0} została wyłączona na wszystkich serwerach.",
    "permissions_gcmd_remove": "Komenda {0} została włączona na wszystkich serwerach",
    "permissions_gmod_add": "Moduł {0} został wyłączony na wszystkich serwerach",
    "permissions_gmod_remove": "Moduł {0} został włączony na wszystkich serwerach",
    "permissions_lgp_none": "Brak zablokowanych komend i modułów",
    "gambling_animal_race_no_race": "Ten wyścig zwierzaków jest pełny!",
    "utility_cant_read_or_send": "Nie możesz czytać ani wysyłać wiadomości na tym kanale.",
    "utility_quotes_notfound": "Nie znaleziono cytatów pasujących do podanego ID.",
    "administration_prefix_current": "Prefix na tym serwerze to {0}",
    "administration_prefix_new": "Zmieniono prefix na tym serwerze z {0} na {1}",
    "administration_defprefix_current": "Domyślny prefix to {0}",
    "administration_defprefix_new": "Zmieniono domyślny prefix z {0} na {1}",
    "administration_bot_nick": "Nickname bota został zmieniony na {0}",
    "administration_user_nick": "Nickname użytkowanika {0} został zmieniony na {1}",
    "administration_timezone_guild": "Strefa czasowa tej gildii to {0}",
    "administration_timezone_not_found": "Strefa czasowa nie znaleziona. Użyj komendy \"timezones\" aby zobaczyć listę dostepnych stref czasowych.",
    "administration_timezones_available": "Dostępne strefy czasowe.",
    "music_song_not_found": "Nie znaleziono piosenki.",
    "searches_define_unknown": "Nie można znaleźć definicji tego terminu.",
    "utility_repeater_initial": "Pierwsza powtarzana wiadomość będzie wysłana za {0} godziny i {1} minut.",
    "utility_verbose_errors_enabled": "Niewłaściwie użyte komendy będą teraz wyświetlać błędy.",
    "utility_verbose_errors_disabled": "Niewłaściwie użyte komendy nie będą już pokazywać błędów.",
    "permissions_perms_reset": "Permisje tego serwera zostały zresetowane.",
    "permissions_trigger": "Zezwolenia numer #{0} {1} zapobiegają tej akcji.",
    "administration_migration_error": "Wystąpił błąd podczas migracji, sprawdź konsolę bota by dowiedzieć się więcej.",
    "searches_hex_invalid": "Nieprawidłowy kolor.",
    "permissions_global_perms_reset": "Globalne zezwolenia zostały zresetowane.",
    "help_module": "Moduł: {0}",
    "games_hangman_stopped": "Gra w wisielca zatrzymana.",
    "music_autoplaying": "Auto-odtwarzanie.",
    "music_queue_stopped": "Odtwarzacz jest zatrzymany. Użyj komendy {0} by zacząć odtwarzać.",
    "music_removed_song_error": "Muzyka pod tym indexem nie istnieje",
    "music_shuffling_playlist": "Mieszanie utworów",
    "music_songs_shuffle_enable": "Od teraz utwory będą mieszane.",
    "music_songs_shuffle_disable": "Utwory już nie będą mieszane",
    "music_song_skips_after": "Piosenki zostaną pominięte ",
    "administration_warnings_list": "Lista wszystkich ostrzeżonych uczestników serwera",
    "customreactions_redacted_too_long": "Zredagowano ponieważ jest to za długie.",
    "nsfw_blacklisted_tag_list": "Lista blacklistowanych tagów:",
    "nsfw_blacklisted_tag": "Jeden, lub kilka tagów które użyłeś, są zblacklistowane",
    "nsfw_blacklisted_tag_add": "Tag dla dorosłych {0} jest teraz od teraz na czarnej liście.",
    "nsfw_blacklisted_tag_remove": "Tag dla dorosłych {0} został zdjęty z czarnej listy.",
    "gambling_waifu_gift": "Podarowano {0} {1}.",
    "gambling_waifu_gift_shop": "Sklep z prezentami dla waifu",
    "gambling_gifts": "Prezenty",
    "games_connect4_created": "Rozpoczęto rozgrywkę Connect4. Oczekiwanie na dołączenie gracza.",
    "games_connect4_player_to_move": "Kolejka gracza: {0}",
    "games_connect4_failed_to_start": "Gra w connect4 nie zaczeła się ponieważ nikt nie dołączył",
    "games_connect4_draw": "Rozgrywka Connect4 zakończyła się remisem.",
    "games_connect4_won": "{0} wygrał w Connect4 z {1}.",
    "games_nunchi_joined": "Dołączono do rozgrywki Nunchi. {0} użytkowników dołączyło do tej pory.",
    "games_nunchi_ended": "Zakończono rozgrywkę Nunchi. Wygrywa {0}",
    "games_nunchi_ended_no_winner": "Gra w nunchi zakończyła się bez wygranej",
    "games_nunchi_started": "Rozpoczęto rozgrywkę Nunchi z {0} uczestnikami.",
    "games_nunchi_round_ended": "Zakończono rundę Nunchi. {0} odpada z gry.",
    "games_nunchi_round_ended_boot": "Zakończono rundę Nunchi ze względu na koniec czasu na ruch niektórych użytkowników. Gracze wciąż w grze: {0}",
    "games_nunchi_round_started": "Runda Nunchi rozpoczęta z {0} użytkownikami. Zacznijcie liczyć od {1}.",
    "games_nunchi_next_number": "Numer zarejestrowany. Ostatnim numerem był {0}.",
    "games_nunchi_failed_to_start": "Nieudało się zacząć gry w nunchi ponieważ nie było wystarczająco uczestników.",
    "games_nunchi_created": "Gra w nunchi stworzona. Czekanie na graczy",
    "music_sad_enabled": "Utwory zostaną usunięte z kolejki gdy przestaną być odtwarzane.",
    "music_sad_disabled": "Utwory od teraz nie będą usuwane z kolejki gdy przestaną być odtwarzane.",
    "utility_stream_role_enabled": "Kiedy użytkownik z rolą {0} zacznie streamować, dam im rolę {1}.",
    "utility_stream_role_disabled": "Funkcja roli streamera została wyłączona.",
    "utility_stream_role_kw_set": "Streamerzy teraz potrzebują słowa kluczowego {0} by otrzymać rolę.",
    "utility_stream_role_kw_reset": "Słowo kluczowe roli streamera zostało zresetowane.",
    "utility_stream_role_bl_add": "Użytkownik {0} nigdy nie otrzyma roli streamera.",
    "utility_stream_role_bl_add_fail": "Użytkownik {0} już jest na czarnej liście.",
    "utility_stream_role_bl_rem": "Użytkownik {0} został zdjęty z czarnej listy.",
    "utility_stream_role_bl_rem_fail": "Użytkownik {0} nie jest na czarnej liście.",
    "utility_stream_role_wl_add": "Użytkownik {0} otrzyma rolę streamera nawet jeśli nie mają oni słowa kluczonego w tytule streamu.",
    "utility_stream_role_wl_add_fail": "Użytkownik {0} już jest na białej liście.",
    "utility_stream_role_wl_rem": "Użytkownik {0} został zdjęty z białej listy.",
    "utility_stream_role_wl_rem_fail": "Użytkownik {0} nie jest na białej liście.",
    "utility_bot_config_edit_fail": "Nie udało się ustawić wartości {0} na {1}",
    "utility_bot_config_edit_success": "Wartość {0} została ustawiona na {1}",
    "customreactions_crca_disabled": "Niestandardowe reakcje o ID {0} nie będą od teraz wywoływane chyba że słowo wyzwalające jest na początku wiadomości.",
    "customreactions_crca_enabled": "Niestandardowe reakcje o ID {0} będą od teraz wywoływane jeśli są one zawarte gdziekolwiek w wiadomości.",
    "xp_server_level": "Poziom serwerowy",
    "xp_level": "Poziom",
    "xp_club": "Klub",
    "xp_xp": "Doświadczenie",
    "xp_excluded": "Wykluczono {0} z systemu XP na tym serwerze.",
    "xp_not_excluded": "{0} nie jest od teraz wykluczony z systemu XP na tym serwerze.",
    "xp_exclusion_list": "Lista Wykluczeń",
    "xp_server_is_excluded": "Ten serwer jest wykluczony.",
    "xp_server_is_not_excluded": "Ten serwer nie jest wykluczony.",
    "xp_excluded_roles": "Wykluczone Role",
    "xp_excluded_channels": "Wykluczone Kanały",
    "xp_level_up_channel": "Gratulacje {0}, osiągnąłeś/-ęłaś poziom {1}!",
    "xp_level_up_dm": "Gratulacje {0}, osiągnąłeś/-ęłaś poziom {1} na serwerze {2}!",
    "xp_level_up_global": "Gratulacje {0}, osiągnąłeś/-ęłaś globalny poziom {1}!",
    "xp_role_reward_cleared": "Poziom {0} nie będzie od teraz nagradzać rolą.",
    "xp_role_reward_added": "Użytkownicy którzy osiągną poziom {0} otrzymają rolę {1}.",
    "xp_level_x": "Poziom {0}",
    "xp_server_leaderboard": "Tablica wyników XP serwera",
    "xp_global_leaderboard": "Globalna tablica wyników XP",
    "xp_modified": "Zmieniono serwerowe XP użytkownika {0} o {1}",
    "xp_club_create_error": "Nie udało się utworzyć klubu. Upewnij się że masz poziom 5 lub wyższy i nie jesteś w żadnym klubie.",
    "xp_club_created": "Klub {0} został pomyślnie utworzony!",
    "xp_club_not_exists": "Ten klub nie istnieje",
    "xp_club_applied": "Zaaplikowano o członkostwo w klubie {0}.",
    "xp_club_apply_error": "Błąd podczas aplikowania. Jesteś już członkiem tego klubu, nie spełniasz wymagania poziomu, lub jesteś z niego zbanowany.",
    "xp_club_accepted": "Przyjęto użytkownika {0} do klubu.",
    "xp_club_accept_error": "Nie znaleziono użytkownika.",
    "xp_club_left": "Wyszedłeś z klubu",
    "xp_club_not_in_club": "Nie jesteś w żadnym klubie, lub próbujesz opuścić klub którego jesteś właścicielem.",
    "xp_club_user_kick": "Użytkownik {0} został wyrzucony z klubu {1}.",
    "xp_club_user_kick_fail": "Błąd podczas wyrzucania. Nie jesteś właścicielem klubu, lub ten użytkownik nie jest w twoim klubie.",
    "xp_club_user_banned": "Zbanowano użytkownika {0} z klubu {1}.",
    "xp_club_user_ban_fail": "Błąd podczas banowania. Nie jesteś właścicielem klubu, użytkownik nie jest w twoim klubie lub nigdy do niego nie aplikował.",
    "xp_club_user_unbanned": "Odbanowano użytkownika {0} w klubie {1}.",
    "xp_club_user_unban_fail": "Błąd podczas odbanowania. Nie jesteś właścicielem klubu albo ten użytkownik nie jest w nim ani do niego nie aplikuje.",
    "xp_club_level_req_changed": "Zmieniono wymagania poziomu klubu na {0}",
    "xp_club_level_req_change_error": "Nie udało się zmienić wymagań poziomu.",
    "xp_club_disbanded": "Klub {0} został rozwiązany.",
    "xp_club_disband_error": "Error. Nie jesteś w klubie/nie jesteś właścicielem klubu w którym jesteś",
    "xp_club_icon_error": "Niewłaściwy kod url/nie jesteś właścicielem klubu",
    "xp_club_icon_set": "Nowa ikona klubu ustawiona.",
    "xp_club_bans_for": "Bany w klubie {0}",
    "xp_club_apps_for": "Aplikujący do klubu {0}",
    "xp_club_leaderboard": "Klubowa tablica wyników - strona {0}",
    "customreactions_edited_cust_react": "",
    "administration_self_assign_are_exclusive": "Możesz wybrać tylko jedną rolę z każdej grupy.",
    "administration_self_assign_are_not_exclusive": "Możesz wybrać dowolną ilość roli z wszystkich grup",
    "administration_self_assign_group": "Grupa {0}",
    "gambling_reaction_desc": "Dodaj reakcję {0} do tej wiadomości by dostać {1} ",
    "gambling_reaction_footer": "Te wydarzenie będzie aktywne przez {0} godzin.",
    "gambling_reaction_title": "",
    "administration_no_shards_on_page": "",
    "administration_shard_stats": "",
    "administration_shard_stats_txt": "",
    "games_poll_closed": "Zamknięto Ankietę!",
    "xp_club_not_exists_owner": "Nie jesteś ani właścicielem ani administratorem klubu.",
    "xp_club_admin_add": "{0} jest od teraz administratorem klubu.",
    "xp_club_admin_remove": "{0} od teraz nie jest administratorem klubu.",
    "xp_club_admin_error": "Błąd: Albo nie jesteś właścicielem klubu, albo ten użytkownik nie jest w twoim klubie.",
    "nsfw_started": "",
    "nsfw_stopped": "",
    "searches_feed_added": "Dodano kanał.",
    "searches_feed_not_valid": "Nieprawidłowy link, już obserwujesz ten kanał na tym serwerze, lub osiągnąłeś limit dozwolonych obserwowanych kanałów.",
    "searches_feed_out_of_range": "Nieosiągalny indeks.",
    "searches_feed_removed": "Usunięto kanał.",
    "searches_feed_no_feed": "Nie subskrybujesz żadnych kanałów na tym serwerze.",
    "administration_restart_fail": "",
    "administration_restarting": "Restartowanie.",
    "customreactions_edit_fail": "",
    "searches_streaming": "Streamowanie",
    "searches_followers": "Obserwujący",
    "gambling_rafflecur": "{0} Loteria Waluty",
    "gambling_rafflecur_joined": "Użytkownik {0} dołączył do loterii",
    "gambling_rafflecur_already_joined": "Już dołączyłeś do tej loterii lub wartość której użyto nie jest prawidłowa.",
    "gambling_rafflecur_ended": "Loteria {0} została zakończona. {1} wygrał {2}!",
    "music_autodc_enable": "Będę się rozłączać z kanałem głosowym gdy nie będzie utworów do zagrania.",
    "music_autodc_disable": "Nie będę się rozłączać z kanałem głosowym gdy nie będzie utworów do zagrania.",
    "gambling_timely_none": "Właściciel bota nie ustalił regularnego wynagrodzenia.",
    "gambling_timely_already_claimed": "Już otrzymałeś swoje regularne wynagrodzenie. Możesz otrzymać je ponownie za {0}.",
    "gambling_timely": "Otrzymałeś swoje {0}. Możesz otrzymać je ponownie za {1} godz.",
    "gambling_timely_set": "Użytkownicy będą mogli otrzymać {0} co {1} godz.",
    "gambling_timely_set_none": "Użytkownicy nie będą otrzymywać żadnej regularnej waluty.",
    "gambling_timely_reset": "Wszyscy użytkownicy będą mogli ponownie otrzymać walutę.",
    "gambling_waifu_transfer_fail": "Nie jesteś właścicielem tej waifu, nie stać cię na nią, lub nieprawidłowo wpisałeś komendę.",
    "gambling_waifu_transfer_success": "Prawo do {0} zostało przepisane z {1} na {2}",
    "searches_authors": "Autorzy",
    "administration_sql_confirm_exec": "Potwierdź wykonanie poniższej komendy SQL",
    "searches_price": "Cena",
    "searches_market_cap": "",
    "searches_volume_24h": "",
    "searches_change_7d_24h": "",
    "searches_crypto_not_found": "Kryptowaluta o takiej nazwie nie została znaleziona.",
    "searches_did_you_mean": "Miałeś na myśli {0}?",
    "administration_self_assign_level_req": "Samo-nadawalna rola {0} wymaga od teraz serwerowego poziomu {1} lub wyższego.",
    "administration_self_assign_not_level": "Ta samo-nadawalna rola wymaga serwerowego poziomu {1} lub wyższego.",
    "administration_invalid": "Nieprawidłowy / Nie może być znaleziony ({0})",
    "administration_mass_kill_in_progress": "",
    "administration_mass_kill_completed": "",
    "xp_cur_reward_cleared": "Osiągnięcie poziomu {0} już nie będzie nagradzać żadnych {1}.",
    "xp_cur_reward_added": "Użytkownicy, którzy osiągną poziom {0}, otrzymają {1}.",
    "xp_level_up_rewards": "",
    "xp_role_reward": "{0} rola",
    "xp_no_level_up_rewards": "",
    "searches_failed_finding_novel": "",
    "administraton_remove_roles": "usunięto ich role",
    "administration_delmsg_channel_off": "",
    "administration_delmsg_channel_on": "",
    "administration_delmsg_channel_inherit": "",
    "administration_server_delmsgoncmd": "Ustawienia serwera",
    "administration_channel_delmsgoncmd": "",
    "help_options": "Opcje",
    "gambling_waifu_reset": "",
    "gambling_waifu_reset_fail": "",
    "gambling_waifu_reset_confirm": "",
    "gambling_cost": "",
    "music_unset_music_channel": "",
    "searches_city_not_found": "Miasto nie znalezione.",
    "administration_joined_discord": "Dołączył do Discorda",
    "administration_joined_server": "Dołączył do serwera",
    "administration_bot_config_reloaded": "",
    "xp_club_transfered": "",
    "xp_club_transfer_failed": "",
    "gambling_roll_duel_challenge": "",
    "gambling_roll_duel": "",
    "gambling_roll_duel_no_funds": "",
    "gambling_roll_duel_timeout": "",
    "gambling_roll_duel_already_challenged": "",
    "gambling_won": "",
    "gambling_transactions": "",
    "gambling_rps_draw": "",
    "gambling_rps_win": "",
    "utility_roleid": "",
    "administration_warning_clear_fail": "",
    "administration_warning_cleared": "",
    "xp_club_desc_updated": "",
    "xp_club_desc_update_failed": "",
    "searches_account_not_found": "",
    "searches_ninja_not_found": "",
    "searches_leagues_not_found": "",
    "searches_pog_not_found": "",
    "administration_reaction_roles_message": "",
    "administration_no_reaction_roles": "",
    "administration_reaction_role_removed": "",
    "administration_reaction_roles_full": "",
    "utility_reminder_list": "",
    "utility_reminder_deleted": "",
    "utility_reminder_not_exist": "",
    "utility_reminders_none": "",
    "gambling_bj_created": "",
    "gambling_bj_joined": "",
    "xp_reset": "",
    "xp_reset_server_confirm": "",
    "xp_reset_user_confirm": "",
    "xp_reset_user": "",
    "xp_reset_server": "",
    "searches_distance": "",
    "gambling_bot_list_awarded": ""
}