{
    "customreactions_all_stats_cleared": "すべてのカスタム反応がクリアされました。\n",
    "customreactions_deleted": "カスタム反応が削除されました",
    "customreactions_insuff_perms": "権限が不十分です。グローバルカスタム反応の設定にはBotの所有権が、サーバーのカスタム反応の設定には管理者の権限が必要です。\n",
    "customreactions_list_all": "すべてのカスタム反応の一覧\n",
    "customreactions_name": "カスタム反応\n",
    "customreactions_new_cust_react": "新しいカスタム反応\n",
    "customreactions_no_found": "カスタムリアクションが見つかりませんでした。\n",
    "customreactions_no_found_id": "そのIDに該当するカスタム反応が見つかりませんでした。\n",
    "customreactions_response": "反応",
    "customreactions_stats": "カスタム反応の統計\n",
    "customreactions_stats_cleared": "{0}個のカスタム反応の統計がクリアされました。\n",
    "customreactions_stats_not_found": "そのトリガーの統計は見つかりませんでした。\n",
    "customreactions_trigger": "トリガー",
    "nsfw_autohentai_stopped": "NSFW機能は停止しました。\n",
    "nsfw_not_found": "結果が見つかりません。\n",
    "pokemon_already_fainted": "{0}は既に気絶しています。\n",
    "pokemon_already_full": "{0}のHPは既に最大です。\n",
    "pokemon_already_that_type": "あなたはすでに{0}です\n",
    "pokemon_attack": "は{2} {3}に{0} {1}で攻撃し、{4}ダメージを与えました。\n",
    "pokemon_cant_attack_again": "反撃を受ける前に再び攻撃することはできません！\n",
    "pokemon_cant_attack_yourself": "あなた自身を攻撃することはできません。\n",
    "pokemon_fainted": "{0}が気絶しました！\n",
    "pokemon_healed": "{1}を1つ使ってHPを{0}回復しました\n",
    "pokemon_hp_remaining": "{0}の残りHPは{1}です。\n",
    "pokemon_invalid_move": "{0}を使用することはできません。 `{1}ml`と入力すると、使用できる攻撃の一覧が表示されます。\n",
    "pokemon_moves": "{0}タイプの攻撃一覧\n",
    "pokemon_not_effective": "効果はいまひとつです。",
    "pokemon_no_currency": "{0}が足りません。\n",
    "pokemon_revive_other": "{1}を1つ使って{0}を復活させました\n",
    "pokemon_revive_yourself": "{0}を1つ使って自分自身を復活させました\n",
    "pokemon_settype_success": "あなたのタイプは{1}を使って{0}に変更されました\n",
    "pokemon_somewhat_effective": "効果はまあまあです。\n",
    "pokemon_super_effective": "効果はバツグンです！",
    "pokemon_too_many_moves": "あなたは連続してあまりにも多くの動きを使用したので、移動することはできません！\n",
    "pokemon_type_of_user": "{0}のタイプは{1}です\n",
    "pokemon_user_not_found": "ユーザーが見つかりません。\n",
    "pokemon_you_fainted": "あなたは気絶しているので、攻撃できません！\n",
    "administration_aar_disabled": "ユーザー参加時の**役割の自動付与**が**無効**になりました。\n",
    "administration_aar_enabled": "ユーザー参加時の**役割の自動付与**が**有効**になりました。\n",
    "administration_attachments": "添付ファイル",
    "administration_avatar_changed": "画像が変更されました。\n",
    "administration_bandm": "あなたは《{0}》サーバーからBANされました。\n理由: {1}",
    "administration_banned_pl": "がBANされました",
    "administration_banned_user": "ユーザーがBANされました",
    "administration_bot_name": "Bot名が《{0}》に変更されました\n",
    "administration_bot_status": "Botのステータスが{0}に変更されました\n",
    "administration_byedel_off": "退出時メッセージの自動削除が無効になりました。\n",
    "administration_byedel_on": "退出時メッセージは{0}秒後に削除されます。\n",
    "administration_byemsg_cur": "現在の退出時メッセージ: {0}\n",
    "administration_byemsg_enable": "退出時メッセージを有効にするには、{0}と入力してください。\n",
    "administration_byemsg_new": "新しい退出時メッセージが設定されました。\n",
    "administration_bye_off": "退出時のお知らせが無効になりました。\n",
    "administration_bye_on": "このチャンネルでの退出時のお知らせが有効になりました。\n",
    "administration_ch_name_change": "チャンネル名が変更されました",
    "administration_ch_old_name": "古い名前",
    "administration_ch_topic_change": "チャンネルトピックが変更されました\n",
    "administration_cleaned_up": "クリーンアップされました。\n",
    "administration_content": "内容",
    "administration_cr": "役割《{0}》が作成されました",
    "administration_createtextchan": "テキストチャンネル《{0}》が作成されました。",
    "administration_createvoich": "ボイスチャンネル《{0}》が作成されました。",
    "administration_deafen": "指定されたユーザーのスピーカーがミュートにされました。",
    "administration_deleted_server": "《{0}》サーバーが削除されました\n",
    "administration_delmsg_off": "成功したコマンド呼び出しの自動削除を停止しました。\n",
    "administration_delmsg_on": "成功したコマンド呼び出しは自動的に削除されるようになりました。\n",
    "administration_deltextchan": "テキストチャンネル《{0}》が削除されました。\n",
    "administration_delvoich": "ボイスチャンネル《{0}》 が削除されました。\n",
    "administration_dm_from": "ダイレクトメッセージ 送信者:",
    "administration_donadd": "新しい寄付者を追加しました。このユーザーの合計寄付金額: {0} 👑\n",
    "administration_donators": "このプロジェクトを実現してくれた、下記の人々に感謝します！\n",
    "administration_fwall_start": "すべてのBot所有者にDMを転送するようになりました。",
    "administration_fwall_stop": "最初のBot所有者にのみDMを転送するようになりました。",
    "administration_fwdm_start": "Bot所有者へのDM転送がオンになりました。\n",
    "administration_fwdm_stop": "Bot所有者へのDM転送がオフになりました。\n",
    "administration_greetdel_off": "参加時メッセージの自動削除が無効になりました。\n",
    "administration_greetdel_on": "参加時メッセージは{0}秒後に削除されます。\n",
    "administration_greetdmmsg_cur": "現在の参加時DMメッセージ: {0}\n",
    "administration_greetdmmsg_enable": "参加時DMメッセージを有効にするには、{0}と入力してください。\n",
    "administration_greetdmmsg_new": "新しい参加時DMメッセージが設定されました。\n",
    "administration_greetdm_off": "DM経由の参加時のお知らせが無効になりました。",
    "administration_greetdm_on": "DM経由の参加時のお知らせが有効になりました。",
    "administration_greetmsg_cur": "現在の参加時メッセージ: {0}\n",
    "administration_greetmsg_enable": "参加時メッセージを有効にするには、{0}と入力してください。\n",
    "administration_greetmsg_new": "新しい参加時メッセージが設定されました。",
    "administration_greet_off": "参加時のお知らせが無効になりました。",
    "administration_greet_on": "このチャンネルでの参加時のお知らせが有効になりました。",
    "administration_hierarchy": "このコマンドは、自分の役割と同等か、それ以上の役割を持つユーザーには使用できません。",
    "administration_images_loaded": "{0}秒で画像が読み込まれました！",
    "administration_invalid_format": "入力フォーマットが無効です。",
    "administration_invalid_params": "パラメータが無効です。",
    "administration_joined": "{0}が《{1}》に参加しました",
    "administration_kickdm": "あなたは《{0}》サーバーからキックされました。\n理由: {1}",
    "administration_kicked_user": "ユーザーがキックされました",
    "administration_lang_list": "言語一覧",
    "administration_lang_set": "このサーバーの言語設定が{0} - {1}になりました\n",
    "administration_lang_set_bot": "Botのデフォルトの言語設定が{0} - {1}になりました\n",
    "administration_lang_set_bot_show": "Botの言語設定は{0} - {1}です。\n",
    "administration_lang_set_fail": "言語設定に失敗しました。もう一度このコマンドのヘルプを確認してください。",
    "administration_lang_set_show": "このサーバーの言語設定は{0} - {1}です。\n",
    "administration_left": "{0}が《{1}》から退出しました",
    "administration_left_server": "《{0}》サーバーから退出しました",
    "administration_log": "このチャンネルに{0}イベントを記録します。",
    "administration_log_all": "このチャンネルのすべてのイベントを記録します。",
    "administration_log_disabled": "イベントの記録が無効になりました。",
    "administration_log_events": "記録可能なイベント:",
    "administration_log_ignore": "《{0}》でのイベントは記録されないようになりました。",
    "administration_log_not_ignore": "《{0}》でのイベントは記録されるようになりました。",
    "administration_log_stop": "{0}イベントの記録が停止されました。\n",
    "administration_menrole": "{0}は以下の役割へのメンション用メッセージを呼び出しました\n",
    "administration_message_from_bo": "{0} `[Bot所有者]` からのメッセージ:\n",
    "administration_message_sent": "メッセージが送信されました。\n",
    "administration_moved": "{0}は《{1}》から《{2}》に移動しました\n",
    "administration_msg_del": "#{0} 内のメッセージが削除されました\n",
    "administration_msg_update": "#{0} 内のメッセージが更新されました",
    "administration_muted_pl": "がミュートにされました",
    "administration_muted_sn": "がミュートにされました\n",
    "administration_mute_error": "必要な権限がおそらくBotにありません。\n",
    "administration_mute_role_set": "新しいミュート用役割が設定されました。\n",
    "administration_need_admin": "実行するには**管理者**権限が必要です",
    "administration_new_msg": "新しいメッセージ",
    "administration_new_nick": "新しいニックネーム",
    "administration_new_topic": "新しいトピック",
    "administration_nick_change": "ニックネームが変更されました",
    "administration_no_server": "サーバーが見つかりませんでした。\n",
    "administration_no_shard_id": "そのIDのShardが見つかりませんでした。\n",
    "administration_old_msg": "古いメッセージ",
    "administration_old_nick": "古いニックネーム",
    "administration_old_topic": "古いトピック",
    "administration_perms": "エラー。必要な権限がおそらくBotにありません。\n",
    "administration_prot_active": "アクティブな保護\n",
    "administration_prot_disable": "このサーバーでは{0}が**無効**になりました。\n",
    "administration_prot_enable": "{0}が有効になりました\n",
    "administration_prot_error": "エラー。〈役職の管理〉権限が必要です。",
    "administration_prot_none": "有効な保護はありません。\n",
    "administration_raid_cnt": "ユーザーのしきい値は{0}～{1}の間である必要があります。\n",
    "administration_raid_stats": "{1}秒以内に{0}名以上のユーザーが参加した場合、そのユーザーらに対し{2}を行います。\n",
    "administration_raid_time": "時間は{0}〜{1}秒の間である必要があります。\n",
    "administration_rar": "{0}からすべての役割を削除しました。\n",
    "administration_rar_err": "役割を削除できませんでした。必要な権限がBotにありません。\n",
    "administration_rc": "役割《{0}》の色が変更されました。\n",
    "administration_rc_not_exist": "その役割は存在しません。\n",
    "administration_rc_params": "指定されたパラメータは無効です。\n",
    "administration_rc_perms": "色が無効であるか、権限が不足しているために、エラーが発生しました。\n",
    "administration_remrole": "{1}から役割《{0}》を削除しました\n",
    "administration_remrole_err": "役割を削除できませんでした。必要な権限がBotにありません。\n",
    "administration_renrole": "役割の名前を変更しました。",
    "administration_renrole_err": "役割の名前を変更できませんでした。必要な権限がBotにありません。\n",
    "administration_renrole_perms": "自分自身に割り当てられている最高の役割よりも上位の役割は編集できません。\n",
    "administration_reprm": "ゲーム活動メッセージを削除しました: {0}\n",
    "administration_role_added": "役割《{0}》が《{1}》グループのリストに追加されました。\n",
    "administration_role_clean": "《{0}》は見つかりませんでした。クリーンアップしました。\n",
    "administration_role_in_list": "役割《{0}》は既にリストにあります。\n",
    "administration_ropl_added": "追加されました。\n",
    "administration_ropl_disabled": "ゲーム活動状態の循環が無効になりました。\n",
    "administration_ropl_enabled": "ゲーム活動状態の循環が有効になりました。\n",
    "administration_ropl_list": "ゲーム活動状態の循環の一覧は、次のとおりです:\n{0}",
    "administration_ropl_not_set": "ゲーム活動状態の循環の設定はありません。\n",
    "administration_self_assign_already": "役割《{0}》が既に割り当てられています。\n",
    "administration_self_assign_already_excl": "排他的な自己割り当て可能な役割《{0}》が既に割り当てられています。\n",
    "administration_self_assign_excl": "自己割り当て可能な役割は排他的になりました！\n",
    "administration_self_assign_list": "自己割り当て可能な役割が{0}個あります。",
    "administration_self_assign_not": "その役割は自己割り当て可能ではありません。\n",
    "administration_self_assign_not_have": "役割《{0}》が割り当てられていません。\n",
    "administration_self_assign_no_excl": "自己割り当て可能な役割は排他的ではなくなりました！\n",
    "administration_self_assign_perms": "その役割を追加することができません。 `このBotは、Bot自身と同等か、それ以上の役割を持つ所有者や他のユーザーに、役割を追加することはできません。`\n",
    "administration_self_assign_rem": "自己割り当て可能な役割一覧から《{0}》が削除されました。\n",
    "administration_self_assign_remove": "あなたから役割《{0}》が取り除かれました。",
    "administration_self_assign_success": "あなたに役割《{0}》が割り当てられました。",
    "administration_setrole": "{1}に役割《{0}》を追加しました\n",
    "administration_setrole_err": "役割の割り当てに失敗しました。必要な権限がBotにありません。",
    "administration_set_avatar": "新しいアバターが設定されました！\n",
    "administration_set_channel_name": "新しいチャンネル名が設定されました。\n",
    "administration_set_game": "新しいゲーム活動が設定されました！\n",
    "administration_set_stream": "新しいストリームが設定されました！\n",
    "administration_set_topic": "新しいチャンネルトピックが設定されました。\n",
    "administration_shard_reconnected": "Shard {0}が再接続されました。\n",
    "administration_shard_reconnecting": "Shard {0}は再接続中です。\n",
    "administration_shutting_down": "シャットダウンしています\n",
    "administration_slowmode_desc": "ユーザーは{1}秒ごとに{0}個より多くのメッセージを送信することはできません。\n",
    "administration_slowmode_disabled": "低速モードが無効になりました。",
    "administration_slowmode_init": "低速モードが準備されました。",
    "administration_soft_banned_pl": "がソフトBANされました",
    "administration_spam_ignore": "{0}はこのチャンネルを無視するようになりました。",
    "administration_spam_not_ignore": "{0}はこのチャンネルを無視しなくなりました。",
    "administration_spam_stats": "ユーザーが連続して同じメッセージを{0}個投稿した場合は、ユーザーに対し{1}を行います。\n __例外設定されているチャンネル__: {2}",
    "administration_text_chan_created": "テキストチャンネルが作成されました。",
    "administration_text_chan_destroyed": "テキストチャンネルが削除されました。\n",
    "administration_undeafen": "指定されたユーザーのスピーカーのミュートが解除されました。",
    "administration_unmuted_sn": "のミュートが解除されました",
    "administration_username": "ユーザー名\n",
    "administration_username_changed": "ユーザー名が変更されました\n",
    "administration_users": "ユーザー",
    "administration_user_banned": "ユーザーがBANされました\n",
    "administration_user_chat_mute": "{0}はチャット上で**ミュートにされました**。\n",
    "administration_user_chat_unmute": "{0}はチャット上の**ミュートが解除されました**。\n",
    "administration_user_joined": "ユーザーが参加しました\n",
    "administration_user_left": "ユーザーが退出しました",
    "administration_user_muted": "{0}はテキストチャットとボイスチャット上で**ミュートにされました**。\n",
    "administration_user_role_add": "ユーザーに役割を割り当てました",
    "administration_user_role_rem": "ユーザーから役割を取り除きました",
    "administration_user_status_change": "{0}は{1}になりました",
    "administration_user_unmuted": "{0}はテキストチャットとボイスチャット上での**ミュートが解除されました**。\n",
    "administration_user_vjoined": "{0}はボイスチャンネル《{1}》に参加しました。",
    "administration_user_vleft": "{0}はボイスチャンネル《{1}》から退出しました。",
    "administration_user_vmoved": "{0}はボイスチャンネル《{1}》から《{2}》に移動しました。\n",
    "administration_user_voice_mute": "{0}は**音声ミュートにされました**。\n",
    "administration_user_voice_unmute": "{0}の**音声ミュートが解除されました**。",
    "administration_voice_chan_created": "ボイスチャンネルが作成されました",
    "administration_voice_chan_destroyed": "ボイスチャンネルが削除されました",
    "administration_vt_disabled": "音声+テキスト機能が無効になりました。\n",
    "administration_vt_enabled": "音声+テキスト機能が有効になりました\n",
    "administration_vt_exit": "このBotには〈**役職の管理**〉権限か〈**チャンネル管理**〉権限、またはその両方がないため、《{0}》サーバー上で音声+テキスト機能を実行することができません。",
    "administration_vt_no_admin": "あなたはこの機能を有効または無効にしようとしていますが、**このBotには〈管理者〉権限がありません。**そのため何らかの問題が発生し、後でテキストチャンネルをクリーンアップする必要があるかもしれません。",
    "administration_vt_perms": "この機能を有効にするには、少なくとも〈**役割の管理**〉権限と〈**チャンネル管理**〉権限が必要です。（可能ならば〈管理者〉権限がよい）\n",
    "administration_xmuted_text": "テキストチャット上で、ユーザー{0}\n",
    "administration_xmuted_text_and_voice": "テキストチャットとボイスチャット上で、ユーザー{0}\n",
    "administration_xmuted_voice": "ボイスチャット上で、ユーザー",
    "administration_sbdm": "あなたは《{0}》サーバーからソフトBANされました。\n理由: {1}",
    "administration_user_unbanned": "ユーザーのBANが解除されました",
    "administration_migration_done": "移行が完了しました！\n",
    "administration_presence_updates": "ステータスが更新されました",
    "administration_sb_user": "ユーザがソフトBANされました",
    "gambling_awarded": "は{1}に{0}を授与しました\n",
    "gambling_better_luck": "次は運が良いといいですね ^_^\n",
    "gambling_br_win": "おめでとうございます！ {1}より大きい数が出たので、あなたは{0}を獲得しました",
    "gambling_deck_reshuffled": "山札がシャッフルされました。",
    "gambling_flipped": "はコインを投げ、{0}が出ました。",
    "gambling_flip_guess": "その通り！ あなたは{0}を獲得しました\n",
    "gambling_flip_invalid": "無効な番号が指定されました。1～{0}個のコインを投げることが可能です。\n",
    "gambling_gifted": "は{1}に{0}をプレゼントしました\n",
    "gambling_has": "{0}は{1}持っています。\n",
    "gambling_heads": "表",
    "gambling_leaderboard": "リーダーボード\n",
    "gambling_mass_award": "役割《{2}》の{1}人のユーザーに{0}を授与しました。\n",
    "gambling_max_bet_limit": "{0}より大きい賭けはできません\n",
    "gambling_min_bet_limit": "{0}より小さい賭けはできません\n",
    "gambling_not_enough": "{0}が足りません。\n",
    "gambling_no_more_cards": "山札にはもうカードがありません。\n",
    "gambling_raffled_user": "ユーザーを抽選しました\n",
    "gambling_roll": "ロールして、{0}が出た。\n",
    "gambling_slot_bet": "賭け花",
    "gambling_slot_jackpot": "ヒヤッホォォォウ！！！ おめでとう！ 倍率 {0}倍",
    "gambling_slot_single": "{0}1個, 倍率 {1}倍",
    "gambling_slot_three": "ラッキーだね！ 3個出たぞ！ 倍率 {0}倍\n",
    "gambling_slot_two": "調子いいね！ {0}2個 - 倍率 {1}倍\n",
    "gambling_sneakygamestatus_desc": "秘密のコードを入力して{0}をもらおう\n{1}秒間続きます。誰にも言わないでね。",
    "gambling_sneakygamestatus_end": "こそこそゲームステータス大会が終了しました。 {0}ユーザーが報酬を受け取りました。",
    "gambling_sneakygamestatus_title": "こそこそゲームステータス大会が始まりました",
    "gambling_tails": "裏",
    "gambling_take": "{1}から{0}を正常に受け取りました\n",
    "gambling_take_fail": "{1}の持っている{2}が足りないので、{0}を受け取ることができませんでした！\n",
    "help_back_to_toc": "目次に戻る\n",
    "help_bot_owner_only": "Bot所有者のみ\n",
    "help_channel_permission": "チャンネル上で〈{0}〉権限が必要です。\n",
    "help_cmdlist_donate": "Patreonでこのプロジェクトを支援することができます: <{0}> または paypal:\n <{1}>\n",
    "help_cmd_and_alias": "コマンドとエイリアス\n",
    "help_commandlist_regen": "コマンドリストが再生成されました。\n",
    "help_commands_instr": "`{0}h コマンド名`と入力すると、そのコマンドのヘルプが表示されます。例: `{0}h {0}8ball`\n",
    "help_command_not_found": "コマンドが見つかりません。コマンドが存在するか確認して、もう一度お試しください。\n",
    "help_desc": "説明",
    "help_donate": "あなたはNadekoBotプロジェクトを\nPatreon <{0}> や\nPaypal <{1}> で応援することができます。\nメッセージに、あなたのDiscord上の名前やIDを書いてくださいね。\n\n**ありがとうございました** ♥",
    "help_guide": "**コマンド一覧**: <{0}>\n**運営ガイドとドキュメントはこちら**: <{1}>",
    "help_list_of_commands": "コマンド一覧\n",
    "help_list_of_modules": "モジュール一覧",
    "help_modules_footer": "`{0}cmds モジュール名`と入力すると、そのモジュールのコマンド一覧が表示されます。例: `{0}cmds games`\n",
    "help_module_not_found": "そのモジュールは存在しません。\n",
    "help_server_permission": "サーバー上で〈{0}〉権限が必要です。\n",
    "help_table_of_contents": "目次\n",
    "help_usage": "使用方法\n",
    "nsfw_autohentai_started": "Autohentaiを開始しました。{0}秒ごとに次のいずれかのタグの画像を投稿します: \n{1}\n",
    "nsfw_tag": "タグ",
    "gambling_animal_race": "アニマルレース",
    "gambling_animal_race_failed": "参加者不足のため発走できませんでした。",
    "gambling_animal_race_full": "参加者が揃いました！ まもなく発走します。",
    "gambling_animal_race_join": "{0}は{1}として参加しました。",
    "gambling_animal_race_join_bet": "{0}は{1}として参加し、{2}を賭けました！",
    "gambling_animal_race_join_instr": "レースに参加するには {0}jr と入力してください。",
    "gambling_animal_race_starting": "参加者が揃うか、20秒経過後に発走します。",
    "gambling_animal_race_starting_with_x": "参加者{0}人で発走します。",
    "gambling_animal_race_won": "{1}の{0}がレースに勝利しました！\n",
    "gambling_animal_race_won_money": "{1}の{0}がレースに勝利し、{2}獲得しました！\n",
    "gambling_dice_invalid_number": "数が正しくありません。一度に{0}～{1}個のサイコロを振ることができます。",
    "gambling_dice_rolled": "はサイコロを振り、{0}が出ました。\n",
    "gambling_dice_rolled_num": "サイコロを振りました: {0}個",
    "gambling_race_failed_starting": "発走できませんでした。おそらく他のレースが行われています。",
    "gambling_race_not_exist": "このサーバーでは、レースは開催されていません。",
    "gambling_second_larger_than_first": "2番目の数を、1番目の数よりも大きくしてください。",
    "gambling_changes_of_heart": "心の変化",
    "gambling_claimed_by": "ヨメ主張者",
    "gambling_divorces": "離婚回数\n",
    "gambling_likes": "好きな人",
    "gambling_price": "値段",
    "gambling_waifus_none": "ヨメはまだ主張されていません。",
    "gambling_waifus_top_waifus": "上位のヨメ",
    "gambling_waifu_affinity_already": "婚姻関係が既にそのヨメに設定されているか、婚姻関係が未設定にもかかわらず削除しようとしています。",
    "gambling_waifu_affinity_changed": "は{0}から{1}に婚姻関係を変更しました。\n\n*道徳的にどうなんでしょうかねぇ。* 🤔",
    "gambling_waifu_affinity_cooldown": "婚姻関係を再度変更するには、{0}時間{1}分待つ必要があります。\n",
    "gambling_waifu_affinity_reset": "婚姻関係がリセットされます。あなたは好きな人がいないことになります。\n",
    "gambling_waifu_affinity_set": "{0}のヨメになりたい。 キャー！ はぁと",
    "gambling_waifu_claimed": "は{1}使って{0}のヨメを主張しました！\n",
    "gambling_waifu_divorced_like": "あなたが、あなたのことが好きなヨメと離婚しました。この人でなしめ。\n{0}は補償として{1}を受け取りました。",
    "gambling_waifu_egomaniac": "自分自身と結婚することはできませんよ、ナルシストさん。\n",
    "gambling_waifu_fulfilled": "🎉彼らの愛が成就した！ 🎉\n{0}の新しい値段は{1}です！",
    "gambling_waifu_isnt_cheap": "そんなに安いヨメはいません。ヨメをもらうには、実際の値段が{0}より低い場合でも、最低{0}を支払う必要があります。",
    "gambling_waifu_not_enough": "ヨメを主張するのに{0}以上支払う必要があります！\n",
    "gambling_waifu_not_yours": "そのヨメはあなたのヨメではありません。\n",
    "gambling_waifu_not_yourself": "自分自身をヨメとして主張することはできません。\n",
    "gambling_waifu_recent_divorce": "あなたは最近離婚しましたね。もう一度離婚するには{0}時間{1}分待つ必要があります。\n",
    "gambling_nobody": "いない",
    "gambling_waifu_divorced_notlike": "あなたは、あなたのことが好きではないヨメと離婚しました。{0}取り戻しました。\n",
    "games_8ball": "エイトボール",
    "games_acrophobia": "あいうえお作文ゲーム\n",
    "games_acro_ended_no_sub": "回答が無かったためゲームは終了しました。",
    "games_acro_no_votes_cast": "投票がありませんでした。勝者無しでゲームは終了しました。\n",
    "games_acro_nym_was": "お題は{0}でした。",
    "games_acro_running": "あいうえお作文ゲームは既にこのチャンネルで行われています。\n",
    "games_acro_started": "ゲームが始まりました。{0}を頭文字とした文章を作ってください。",
    "games_acro_started_footer": "回答制限時間は{0}秒です。\n",
    "games_acro_submit": "{0}が回答を提出しました。（合計提出数: {1}）",
    "games_acro_vote": "回答の番号を入力して投票してください",
    "games_acro_vote_cast": "{0}が投票をしました！\n",
    "games_acro_winner": "勝者は{1}点の{0}です。\n",
    "games_acro_winner_only": "{0}しか回答を提出しなかったので勝者は{0}です！",
    "games_question": "質問",
    "games_submissions_closed": "回答の受付が終了しました",
    "gambling_animal_race_already_started": "アニマルレースは既に始まっています。\n",
    "gambling_total_average": "合計: {0} 平均: {1}\n",
    "games_category": "カテゴリー",
    "games_cleverbot_disabled": "このサーバーではCleverbotが無効になりました。",
    "games_cleverbot_enabled": "このサーバーではCleverbotが有効になりました。",
    "games_curgen_disabled": "このチャンネルでは通貨生成機能が無効になりました",
    "games_curgen_enabled": "このチャンネルでは通貨生成機能が有効になりました",
    "games_curgen_pl": "{0}個のランダム{1}が登場しました！",
    "games_curgen_sn": "ランダム{0}が出現！",
    "games_failed_loading_question": "質問の読み込みに失敗しました。",
    "games_game_started": "ゲームが始まりました。",
    "games_hangman_game_started": "ハングマンゲームが始まりました。",
    "games_hangman_running": "ハングマンゲームはすでにこのチャンネルで開始されています。",
    "games_hangman_start_errored": "ハングマンのスタート時にエラーが起きました。",
    "games_hangman_types": "「{0}hangman」の出題分野一覧:\n",
    "games_leaderboard": "リーダーボード",
    "games_not_enough": "{0}が足りません。",
    "games_no_results": "結果がありません。",
    "games_picked": "は{0}を拾いました。",
    "games_planted": "{0}個植えました{1}",
    "games_trivia_already_running": "トリビアゲームは既にこのサーバーで行われています。",
    "games_trivia_game": "トリビアゲーム",
    "games_trivia_guess": "{0}のお答えのとおり！ 正解は {1} でした。",
    "games_trivia_none": "トリビアゲームはこのサーバーでは行われていません。",
    "games_trivia_points": "{0}は{1}ポイント持っています。",
    "games_trivia_stopping": "この質問のあと終了します。",
    "games_trivia_times_up": "時間切れです。正解は {0} でした。",
    "games_trivia_win": "{0}のお答えのとおり！ そしてあなたの勝ちです！！  正解は {1} でした。",
    "games_ttt_against_yourself": "ひとりではゲームできません。",
    "games_ttt_already_running": "三目並べは既にこのサーバーで行われています。",
    "games_ttt_a_draw": "引き分け！",
    "games_ttt_created": "が三目並べを準備しました。",
    "games_ttt_has_won": "{0}の勝ち！",
    "games_ttt_matched_three": "3つ揃いました",
    "games_ttt_no_moves": "勝負は終了です！",
    "games_ttt_time_expired": "時間切れです！",
    "games_ttt_users_move": "{0}の手番",
    "games_vs": "{0}対{1}",
    "music_attempting_to_queue": "キューに{0}曲追加しようとしています...",
    "music_autoplay_disabled": "自動再生が無効になりました。",
    "music_autoplay_enabled": "自動再生が有効になりました。",
    "music_defvol_set": "デフォルトの音量を{0}%に設定しました。",
    "music_dir_queue_complete": "ディレクトリからの読み込みが完了しました。",
    "music_fairplay": "フェアプレイ",
    "music_finished_song": "曲が終わりました",
    "music_fp_disabled": "フェアプレイが無効になりました。",
    "music_fp_enabled": "フェアプレイが有効になりました。",
    "music_from_position": "変更前:",
    "music_id": "ID",
    "music_invalid_input": "不適切な入力。",
    "music_max_playtime_none": "最大再生時間が無制限になりました。",
    "music_max_playtime_set": "最大再生時間を{0}秒に設定しました。",
    "music_max_queue_unlimited": "最大キューサイズが無制限になりました。",
    "music_max_queue_x": "最大キューサイズを{0}トラックに設定しました。",
    "music_must_be_in_voice": "このサーバーのボイスチャンネルにいる必要があります。",
    "music_name": "曲名",
    "music_now_playing": "再生中の曲",
    "music_no_player": "有効な音楽プレーヤーがありません。",
    "music_no_search_results": "検索結果はありません。",
    "music_paused": "音楽の再生を一時停止しました。",
    "music_player_queue": "プレーヤーキュー - ページ {0}/{1}",
    "music_playing_song": "#{0}の曲を再生しています。",
    "music_playlists": "`#{0}` - 「**{1}**」 作者: *{2}* （全{3}曲）",
    "music_playlists_page": "保存された再生リストの{0}ページ目",
    "music_playlist_deleted": "再生リストが削除されました。",
    "music_playlist_delete_fail": "再生リストを削除できませんでした。。指定された再生リストが存在しないか、削除する権限がありません。",
    "music_playlist_id_not_found": "指定されたIDの再生リストが存在しません。",
    "music_playlist_queue_complete": "再生リストからの読み込みが完了しました。",
    "music_playlist_saved": "再生リストを保存しました",
    "music_play_limit": "上限 {0}秒",
    "music_queue": "キュー",
    "music_queued_song": "キューに追加しました",
    "music_queue_cleared": "キューが消去されました。",
    "music_queue_full": "キューには{0}曲までしか追加できません。",
    "music_removed_song": "曲が削除されました",
    "music_repeating_cur_song": "現在の曲を繰り返し再生します",
    "music_repeating_playlist": "再生リストを繰り返し再生します",
    "music_repeating_track": "この曲を繰り返し再生します。",
    "music_repeating_track_stopped": "この曲の繰り返し再生を中止しました。",
    "music_resumed": "音楽の再生を再開しました。",
    "music_rpl_disabled": "再生リストの繰り返し再生が無効になりました。",
    "music_rpl_enabled": "再生リストの繰り返し再生が有効になりました。",
    "music_set_music_channel": "このBotにより、このチャンネルでは音楽の再生・停止・一時停止・削除が可能になりました。",
    "music_skipped_to": "`{0}:{1}`にスキップしました。",
    "music_song_moved": "曲を移動しました",
    "music_time_format": "{0}時間{1}分{2}秒",
    "music_to_position": "変更後:",
    "music_unlimited": "無制限",
    "music_volume_input_invalid": "音量は0～100の数字である必要があります。",
    "music_volume_set": "音量を{0}%に設定しました",
    "permissions_acm_disable": "《{0}》チャンネルでは、**すべてのモジュール**の使用が無効になりました。",
    "permissions_acm_enable": "《{0}》チャンネルでは、**すべてのモジュール**の使用が有効になりました。",
    "permissions_allowed": "許可",
    "permissions_arm_disable": "役割《 {0}》による、**すべてのモジュール**の使用が無効になりました。",
    "permissions_arm_enable": "役割《 {0}》による、**すべてのモジュール**の使用が有効になりました。",
    "permissions_asm_disable": "このサーバーでは、**すべてのモジュール**の使用が無効になりました。",
    "permissions_asm_enable": "このサーバーでは、**すべてのモジュール**の使用が有効になりました。",
    "permissions_aum_disable": "{0}による、**すべてのモジュール**の使用が無効になりました。",
    "permissions_aum_enable": "{0}による、**すべてのモジュール**の使用が有効になりました。",
    "permissions_blacklisted": "{0}（ID: {1}）をブラックリストに登録しました。",
    "permissions_cmdcd_add": "{0}コマンドの連続使用禁止時間を{1}秒に設定しました。",
    "permissions_cmdcd_cleared": "{0}コマンドの連続使用禁止時間を0秒に設定し、現在有効な使用禁止処置をすべて解除しました。",
    "permissions_cmdcd_none": "コマンドの連続使用禁止時間が設定されていません。",
    "permissions_command_costs": "コマンドコスト",
    "permissions_cx_disable": "《{2}》チャンネルでは、{0}{1}の使用が無効になりました。",
    "permissions_cx_enable": "《{2}》チャンネルでは、{0}{1}の使用が有効になりました。",
    "permissions_denied": "不許可",
    "permissions_filter_word_add": "フィルター対象語句一覧に「{0}」を追加しました。",
    "permissions_filter_word_list": "フィルター対象語句一覧",
    "permissions_filter_word_remove": "フィルター対象語句一覧から「{0}」を削除しました。",
    "permissions_invalid_second_param_between": "第2パラメータが無効です。（{0}～{1}の数字である必要があります）\n",
    "permissions_invite_filter_channel_off": "このチャンネルでは、招待のフィルタリングが無効になりました。",
    "permissions_invite_filter_channel_on": "このチャンネルでは、招待のフィルタリングが有効になりました。",
    "permissions_invite_filter_server_off": "このサーバーでは、招待のフィルタリングが無効になりました。",
    "permissions_invite_filter_server_on": "このサーバーでは、招待のフィルタリングが有効になりました。",
    "permissions_moved_permission": "{1}番目の権限設定「{0}」を{2}番目に移動しました\n",
    "permissions_not_found": "{0}番目の権限設定が見つかりません\n",
    "permissions_no_costs": "コストを0に設定しました。",
    "permissions_of_command": "コマンド",
    "permissions_of_module": "モジュール",
    "permissions_page": "権限設定 {0}ページ目",
    "permissions_permrole": "現在の権限設定用役割は《{0}》です。",
    "permissions_permrole_changed": "権限設定用役割が《{0}》に変更されました。",
    "permissions_perm_out_of_range": "指定された番号には権限設定がありません。",
    "permissions_removed": "{0}番目の権限設定「{1}」を削除しました。",
    "permissions_rx_disable": "役割《 {2}》による、{0}{1}の使用が無効になりました。",
    "permissions_rx_enable": "役割《 {2}》による、{0}{1}の使用が有効になりました。",
    "permissions_sec": "秒",
    "permissions_sx_disable": "このサーバーでは、{0}{1}の使用が無効になりました。",
    "permissions_sx_enable": "このサーバーでは、{0}{1}の使用が有効になりました。",
    "permissions_unblacklisted": "「{0}」（ID: {1}）をブラックリストから削除しました",
    "permissions_uneditable": "編集不可能",
    "permissions_ux_disable": "{2}による、{0}{1}の使用が無効になりました。",
    "permissions_ux_enable": "{2}による、{0}{1}の使用が有効になりました。",
    "permissions_verbose_false": "このBotによる権限不足エラーを表示しないようにしました。\n",
    "permissions_verbose_true": "このBotによる権限不足エラーを表示するようにしました。\n",
    "permissions_word_filter_channel_off": "このチャンネルでは、語句のフィルタリングが無効になりました。",
    "permissions_word_filter_channel_on": "このチャンネルでは、語句のフィルタリングが有効になりました。",
    "permissions_word_filter_server_off": "このサーバーでは、語句のフィルタリングが無効になりました。",
    "permissions_word_filter_server_on": "このサーバーでは、語句のフィルタリングが有効になりました。",
    "searches_abilities": "能力",
    "searches_anime_no_fav": "好きなアニメは、まだありません。",
    "searches_atl_ad_started": "このチャンネルで、メッセージ自動翻訳を開始しました。翻訳前のメッセージは自動的に削除されます。",
    "searches_atl_removed": "あなたのメッセージの自動翻訳を停止しました。",
    "searches_atl_set": "あなたのメッセージは{0}から{1}に自動翻訳されるようになりました。",
    "searches_atl_started": "このチャンネルで、メッセージ自動翻訳を開始しました。",
    "searches_atl_stopped": "このチャンネルでのメッセージ自動翻訳を停止しました。",
    "searches_bad_input_format": "入力形式が正しくないか、何かが間違っていました。\n",
    "searches_card_not_found": "そのカードは見つかりませんでした。\n",
    "searches_catfact": "事実",
    "searches_chapters": "チャプター数\n",
    "searches_comic_number": "コミック No.\n",
    "searches_compet_loses": "ランクマッチの敗北数",
    "searches_compet_played": "ランクマッチのプレイ数",
    "searches_compet_rank": "ランクマッチの順位",
    "searches_compet_wins": "ランクマッチの勝利数",
    "searches_completed": "視聴終了",
    "searches_condition": "天気",
    "searches_cost": "コスト",
    "searches_date": "月／年",
    "searches_define": "定義:",
    "searches_dropped": "視聴中止",
    "searches_episodes": "エピソード数\n",
    "searches_error_occured": "エラーが発生しました。\n",
    "searches_example": "例",
    "searches_failed_finding_anime": "指定されたアニメが見つかりませんでした。",
    "searches_failed_finding_manga": "指定されたマンガが見つかりませんでした。",
    "searches_genres": "ジャンル",
    "searches_hashtag_error": "指定されたハッシュタグの定義が見つかりませんでした。",
    "searches_height_weight": "高さ／重さ",
    "searches_height_weight_val": "{0}m／{1}kg",
    "searches_humidity": "湿度",
    "searches_image_search_for": "画像検索:\n",
    "searches_imdb_fail": "指定された映画が見つかりませんでした。\n",
    "searches_invalid_lang": "翻訳元か翻訳先の言語が正しくありません。",
    "searches_jokes_not_loaded": "ジョークは読み込まれませんでした。\n",
    "searches_latlong": "緯度／経度\n",
    "searches_level": "レベル\n",
    "searches_list_of_place_tags": "{0}placeコマンド用のタグ一覧",
    "searches_location": "場所",
    "searches_magicitems_not_loaded": "マジックアイテムは読み込まれませんでした。",
    "searches_mal_profile": "{0}のMALプロフィール",
    "searches_mashape_api_missing": "ボットの所有者がMashapeApiKeyを指定していないため、この機能は使用できません。\n",
    "searches_min_max": "最低気温／最高気温",
    "searches_no_channel_found": "チャンネルが見つかりませんでした。",
    "searches_no_results": "結果が見つかりませんでした。\n",
    "searches_on_hold": "視聴保留",
    "searches_original_url": "元のURL",
    "searches_osu_api_key": "osu!のAPIキーが必要です。\n",
    "searches_osu_failed": "osu! シグネチャを取得できませんでした。\n",
    "searches_over_x": "画像が{0}枚以上見つかりました。ランダムに{0}枚表示させています。",
    "searches_ow_user_not_found": "ユーザーが見つかりません！地域とバトルタグを確認して、もう一度お試しください。",
    "searches_plan_to_watch": "視聴予定",
    "searches_platform": "プラットホーム",
    "searches_pokemon_ability_none": "とくせいが見つかりませんでした。\n",
    "searches_pokemon_none": "ポケモンが見つかりませんでした。\n",
    "searches_profile_link": "プロフィールへのリンク:",
    "searches_quality": "記事のクオリティ:\n",
    "searches_quick_playtime": "クイックプレイのプレイ時間\n",
    "searches_quick_wins": "クイックプレイの勝利数",
    "searches_rating": "レート",
    "searches_score": "評価:",
    "searches_search_for": "検索:",
    "searches_shorten_fail": "指定されたURLの短縮に失敗しました。\n",
    "searches_short_url": "短縮したURL",
    "searches_something_went_wrong": "何らかのエラーが発生しました。",
    "searches_specify_search_params": "検索パラメータを指定してください。\n",
    "searches_status": "状態",
    "searches_store_url": "ストアへのURL\n",
    "searches_streamer_offline": "配信者{0}は現在配信していません。",
    "searches_streamer_online": "配信者{0}は配信中です。（視聴者数: {1}）\n",
    "searches_streams_following": "このサーバーでは、あなたは{0}個の配信をフォローしています。\n",
    "searches_streams_none": "このサーバーでは、あなたは配信をフォローしていません。\n",
    "searches_stream_no": "該当する配信はありません。",
    "searches_stream_not_exist": "おそらくその配信は存在しません。\n",
    "searches_stream_removed": "{0}の配信（{1}）の通知設定が削除されました。\n",
    "searches_stream_tracked": "このチャンネルに、配信状態の変更が通知されるようになりました。",
    "searches_sunrise": "日の出\n",
    "searches_sunset": "日の入り",
    "searches_temperature": "温度\n",
    "searches_title": "タイトル:\n",
    "searches_top_3_fav_anime": "お気に入りのアニメトップ3:\n",
    "searches_translation": "翻訳:\n",
    "searches_types": "タイプ\n",
    "searches_ud_error": "指定された語句の定義が見つかりませんでした。\n",
    "searches_url": "URL\n",
    "searches_viewers": "視聴者数",
    "searches_watching": "視聴中",
    "searches_wikia_error": "指定されたウィキア上で、指定された語句が見つかりませんでした。\n",
    "searches_wikia_input_error": "検索するウィキアを入力し、続けて検索クエリを入力してください。\n",
    "searches_wiki_page_not_found": "ページが見つかりませんでした。\n",
    "searches_wind_speed": "風速\n",
    "searches_x_most_banned_champs": "最もBANされているチャンピオントップ{0}",
    "searches_yodify_error": "文章をヨーダ語に翻訳できませんでした。\n",
    "utiliity_joined": "参加した\n",
    "utility_activity_line": "`{0}.` {1} [毎秒 {2:F2}]  -  合計{3}",
    "utility_activity_page": "アクティビティ {0}ページ目\n",
    "utility_activity_users_total": "ユーザー数合計: {0}\n",
    "utility_author": "制作者\n",
    "utility_botid": "Bot ID\n",
    "utility_calcops": "{0}calcコマンド用の関数一覧",
    "utility_channelid": "このチャンネルの{0}は{1}です\n",
    "utility_channel_topic": "チャンネルトピック\n",
    "utility_commands_ran": "実行されたコマンド数",
    "utility_convert": "{0} {1} は {2} {3}\n",
    "utility_convertlist": "コンバータで使用できる単位\n",
    "utility_convert_not_found": "{0}から{1}に変換できません: 単位がみつかりません\n",
    "utility_convert_type_error": "{0}から{1}に変換できません: 単位の種類が同じではありません\n",
    "utility_created_at": "作成日\n",
    "utility_custom_emojis": "カスタム絵文字\n",
    "utility_error": "エラー",
    "utility_features": "特徴",
    "utility_id": "ID",
    "utility_index_out_of_range": "インデックスが範囲外です。\n",
    "utility_inrole_list": "役割《{0}》のユーザー一覧",
    "utility_inrole_not_allowed": "悪用防止のため、多数のユーザーが割り当てられている役割に対して、このコマンドを使用することはできません。\n",
    "utility_invalid_value": "{0}の値が無効です。\n",
    "utility_joined_discord": "Discord登録日時",
    "utility_joined_server": "サーバー参加日時",
    "utility_listservers": "ID: {0}\nメンバー数: {1}\nオーナーID: {2}",
    "utility_listservers_none": "指定されたページには、サーバーはありません。\n",
    "utility_list_of_repeaters": "連投機一覧",
    "utility_members": "メンバー数",
    "utility_memory": "メモリ\n",
    "utility_messages": "メッセージ",
    "utility_message_repeater": "メッセージ連投機",
    "utility_name": "名前",
    "utility_nickname": "ニックネーム",
    "utility_nobody_playing_game": "指定されたゲームをプレイしている人はいません。\n",
    "utility_no_active_repeaters": "稼働中の連投機はありません。",
    "utility_no_roles_on_page": "このページには、役割はありません。\n",
    "utility_no_shards_on_page": "このページには、Shardはありません。\n",
    "utility_no_topic_set": "トピックは設定されていません。",
    "utility_owner": "オーナー",
    "utility_owner_ids": "オーナーID",
    "utility_presence": "稼働場所",
    "utility_presence_txt": "サーバー: {0}個\nテキストチャンネル: {1}個\nボイスチャンネル: {2}個",
    "utility_quotes_deleted": "キーワード「{0}」の引用句を全て削除しました。",
    "utility_quotes_page": "引用句 {0}ページ目",
    "utility_quotes_page_none": "指定されたページには引用句がありません。",
    "utility_quotes_remove_none": "削除できる引用句が見つかりませんでした。",
    "utility_quote_added": "引用句を追加しました",
    "utility_quote_deleted": "{0}番目の引用句を削除しました。",
    "utility_region": "地域",
    "utility_registered_on": "登録者\n",
    "utility_remind": "{2}後（{3:yyyy\"年\"M\"月\"d\"日\"} {4:HH\"時\"mm\"分\"}）に、「{1}」を{0}にお知らせします。\n",
    "utility_remind_invalid_format": "有効な時刻形式ではありません。コマンドリストを確認してください。\n",
    "utility_remind_template": "新しいリマインダーのテンプレートが設定されました。\n",
    "utility_repeater": "「{0}」を{1}日{2}時間{3}分ごとに繰り返します。\n",
    "utility_repeaters_list": "連投機一覧",
    "utility_repeaters_none": "このサーバーでは、実行中の連投機はありません。\n",
    "utility_repeater_stopped": "#{0}を停止させました。\n",
    "utility_repeat_invoke_none": "このサーバーでは、連投するメッセージはありません。\n",
    "utility_result": "結果",
    "utility_roles": "役割",
    "utility_roles_all_page": "このサーバーの全役割一覧 {0}ページ目",
    "utility_roles_page": "{1}の役割一覧 {0}ページ目\n",
    "utility_rrc_no_colors": "色の指定形式が正しくありません。正しい例: `#00ff00`\n",
    "utility_rrc_start": "役割《{0}》の色のローテーションを開始しました。\n",
    "utility_rrc_stop": "役割《{0}》の色のローテーションを停止しました。\n",
    "utility_serverid": "このサーバーの{0}は{1}です。",
    "utility_server_info": "サーバー情報",
    "utility_shard": "Shard",
    "utility_shard_stats": "Shardの統計\n",
    "utility_shard_stats_txt": "Shard**#{0} **は、{2}個のサーバーで{1}状態です（{3} 前）\n",
    "utility_showemojis": "**名前:** {0} **リンク:** {1}\n",
    "utility_showemojis_none": "特別な絵文字は見つかりませんでした。\n",
    "utility_stats_songs": "{0}の曲を再生しています。{1}がキューに入っています。\n",
    "utility_text_channels": "テキストチャンネル",
    "utility_togtub_room_link": "あなたのroomへのリンクはこちら:\n",
    "utility_uptime": "稼働時間",
    "utility_userid": "{1}の{0}は{2}です",
    "utility_users": "ユーザー",
    "utility_voice_channels": "ボイスチャンネル",
    "gambling_animal_race_already_in": "このレースにもう参加しています！",
    "games_current_poll_results": "現在の投票状況",
    "games_no_votes_cast": "投票は行われません。\n",
    "games_poll_already_running": "ポーリングは既にこのサーバー上で実行されています。\n",
    "games_poll_created": "📃 {0}が投票を作成しました。",
    "games_poll_result": "`{0}.` 「{1}」 投票数: {2}\n",
    "games_poll_voted": "{0}が投票しました。\n",
    "games_poll_vote_private": "回答番号をこのBotにDMで送信してください。\n",
    "games_poll_vote_public": "回答番号をこのチャンネルへ送信してください。",
    "games_thanks_for_voting": "{0}さん、ご投票ありがとうございました。",
    "games_x_votes_cast": "総投票数: {0}\n",
    "games_pick_pl": "拾うには、`{0}pick`と入力してください。\n",
    "games_pick_sn": "拾うには、`{0}pick`と入力してください。\n",
    "gambling_no_users_found": "ユーザーは見つかりませんでした。\n",
    "gambling_page": "{0}ページ目",
    "administration_must_be_in_voice": "このサーバー上のボイスチャンネルにいなければなりません。\n",
    "administration_no_vcroles": "ボイスチャンネル用の役割はありません。\n",
    "administration_user_muted_time": "{0}は{1}分間、テキストチャットとボイスチャット上で**ミュートにされました**。\n",
    "administration_vcrole_added": "ボイスチャンネル《{0}》に参加するユーザーに、役割《{1}》が割り当てられるようになりました。\n",
    "administration_vcrole_removed": "ボイスチャンネル《{0}》に参加するユーザーには、役割《{1}》が割り当てられなくなりました。\n",
    "administration_vc_role_list": "ボイスチャンネル用の役割",
    "customreactions_crad_disabled": "ID{0}のカスタム反応のトリガーとなったメッセージが、自動的に削除されなくなりました。\n",
    "customreactions_crad_enabled": "ID{0}のカスタム反応のトリガーとなったメッセージが、自動的に削除されるようになりました。",
    "customreactions_crdm_disabled": "ID{0}のカスタム反応の応答メッセージが、DMとして送信されなくなりました。\n",
    "customreactions_crdm_enabled": "ID{0}のカスタム反応の応答メッセージが、DMとして送信されるようになりました。",
    "utility_aliases_none": "エイリアスがありません。\n",
    "utility_alias_added": "{0}を入力すると、{1}のエイリアスになります。\n",
    "utility_alias_list": "エイリアスのリスト\n",
    "utility_alias_removed": "トリガ{0}にエイリアスがありません。\n",
    "utility_alias_remove_fail": "トリガ{0}にエイリアスがありませんでした。\n",
    "searches_compet_playtime": "競争力のあるプレイタイム\n",
    "administration_channel": "チャンネル",
    "administration_command_text": "コマンドテキスト\n",
    "administration_kicked_pl": "キックド\n",
    "administration_moderator": "モデレータ\n",
    "administration_page": "ページ{0}\n",
    "administration_reason": "理由",
    "administration_scadd": "新しい起動コマンドが追加されました。\n",
    "administration_scrm": "起動コマンドが正常に削除されました。\n",
    "administration_scrm_fail": "起動コマンドが見つかりません。\n",
    "administration_server": "サーバー",
    "administration_startcmdlist_none": "このページには起動コマンドはありません。\n",
    "administration_startcmds_cleared": "すべての起動コマンドをクリアしました。\n",
    "administration_unbanned_user": "ユーザー{0}はブロックされていません。\n",
    "administration_user_not_found": "ユーザーが見つかりません。\n",
    "administration_user_warned": "ユーザー{0}は警告されました。\n",
    "administration_user_warned_and_punished": "ユーザー{0}に警告があり、{1}罰が適用されました。\n",
    "administration_warned_on": "{0}サーバーで警告されました\n",
    "administration_warned_on_by": "{1}の{0}で{2}\n",
    "administration_warnings_cleared": "すべての警告は{0}でクリアされています。\n",
    "administration_warnings_none": "このページでは警告は表示されません。\n",
    "administration_warnlog_for": "{0}の警告\n",
    "administration_warnpl_none": "罰は設定されていません。\n",
    "administration_warn_cleared_by": "{0}でクリアされました\n",
    "administration_warn_punish_list": "警告罰リスト\n",
    "administration_warn_punish_rem": "{0}の警告があれば、もはや罰を引き起こさないでしょう。\n",
    "administration_warn_punish_set": "{1}警告のあるユーザーに{0}罰を適用します。\n",
    "administration_slowmodewl_role_start": "低速モードでは{0}ロールは無視されるようになりました。\n",
    "administration_slowmodewl_role_stop": "低速モードでは{0}の役割は無視されなくなりました。\n",
    "administration_slowmodewl_user_start": "低速モードではユーザー{0}は無視されるようになりました。\n",
    "administration_slowmodewl_user_stop": "低速モードではユーザー{0}を無視しなくなりました。\n",
    "utility_clpa_fail": "次のいずれかの理由により報酬を請求できませんでした：\n",
    "utility_clpa_fail_already": "多分あなたは今月のあなたの報酬を受け取ったでしょう。誓約を増やさない限り、報酬は月に一度しか受け取られません。\n",
    "utility_clpa_fail_already_title": "既に報われた\n",
    "utility_clpa_fail_conn": "あなたの不和のアカウントはパトリオンに接続されていない可能性があります。それが何であるかわからない場合や接続方法がわからない場合は、[Patreonのアカウント設定ページ]（https：//patreon.com/settings/account）に移動し、[接続する]ボタンをクリックする必要があります。\n",
    "utility_clpa_fail_conn_title": "不一致のアカウントが接続されていない\n",
    "utility_clpa_fail_sup": "報酬を受けるには、パトロンでプロジェクトをサポートする必要があります。 {0}コマンドを使用してリンクを取得できます。\n",
    "utility_clpa_fail_sup_title": "サポートしていない\n",
    "utility_clpa_fail_wait": "誓約をしてから数時間待つ必要があります。しなかったら、後でやり直してください。\n",
    "utility_clpa_fail_wait_title": "しばらくお待ちください\n",
    "utility_clpa_success": "あなたは{0}を受け取りました。プロジェクトをサポートしてくれてありがとう！\n",
    "utility_clpa_too_early": "報酬は毎月5日以降に請求することができます。\n",
    "searches_time": "{0}の時刻は{1}  -  {2}です\n",
    "administration_rh": "ギルドロール{0}の表示を{1}に設定します。\n",
    "gambling_name": "名\n",
    "gambling_shop": "ショップ\n",
    "gambling_shop_item_add": "ショップアイテムが追加されました\n",
    "gambling_shop_none": "このページにはショップアイテムはありません。\n",
    "gambling_shop_role": "あなたは{0}ロールを取得します。\n",
    "gambling_type": "タイプ\n",
    "utility_clpa_next_update": "{0}の次の更新\n",
    "administration_gvc_disabled": "このサーバーでGame Voice Channel機能が無効になっています。\n",
    "administration_gvc_enabled": "{0}はゲーム音声チャンネルです。\n",
    "administration_not_in_voice": "あなたはこのサーバー上の音声チャネルにいません。\n",
    "gambling_item": "項目\n",
    "gambling_out_of_stock": "在庫切れ。\n",
    "gambling_random_unique_item": "ランダムユニークアイテム。\n",
    "gambling_shop_buy_error": "エラーDMing項目。あなたは払い戻されました。\n",
    "gambling_shop_item_not_found": "その索引の項目が見つかりませんでした。\n",
    "gambling_shop_item_purchase": "商品の購入に成功しました。\n",
    "gambling_shop_item_rm": "ショップアイテムが削除されました\n",
    "gambling_shop_item_wrong_type": "そのショップエントリーはアイテム追加をサポートしていません。",
    "gambling_shop_list_item_added": "アイテムが正常に追加されました。\n",
    "gambling_shop_list_item_not_unique": "その項目は既に追加されています。\n",
    "gambling_shop_purchase": "{0}サーバーで購入\n",
    "gambling_shop_role_not_found": "販売されている役割はもはや存在しません。\n",
    "gambling_shop_role_purchase": "{0}ロールを購入しました。\n",
    "gambling_shop_role_purchase_error": "ロールの割り当て中にエラーが発生しました。購入は払い戻されました。\n",
    "gambling_unique_items_left": "{0}個のアイテムが残っています。\n",
    "permissions_blocked_commands": "ブロックされたコマンド\n",
    "permissions_blocked_modules": "ブロックされたモジュール\n",
    "permissions_gcmd_add": "コマンド{0}はすべてのサーバーで無効になっています。\n",
    "permissions_gcmd_remove": "すべてのサーバーでコマンド{0}が有効になっています。\n",
    "permissions_gmod_add": "モジュール{0}はすべてのサーバーで無効になっています。\n",
    "permissions_gmod_remove": "モジュール{0}はすべてのサーバーで有効になっています。\n",
    "permissions_lgp_none": "ブロックされたコマンドやモジュールはありません。\n",
    "gambling_animal_race_no_race": "この動物レースはいっぱいです！\n",
    "utility_cant_read_or_send": "そのチャンネルへのメッセージの読み込みや送信はできません。\n",
    "utility_quotes_notfound": "指定された見積もりIDに一致する見積もりは見つかりませんでした。\n",
    "administration_prefix_current": "このサーバーのプレフィックスは {0} です。",
    "administration_prefix_new": "このサーバーのデファルトプレフィックスが {0} から {1} に変更されました。",
    "administration_defprefix_current": "ボットのデフォルトプレフィックスは {0} です。",
    "administration_defprefix_new": "ボットのデフォルトプレフィックスが {0} から {1} に変更されました。",
    "administration_bot_nick": "ボットのニックネームが {0} に変更されました。",
    "administration_user_nick": "ユーザー {0} のニックネームが {1} に変更されました。",
    "administration_timezone_guild": "このギルドのタイムゾーンは `{0}` です。",
    "administration_timezone_not_found": "タイムゾーンが見つかりませんでした。\"timezones\" コマンドを用いて利用可能なタイムゾーンを確認してください。",
    "administration_timezones_available": "利用可能なタイムゾーン",
    "music_song_not_found": "曲が見つかりません。",
    "searches_define_unknown": "その用語の定義を見つけることができません。",
    "utility_repeater_initial": "最初の繰り返しメッセージは{0}時間{1}分後に送信されます。",
    "utility_verbose_errors_enabled": "間違ったコマンドを使用した際にエラーを表示します。",
    "utility_verbose_errors_disabled": "間違ったコマンドを使用してもエラーを表示しません。",
    "permissions_perms_reset": "このサーバーの権限がリセットされました。",
    "permissions_trigger": "権限番号{0} {1} がこの動作を妨げています。",
    "administration_migration_error": "移行中にエラーが発生しました。ボットのコンソールで詳細を確認してください。",
    "searches_hex_invalid": "無効な色が指定されました。",
    "permissions_global_perms_reset": "グローバル権限がリセットされました。",
    "help_module": "モジュール: {0}",
    "games_hangman_stopped": "ハングマンゲームは停止しました。",
    "music_autoplaying": "自動再生",
    "music_queue_stopped": "プレイヤーは停止しました。 {0} コマンドで再生します。",
    "music_removed_song_error": "そのインデックスの曲は存在しません。",
    "music_shuffling_playlist": "曲をシャッフル",
    "music_songs_shuffle_enable": "今後、曲はシャッフルされます。",
    "music_songs_shuffle_disable": "曲はシャッフルされません。",
    "music_song_skips_after": "{0} の後、曲はスキップされます。",
    "administration_warnings_list": "サーバーで警告されたユーザーのリスト",
    "customreactions_redacted_too_long": "非常に長いので編集されました。",
    "nsfw_blacklisted_tag_list": "ブラックリストに登録されたタグ:",
    "nsfw_blacklisted_tag": "あなたが使用した1つ以上のタグはブラックリストに登録されています。",
    "nsfw_blacklisted_tag_add": "NSFWタグ {0} はブラックリストに登録されました。",
    "nsfw_blacklisted_tag_remove": "NSFWタグ {0} はブラックリストから削除されました。",
    "gambling_waifu_gift": "",
    "gambling_waifu_gift_shop": "",
    "gambling_gifts": "",
    "games_connect4_created": "",
    "games_connect4_player_to_move": "",
    "games_connect4_failed_to_start": "",
    "games_connect4_draw": "",
    "games_connect4_won": "",
    "games_nunchi_joined": "",
    "games_nunchi_ended": "",
    "games_nunchi_ended_no_winner": "",
    "games_nunchi_started": "",
    "games_nunchi_round_ended": "",
    "games_nunchi_round_ended_boot": "",
    "games_nunchi_round_started": "",
    "games_nunchi_next_number": "",
    "games_nunchi_failed_to_start": "",
    "games_nunchi_created": "",
    "music_sad_enabled": "再生が終わると曲はキューから削除されます。",
    "music_sad_disabled": "再生が終わっても曲はキューから削除されません。",
    "utility_stream_role_enabled": "",
    "utility_stream_role_disabled": "ストリーム役割の昨日は無効化されています。",
    "utility_stream_role_kw_set": "ストリーム者は役割を受け取るためにキーワード {0} が必要です。",
    "utility_stream_role_kw_reset": "ストリーム役割のキーワードがリセットされました。",
    "utility_stream_role_bl_add": "ユーザー {0} はストリーム役割を今後受け取りません。",
    "utility_stream_role_bl_add_fail": "ユーザー {0} はすでにブラックリストに登録されています。",
    "utility_stream_role_bl_rem": "ユーザー {0} はブラックリストから削除されました。",
    "utility_stream_role_bl_rem_fail": "ユーザー {0} はブラックリストに登録されていません。",
    "utility_stream_role_wl_add": "ユーザー {0} はストリームタイトルにキーワードが含まれていなくてもストリーム役割を受け取ります。",
    "utility_stream_role_wl_add_fail": "ユーザー {0} はすでにホワイトリストに登録されています。",
    "utility_stream_role_wl_rem": "ユーザー {0} はホワイトリストから削除されました。",
    "utility_stream_role_wl_rem_fail": "ユーザー {0} はホワイトリストに登録されていません。",
    "utility_bot_config_edit_fail": "{0} の値を {1} にセットできませんでした。",
    "utility_bot_config_edit_success": "{0} の値が {1} にセットされました。",
    "customreactions_crca_disabled": "ID {0} のカスタムリアクションは、トリガーとなる単語が文頭になければ実行されません。",
    "customreactions_crca_enabled": "ID {0} のカスタムリアクションは、文中に含まれていれば実行されます。",
    "xp_server_level": "サーバーレベル",
    "xp_level": "レベル",
    "xp_club": "クラブ",
    "xp_xp": "経験",
    "xp_excluded": "{0} はこのサーバーのXPシステムから除外されました。",
    "xp_not_excluded": "{0} はこのサーバーのXPシステムの対象です。",
    "xp_exclusion_list": "除外リスト",
    "xp_server_is_excluded": "このサーバーは除外されました。",
    "xp_server_is_not_excluded": "このサーバーは除外されていません。",
    "xp_excluded_roles": "除外された役割",
    "xp_excluded_channels": "除外されたチャンネル",
    "xp_level_up_channel": "おめでとうございます！ {0} あなたはレベル {1} に達しました！",
    "xp_level_up_dm": "おめでとうございます！ {0} あなたは {2} サーバーでレベル {1} に達しました！",
    "xp_level_up_global": "おめでとうございます！ {0} あなたはグローバルレベル {1} に達しました！",
    "xp_role_reward_cleared": "レベル {0} に達しても報酬を与えません。",
    "xp_role_reward_added": "レベル {0} に達したユーザーは {1} 役割を受け取ります。",
    "xp_level_x": "レベル {0}",
    "xp_server_leaderboard": "サーバーXPリーダーボード",
    "xp_global_leaderboard": "グローバルXPリーダーボード",
    "xp_modified": "{1} によってユーザー {0} のサーバーXPが修正されました。",
    "xp_club_create_error": "クラブの作成に失敗しました。レベル5以上であり、既にクラブのメンバーでないことを確認してください。",
    "xp_club_created": "クラブ {0} は正常に作成されました！",
    "xp_club_not_exists": "そのクラブは存在しません。",
    "xp_club_applied": "あなたは {0} クラブのメンバー権を申請しました。",
    "xp_club_apply_error": "申請エラー。既にクラブのメンバーであるか、最小必要レベルに達していないか、クラブからバンされています。",
    "xp_club_accepted": "ユーザー {0} はクラブに受け入れられました。",
    "xp_club_accept_error": "ユーザーが見つかりません",
    "xp_club_left": "あなたはクラブを去りました。",
    "xp_club_not_in_club": "あなたはクラブにいないか、あなたがオーナーであるクラブを去ろうとしています。",
    "xp_club_user_kick": "ユーザー {0} は {1} クラブからキックされました。",
    "xp_club_user_kick_fail": "キックエラー:あなたがクラブオーナーではないか、そのユーザーがあなたのクラブにいません。",
    "xp_club_user_banned": "ユーザー {0} は {1} クラブからバンされました。",
    "xp_club_user_ban_fail": "バンに失敗しました。あなたがクラブオーナーではないか、そのユーザーがクラブにいないか申し込んでいません。",
    "xp_club_user_unbanned": "ユーザー {0} が {1} クラブでバン解除されました。",
    "xp_club_user_unban_fail": "バン解除に失敗しました。あなたがクラブオーナーではないか、そのユーザーがクラブにいないか申し込んでいません。 ",
    "xp_club_level_req_changed": "クラブの必要レベルが {0} に変更されました。",
    "xp_club_level_req_change_error": "必要レベルの変更に失敗しました。",
    "xp_club_disbanded": "クラブ {0} は解散されました。",
    "xp_club_disband_error": "エラー:あなたがクラブにいないか、あなたのクラブのオーナーではありません。",
    "xp_club_icon_error": "有効な画像URLではないか、あなたはクラブオーナーではありません。",
    "xp_club_icon_set": "新しいクラブアイコンがセットされました。",
    "xp_club_bans_for": "{0} クラブをバンされたユーザー",
    "xp_club_apps_for": "{0} クラブの応募者",
    "xp_club_leaderboard": "クラブリーダーボード - ページ {0}",
    "customreactions_edited_cust_react": "編集されたカスタムリアクション",
    "administration_self_assign_are_exclusive": "1つのグループから1つの役割しか選択できません。",
    "administration_self_assign_are_not_exclusive": "任意のグループから任意の数の役割を選択できます。",
    "administration_self_assign_group": "グループ {0}",
    "gambling_reaction_desc": "",
    "gambling_reaction_footer": "このイベントは最大{0}時間有効です。",
    "gambling_reaction_title": "リアクションイベントが始まりました！",
    "administration_no_shards_on_page": "このページにはシャードがありません。",
    "administration_shard_stats": "シャード統計",
    "administration_shard_stats_txt": "シャード **#{0}** は {2} サーバーで {1} 状態です - {3} 前",
    "games_poll_closed": "投票は終了しました！",
    "xp_club_not_exists_owner": "あなたはクラブの所有者もしくは管理者ではありません。",
    "xp_club_admin_add": "{0} はクラブ管理者になりました。",
    "xp_club_admin_remove": "{0} はクラブ管理者ではなくなりました。",
    "xp_club_admin_error": "エラー:あなたはクラブの所有者ではないか、そのユーザーはあなたのクラブにいません。",
    "nsfw_started": "",
    "nsfw_stopped": "",
    "searches_feed_added": "",
    "searches_feed_not_valid": "",
    "searches_feed_out_of_range": "",
    "searches_feed_removed": "",
    "searches_feed_no_feed": "",
    "administration_restart_fail": "Restartコマンドをcredentials.jsonで設定しなければなりません。",
    "administration_restarting": "再起動しています。",
    "customreactions_edit_fail": "そのIDのカスタムリアクションは存在しません。",
    "searches_streaming": "ストリーミング",
    "searches_followers": "フォロワー",
    "gambling_rafflecur": "通貨抽選",
    "gambling_rafflecur_joined": "ユーザー {0} が抽選に参加しました。",
    "gambling_rafflecur_already_joined": "あなたは既にこの抽選に参加しているか、使用した値は無効です。",
    "gambling_rafflecur_ended": "{0} の抽選が終わりました。 {1} が {2} 獲得しました！",
    "music_autodc_enable": "再生する曲がなくなればボイスチャンネルから切断します。",
    "music_autodc_disable": "再生する曲がなくなってもボイスチャンネルから切断しません。",
    "gambling_timely_none": "ボット所有者はタイムリー報酬を指定していません。",
    "gambling_timely_already_claimed": "あなたは既にタイムリー報酬を請求しています。 {0}後に再び獲得できます。",
    "gambling_timely": "あなたは {0} を請求しました。再び請求できるのは {1}時間後です。",
    "gambling_timely_set": "ユーザーは {1}時間ごとに {0} を請求できます。",
    "gambling_timely_set_none": "ユーザーはどのタイムリー通貨も請求することができなくなります。",
    "gambling_timely_reset": "全てのユーザーは再びタイムリー通貨を請求することができるようになります。",
    "gambling_waifu_transfer_fail": "",
    "gambling_waifu_transfer_success": "",
    "searches_authors": "著者",
    "administration_sql_confirm_exec": "次のSQLコマンドの実行を確認する",
    "searches_price": "",
    "searches_market_cap": "",
    "searches_volume_24h": "",
    "searches_change_7d_24h": "",
    "searches_crypto_not_found": "",
    "searches_did_you_mean": "",
    "administration_self_assign_level_req": "自己割り当て役割 {0} は少なくともサーバーレベル {1} を必要とします。",
    "administration_self_assign_not_level": "その自己割り当て役割は少なくともサーバーレベル {0} を必要とします。",
    "administration_invalid": "",
    "administration_mass_kill_in_progress": "",
    "administration_mass_kill_completed": "",
    "xp_cur_reward_cleared": "",
    "xp_cur_reward_added": "",
    "xp_level_up_rewards": "レベルアップ報酬",
    "xp_role_reward": "{0} 役割",
    "xp_no_level_up_rewards": "このページにはレベルアップ報酬がありません。",
    "searches_failed_finding_novel": "その小説を見つけられません。フルネームを正しく入力していること、 novelupdates.com に存在することを確認してください。",
    "administraton_remove_roles": "",
    "administration_delmsg_channel_off": "",
    "administration_delmsg_channel_on": "",
    "administration_delmsg_channel_inherit": "",
    "administration_server_delmsgoncmd": "",
    "administration_channel_delmsgoncmd": "",
    "help_options": "",
    "gambling_waifu_reset": "",
    "gambling_waifu_reset_fail": "",
    "gambling_waifu_reset_confirm": "",
    "gambling_cost": "",
    "music_unset_music_channel": "",
    "searches_city_not_found": "",
    "administration_joined_discord": "",
    "administration_joined_server": "",
    "administration_bot_config_reloaded": "",
    "xp_club_transfered": "クラブ {0} の所有権が {1} に移動しました。",
    "xp_club_transfer_failed": "移動に失敗しました。あなたはクラブ所有者でなければなりません。対象はあなたのクラブのメンバーでなければなりません。",
    "gambling_roll_duel_challenge": "",
    "gambling_roll_duel": "",
    "gambling_roll_duel_no_funds": "",
    "gambling_roll_duel_timeout": "",
    "gambling_roll_duel_already_challenged": "",
    "gambling_won": "",
    "gambling_transactions": "",
    "gambling_rps_draw": "",
    "gambling_rps_win": "",
    "utility_roleid": "",
    "administration_warning_clear_fail": "",
    "administration_warning_cleared": "",
    "xp_club_desc_updated": "",
    "xp_club_desc_update_failed": "",
    "searches_account_not_found": "",
    "searches_ninja_not_found": "",
    "searches_leagues_not_found": "",
    "searches_pog_not_found": "",
    "administration_reaction_roles_message": "",
    "administration_no_reaction_roles": "",
    "administration_reaction_role_removed": "",
    "administration_reaction_roles_full": "",
    "utility_reminder_list": "",
    "utility_reminder_deleted": "",
    "utility_reminder_not_exist": "",
    "utility_reminders_none": "",
    "gambling_bj_created": "",
    "gambling_bj_joined": "",
    "xp_reset": "",
    "xp_reset_server_confirm": "",
    "xp_reset_user_confirm": "",
    "xp_reset_user": "",
    "xp_reset_server": "",
    "searches_distance": "",
    "gambling_bot_list_awarded": ""
}