{
    "customreactions_all_stats_cleared": "所有自訂回應統計已刪除。",
    "customreactions_deleted": "自訂回應已刪除",
    "customreactions_insuff_perms": "權限不足。伺服器自訂回應需要管理員權限，而只有 Bot 擁有者才能設定全域自訂回應。",
    "customreactions_list_all": "列出所有自訂回應",
    "customreactions_name": "自訂回應",
    "customreactions_new_cust_react": "新自訂回應",
    "customreactions_no_found": "沒有找到自訂回應 。",
    "customreactions_no_found_id": "找不到輸入的自訂回應編號。",
    "customreactions_response": "回應",
    "customreactions_stats": "自訂回應統計",
    "customreactions_stats_cleared": "清除了 {0} 自訂回應的統計。",
    "customreactions_stats_not_found": "尚未觸發此回應，故無結果。",
    "customreactions_trigger": "觸發",
    "nsfw_autohentai_stopped": "Autohentai 指令效果停止。",
    "nsfw_not_found": "沒有结果。",
    "pokemon_already_fainted": "{0} 已昏厥。",
    "pokemon_already_full": "{0} HP已滿。",
    "pokemon_already_that_type": "您的屬性已是 {0}",
    "pokemon_attack": "對 {2}{3} 使出 {0}{1} 而造成 {4} 點傷害。",
    "pokemon_cant_attack_again": "對方反擊前無法對他再次攻擊!",
    "pokemon_cant_attack_yourself": "您不能攻擊自己。",
    "pokemon_fainted": "{0} 已昏厥!",
    "pokemon_healed": "用了一個 {1} 醫好 {0}",
    "pokemon_hp_remaining": "{0} 還剩餘 {1} 生命值。",
    "pokemon_invalid_move": "您不能使用 {0} 。請輸入 `{1}ml` 來查閱您能用的招式。",
    "pokemon_moves": "{0} 屬性的招式列表",
    "pokemon_not_effective": "沒有效果。",
    "pokemon_no_currency": "你沒有足夠的 {0}",
    "pokemon_revive_other": "使用了一個 {1} 復活 {0}",
    "pokemon_revive_yourself": "您使用了一個 {0} 復活了自己",
    "pokemon_settype_success": "您的屬性已從 {0} 變更成 {1}",
    "pokemon_somewhat_effective": "效果一般。",
    "pokemon_super_effective": "效果絕佳!",
    "pokemon_too_many_moves": "您已連續使用太多招式，所以您無法行動!",
    "pokemon_type_of_user": "{0} 的屬性是 {1} ",
    "pokemon_user_not_found": "該成員不存在。",
    "pokemon_you_fainted": "您已昏厥所以不能移動!",
    "administration_aar_disabled": "**自動指派身分組**給新加入的成員**已停用**。",
    "administration_aar_enabled": "**自動指派身分組**給新加入的成員**已啟用**。",
    "administration_attachments": "附件",
    "administration_avatar_changed": "頭像更換成功。",
    "administration_bandm": "你已被 {0} 伺服器封鎖。\n原因：{1}",
    "administration_banned_pl": "成員已封鎖",
    "administration_banned_user": "成員已封鎖",
    "administration_bot_name": "Bot 的暱稱已變更為 {0}",
    "administration_bot_status": "Bot 狀態已改為 {0}",
    "administration_byedel_off": "自動刪除告別訊息功能已停用。",
    "administration_byedel_on": "告別訊息將於 {0} 秒後刪除。",
    "administration_byemsg_cur": "目前的告別訊息: {0}",
    "administration_byemsg_enable": "輸入 {0} 來啟用告別通知",
    "administration_byemsg_new": "新的告別訊息已設定。",
    "administration_bye_off": "告別通知已停用。",
    "administration_bye_on": "在這個頻道啟用告別通知。",
    "administration_ch_name_change": "頻道名稱已更改",
    "administration_ch_old_name": "舊頻道名稱",
    "administration_ch_topic_change": "頻道主題已更改",
    "administration_cleaned_up": "清理完畢。",
    "administration_content": "内容",
    "administration_cr": "成功創建身分組 {0}",
    "administration_createtextchan": "成功創建文字頻道 {0}",
    "administration_createvoich": "成功創建語音頻道 {0}",
    "administration_deafen": "成功禁音",
    "administration_deleted_server": "已刪除伺服器 {0}",
    "administration_delmsg_off": "自動刪除已處理指令已停用",
    "administration_delmsg_on": "自動刪除已處理指令已啟用",
    "administration_deltextchan": "成功刪除文字頻道 {0}",
    "administration_delvoich": "成功刪除語音頻道 {0}",
    "administration_dm_from": "私人訊息來自",
    "administration_donadd": "成功新增了新的捐贈者。此成員總共捐贈了：{0}",
    "administration_donators": "感謝下列的人使這個項目繼續運作!",
    "administration_fwall_start": "我會將私人訊息轉發給所有擁有者。",
    "administration_fwall_stop": "我會將私人訊息轉發給第一個擁有者。",
    "administration_fwdm_start": "我將開始轉發私人訊息。",
    "administration_fwdm_stop": "我將停止轉發私人訊息。",
    "administration_greetdel_off": "自動刪除歡迎訊息已停用。",
    "administration_greetdel_on": "歡迎訊息將於 {0} 秒後刪除。",
    "administration_greetdmmsg_cur": "目前的歡迎私訊：{0}",
    "administration_greetdmmsg_enable": "輸入 {0} 來啟用歡迎私訊",
    "administration_greetdmmsg_new": "新的歡迎私訊已設定。",
    "administration_greetdm_off": "私訊歡迎公告已停用。",
    "administration_greetdm_on": "私訊歡迎公告已啟用。",
    "administration_greetmsg_cur": "目前的歡迎訊息: {0}",
    "administration_greetmsg_enable": "輸入 {0} 來啟用歡迎訊息",
    "administration_greetmsg_new": "新的歡迎訊息已設定。",
    "administration_greet_off": "歡迎通知已關閉。",
    "administration_greet_on": "在這個頻道啟用歡迎通知。",
    "administration_hierarchy": "您不能對身分組與您一樣或更高的成員使用此指令。",
    "administration_images_loaded": "圖片共花了 {0} 秒載入!",
    "administration_invalid_format": "無效的輸入格式。",
    "administration_invalid_params": "無效的參數。",
    "administration_joined": "{0} 已加入 {1}",
    "administration_kickdm": "你已被 {0} 伺服器踢出。\n原因：{1}",
    "administration_kicked_user": "成員已被踢出",
    "administration_lang_list": "可用的語言清單",
    "administration_lang_set": "您的伺服器語言現在為 {0} - {1}",
    "administration_lang_set_bot": "Bot 的預設語言為 {0} - {1}",
    "administration_lang_set_bot_show": "Bot 的語言已被設定為 {0} - {1}",
    "administration_lang_set_fail": "語言設定失敗，請重新檢閱本指令說明。",
    "administration_lang_set_show": "本伺服器的語言現在為 {0} - {1}",
    "administration_left": "{0} 已離開 {1}",
    "administration_left_server": "已離開伺服器 {0}",
    "administration_log": "在此頻道中紀錄 {0} 事件。",
    "administration_log_all": "在此頻道中記錄所有事件。",
    "administration_log_disabled": "紀錄功能已停用。",
    "administration_log_events": "您可以記錄的事件:",
    "administration_log_ignore": "紀錄將會忽略 {0}",
    "administration_log_not_ignore": "紀錄將不會忽略 {0}",
    "administration_log_stop": "已停止紀錄 {0} 事件。",
    "administration_menrole": "{0} 提到了下列身分組",
    "administration_message_from_bo": "来自 {0} '[Bot所有者]’ 的消息：",
    "administration_message_sent": "訊息已傳送。",
    "administration_moved": "{0} 已從 {1} 移動至 {2}",
    "administration_msg_del": "#{0} 中删除了訊息",
    "administration_msg_update": "#{0} 中更新了訊息",
    "administration_muted_pl": "已静音",
    "administration_muted_sn": "已静音",
    "administration_mute_error": "我並沒有足夠的權限來執行此指令。",
    "administration_mute_role_set": "新的禁言身分已設定。",
    "administration_need_admin": "我需要此伺服器的**管理**權限才能執行此指令。",
    "administration_new_msg": "新訊息",
    "administration_new_nick": "新暱稱",
    "administration_new_topic": "新主題",
    "administration_nick_change": "暱稱已變更",
    "administration_no_server": "找不到那個伺服器",
    "administration_no_shard_id": "找不到有著那個ID的Shard。",
    "administration_old_msg": "原始訊息",
    "administration_old_nick": "原始暱稱",
    "administration_old_topic": "原始主題",
    "administration_perms": "錯誤: 很可能我並沒有足夠的權限。",
    "administration_prot_active": "生效中的保護機制",
    "administration_prot_disable": "{0} 已在此伺服器 **停用**。",
    "administration_prot_enable": "{0} 已啟用。",
    "administration_prot_error": "錯誤。我需要此伺服器的 管理身分組 權限",
    "administration_prot_none": "沒有生效中的保護機制",
    "administration_raid_cnt": "成員緩衝數應介於 {0} 和 {1} 之間。",
    "administration_raid_stats": "如果 {1} 秒內進入了 {0} 或更多位成員，我則會將他們 {2} 。",
    "administration_raid_time": "時間必須在於 {0} 和 {1} 秒之間。",
    "administration_rar": "成功的移除了 {0} 所有的身分組。",
    "administration_rar_err": "無法移除身分組。我的權限不夠。",
    "administration_rc": "{0} 身份組的顏色已變更。",
    "administration_rc_not_exist": "那個身分組並不存在。",
    "administration_rc_params": "指定的參數錯誤。",
    "administration_rc_perms": "無效的色碼或是權限不足引起錯誤。",
    "administration_remrole": "成功的移除了 {1} 的 {0} 身分組。",
    "administration_remrole_err": "無法移除身分組。我沒有足夠的權限。",
    "administration_renrole": "已更改身分組名稱。",
    "administration_renrole_err": "身分組名稱變更失敗。我沒有足夠的權限。",
    "administration_renrole_perms": "您不能編輯比你最高身分組還高的身分組。",
    "administration_reprm": "已移除遊玩訊息: {0}",
    "administration_role_added": "身分組 {0} 已新增至清單。",
    "administration_role_clean": "{0} 未找到。已清理。",
    "administration_role_in_list": "身分組 {0} 已在清單中。",
    "administration_ropl_added": "新增成功。",
    "administration_ropl_disabled": "輪播遊玩狀態已停用。",
    "administration_ropl_enabled": "輪播遊玩狀態已啟用。",
    "administration_ropl_list": "輪播遊玩狀態清單：\n{0}",
    "administration_ropl_not_set": "尚未設定輪播遊玩狀態。",
    "administration_self_assign_already": "您已經是 {0} 身分組了。",
    "administration_self_assign_already_excl": "您已經是 {0} 身分組的成員，您一次只能加入一個自入身分群組。",
    "administration_self_assign_excl": "自入身分群組現在為擇一模式。",
    "administration_self_assign_list": "有 {0} 個可以自入的身分群組",
    "administration_self_assign_not": "此身分組並不能自行加入。",
    "administration_self_assign_not_have": "您並不是 {0} 身份組的成員。",
    "administration_self_assign_no_excl": "自入身分群組不再為擇一模式!",
    "administration_self_assign_perms": "我無法新增身分組比我還高的身分組給您。",
    "administration_self_assign_rem": "{0} 已從自入身分組清單中移除。",
    "administration_self_assign_remove": "您不再是 {0} 身分組的成員了。",
    "administration_self_assign_success": "您現在是 {0} 身份組的成員了。",
    "administration_setrole": "成功將 {0} 身分組指派給 {1}",
    "administration_setrole_err": "無法指派身分組。我沒有足夠的權限。",
    "administration_set_avatar": "新的大頭貼已設定!",
    "administration_set_channel_name": "新的頻道名稱已設定。",
    "administration_set_game": "新的遊戲名稱已設定!",
    "administration_set_stream": "已設定新的實況台!",
    "administration_set_topic": "新的頻道主題已設定!",
    "administration_shard_reconnected": "Shard {0} 已重新連線。",
    "administration_shard_reconnecting": "Shard {0} 重新連線中。",
    "administration_shutting_down": "關閉中",
    "administration_slowmode_desc": "成員無法在 {1} 秒發送超過 {0} 條訊息。",
    "administration_slowmode_disabled": "慢速模式已停用。",
    "administration_slowmode_init": "慢速模式已啟用",
    "administration_soft_banned_pl": "軟禁 (踢出)",
    "administration_spam_ignore": "{0} 將會忽略此頻道。",
    "administration_spam_not_ignore": "{0} 將會注意此頻道。",
    "administration_spam_stats": "如果成員連續貼出 {0} 個相同的訊息，我將會把他們 {1}。\n     __忽略的頻道__: {2}",
    "administration_text_chan_created": "文字頻道已建立",
    "administration_text_chan_destroyed": "文字頻道已刪除",
    "administration_undeafen": "成功解除靜音。",
    "administration_unmuted_sn": "解除靜音",
    "administration_username": "成員名稱",
    "administration_username_changed": "成員名稱已更改",
    "administration_users": "成員",
    "administration_user_banned": "成員已封鎖",
    "administration_user_chat_mute": "已**禁止** {0} 的__文字聊天__。",
    "administration_user_chat_unmute": "已**開啟** {0} 的__文字聊天__。",
    "administration_user_joined": "成員已加入",
    "administration_user_left": "成員已離開",
    "administration_user_muted": "已**禁止** {0} 的__文字和語音聊天__。",
    "administration_user_role_add": "成員身分組已新增",
    "administration_user_role_rem": "成員身分組已移除",
    "administration_user_status_change": "{0} 現在 {1}",
    "administration_user_unmuted": "已**開放** {0} 的__文字和語音聊天__。",
    "administration_user_vjoined": "{0} 加入了 {1} 語音頻道。",
    "administration_user_vleft": "{0} 離開了 {1} 語音頻道。",
    "administration_user_vmoved": "{0} 已從 {1} 移至 {2} 語音頻道。",
    "administration_user_voice_mute": "已**禁止** {0} 的__語音聊天__。",
    "administration_user_voice_unmute": "已**開放** {0} 的__語音聊天__。",
    "administration_voice_chan_created": "已建立語音頻道",
    "administration_voice_chan_destroyed": "已刪除語音頻道",
    "administration_vt_disabled": "已停用語音+文字功能。",
    "administration_vt_enabled": "已啟用語音+文字功能。",
    "administration_vt_exit": "我沒有**管理身分組**和/或**管理頻道**權限，所以我無法在 {0} 伺服器上執行`語音+文字`功能。",
    "administration_vt_no_admin": "您正在啟用/停用此功能，但我**__没有__管理員權限**。這可能會造成一些問題，而事後您必須自行處理這些文字頻道。",
    "administration_vt_perms": "我至少需要**管理身份組**和**管理頻道**權限才能使用此功能。(建議給我管理員權限)",
    "administration_xmuted_text": "使用者被 {0} 文字聊天",
    "administration_xmuted_text_and_voice": "使用者被 {0} 文字及語音聊天",
    "administration_xmuted_voice": "使用者被 {0} 語音聊天",
    "administration_sbdm": "您已被伺服器 {0} 軟禁。\n理由: {1}",
    "administration_user_unbanned": "成員已解禁",
    "administration_migration_done": "合併完成!",
    "administration_presence_updates": "在線狀態更新",
    "administration_sb_user": "成員被軟禁",
    "gambling_awarded": "賜予了 {1} 給 {0}",
    "gambling_better_luck": "再接再厲，下次會更好 ^_^",
    "gambling_br_win": "恭喜! 您因骰出高於 {1} 以上獲得了 {0}",
    "gambling_deck_reshuffled": "重新洗牌。",
    "gambling_flipped": "丟出了 {0}。",
    "gambling_flip_guess": "您猜對了! 您赢得了 {0}",
    "gambling_flip_invalid": "指定的數字無效。你可以丟 1 至 {0} 個硬幣。",
    "gambling_gifted": "送了 {0} 給 {1}",
    "gambling_has": "{0} 擁有 {1}",
    "gambling_heads": "正面",
    "gambling_leaderboard": "排行榜",
    "gambling_mass_award": "賜予了 {0} 給 {1} 名 {2} 身分組成員。",
    "gambling_max_bet_limit": "你的賭注不能大於 {0}",
    "gambling_min_bet_limit": "你的賭注不能少於 {0}",
    "gambling_not_enough": "你沒有足夠的 {0}",
    "gambling_no_more_cards": "卡堆中没有更多的牌。",
    "gambling_raffled_user": "得獎成員",
    "gambling_roll": "您骰了 {0}。",
    "gambling_slot_bet": "下注",
    "gambling_slot_jackpot": "哇啊啊啊啊啊啊!!! 恭喜!!! - 投注 x{0}",
    "gambling_slot_single": "一個 {0} - 投注 x{1}",
    "gambling_slot_three": "哇! 真幸運! 三個一樣! - 投注 x{0}",
    "gambling_slot_two": "不錯喔! 兩個{0} - 投注 x{1}",
    "gambling_sneakygamestatus_desc": "成員必須要輸入一個暗號來獲得 {0}。\n持續 {1} 秒。嘘~别跟任何人说。 ",
    "gambling_sneakygamestatus_end": "秘密活動结束。 {0}個成員獲得獎勵。",
    "gambling_sneakygamestatus_title": "秘密活動開始",
    "gambling_tails": "反面",
    "gambling_take": "成功從 {1} 獲得 {0}",
    "gambling_take_fail": "無法從 {1} 獲得 {0}，因為成員並沒有那麼多 {2}!",
    "help_back_to_toc": "回目錄",
    "help_bot_owner_only": "只限Bot擁有者",
    "help_channel_permission": "需要 {0} 頻道權限。",
    "help_cmdlist_donate": "您可以透過 Patreon: <{0}> 或 Paypal: <{1}> 來贊助此專案",
    "help_cmd_and_alias": "指令和快捷",
    "help_commandlist_regen": "已重建指令清單。",
    "help_commands_instr": "輸入`{0}h 指令名稱`來查閱該指令的詳細說明。 例如 `{0}h {0}8ball`",
    "help_command_not_found": "我找不到该指令。請再次查詢前確定該指令是否存在。",
    "help_desc": "說明",
    "help_donate": "您可以透過：\nPatreon <{0}> 或\nPaypal <{1}>\n來贊助NadekoBot專案\n請不要忘記在訊息中留下您的ID。\n\n**感謝您**♥️",
    "help_guide": "**指令清單**: <{0}>\n**自己架設的教學和文件可參考**: <{1}>",
    "help_list_of_commands": "指令清單",
    "help_list_of_modules": "模組清單\n",
    "help_modules_footer": "輸入`{0}cmds 模組名稱`來查閱該模組的詳細說明。 例如 `{0}cmds games`",
    "help_module_not_found": "該模組不存在。",
    "help_server_permission": "需要 {0} 伺服器權限。",
    "help_table_of_contents": "目錄",
    "help_usage": "使用方式",
    "nsfw_autohentai_started": "啟動 Autohentai。每 {0} 秒發送一張含有以下標籤的圖片:\n{1}",
    "nsfw_tag": "標籤",
    "gambling_animal_race": "動物賽跑",
    "gambling_animal_race_failed": "參賽者不足，無法開始比賽。",
    "gambling_animal_race_full": "參賽者已滿! 立即開始比賽。",
    "gambling_animal_race_join": "{0} 扮演為 {1}",
    "gambling_animal_race_join_bet": "{0} 扮演為 {1} 並下注了 {2}!",
    "gambling_animal_race_join_instr": "輸入 {0}jr 來加入比賽。",
    "gambling_animal_race_starting": "比賽將於20秒後或參賽人數人滿時開始。",
    "gambling_animal_race_starting_with_x": "比賽開始，共有 {0} 位參賽者。",
    "gambling_animal_race_won": "身為 {1} 的 {0} 贏得比賽!",
    "gambling_animal_race_won_money": "身為 {1} 的 {0} 贏得比賽並獲得 {2}!",
    "gambling_dice_invalid_number": "指定的數量無效。您可以一次骰 {0} ~ {1} 個骰子。",
    "gambling_dice_rolled": "骰出了 {0}",
    "gambling_dice_rolled_num": "骰子數量: {0}",
    "gambling_race_failed_starting": "無法開始比賽。另一個比賽可能正在進行中。",
    "gambling_race_not_exist": "此伺服器上沒有競賽",
    "gambling_second_larger_than_first": "第二個數字必須大於前者。",
    "gambling_changes_of_heart": "變心次數",
    "gambling_claimed_by": "契身約者",
    "gambling_divorces": "離婚次數",
    "gambling_likes": "暗戀著",
    "gambling_price": "價格",
    "gambling_waifus_none": "還沒有任何人擄獲任何對象。",
    "gambling_waifus_top_waifus": "最佳對象",
    "gambling_waifu_affinity_already": "您的暗戀目標已經是該對象，或是您在沒有暗戀對象下嘗試取消暗戀對象。",
    "gambling_waifu_affinity_changed": "已將暗戀者 {0} 變更為 {1}。\n\n*這是一個值得沈思的道德問題*🤔",
    "gambling_waifu_affinity_cooldown": "您必须等待 {0} 小時 {1} 分鐘才能再次變更您的暗戀者。",
    "gambling_waifu_affinity_reset": "你已經不再暗戀任何人。",
    "gambling_waifu_affinity_set": "想要成為 {0} 的後宮。 嗚挖~ <3",
    "gambling_waifu_claimed": "花了 {1} 將 {0} 收為後宮!",
    "gambling_waifu_divorced_like": "你已經甩掉了一位喜歡你的對象，你這無情的怪物。\n作為補償，{0} 獲得了{1}。",
    "gambling_waifu_egomaniac": "你不能設定自己為暗戀對象，你這自戀狂。",
    "gambling_waifu_fulfilled": "🎉他們的愛情終於開花結果 🎉\n{0} 的新值為 {1}!",
    "gambling_waifu_isnt_cheap": "後宮才沒有那麼便宜。您必須至少支付 {0} 以上才能買下對方，即使對方的所需金額比這個還低。",
    "gambling_waifu_not_enough": "您必須支付 {0} 或更多才能收納對方入你後宮!",
    "gambling_waifu_not_yours": "那個後宮不是你的。",
    "gambling_waifu_not_yourself": "你不能將自己收入後宮。",
    "gambling_waifu_recent_divorce": "您最近才剛離過婚。您必須再等待 {0} 小時和 {1} 分鐘才能再次離婚。",
    "gambling_nobody": "沒人",
    "gambling_waifu_divorced_notlike": "您已經與一位不愛您的人離婚了。您回收了{0}。",
    "games_8ball": "8ball",
    "games_acrophobia": "藏頭詩",
    "games_acro_ended_no_sub": "遊戲結束，沒人發表答案。",
    "games_acro_no_votes_cast": "沒人投票。遊戲已沒有勝利者結束。",
    "games_acro_nym_was": "開頭字母為 {0}。",
    "games_acro_running": "藏頭詩遊戲已在此頻道中運行中。",
    "games_acro_started": "遊戲開始，請造一個句子使用以下字首: {0}。",
    "games_acro_started_footer": "您有 {0} 秒的時間作答。",
    "games_acro_submit": "{0} 送出了他的句子。(共{1}個)",
    "games_acro_vote": "請輸入您喜歡的句子編號。",
    "games_acro_vote_cast": "{0} 投下了他寶貴的一票!",
    "games_acro_winner": "優勝者為獲得 {1} 分的 {0}。",
    "games_acro_winner_only": "優勝者為唯一一個送出答案的 {0}!",
    "games_question": "題目",
    "games_submissions_closed": "結束收件",
    "gambling_animal_race_already_started": "動物賽跑已經在運行中了。",
    "gambling_total_average": "總共: {0} 平均: {1}",
    "games_category": "分類",
    "games_cleverbot_disabled": "已在此伺服器上停用Cleverbot。",
    "games_cleverbot_enabled": "已在此伺服器上啟用Cleverbot。",
    "games_curgen_disabled": "停止在此頻道上生產代幣。",
    "games_curgen_enabled": "開始在此頻道上生產代幣。",
    "games_curgen_pl": "發現了 {0} 個野生的 {1}!",
    "games_curgen_sn": "發現了一個野生的 {0}!",
    "games_failed_loading_question": "載入問題失敗。",
    "games_game_started": "遊戲開始",
    "games_hangman_game_started": "猜單詞遊戲開始了",
    "games_hangman_running": "猜單詞遊戲已經在此頻道上執行中。",
    "games_hangman_start_errored": "猜單詞遊戲啟動失敗。",
    "games_hangman_types": "“{0}猜單詞” 單詞類型列表:",
    "games_leaderboard": "排行榜",
    "games_not_enough": "您沒有足夠的 {0}",
    "games_no_results": "沒有結果",
    "games_picked": "獲得了 {0}",
    "games_planted": "{0} 種了 {1}",
    "games_trivia_already_running": "知識小學堂已經在此伺服器上運行中。",
    "games_trivia_game": "知識小學堂",
    "games_trivia_guess": "{0} 答對了! 答案是: {1}",
    "games_trivia_none": "此伺服器上沒有運行中的知識小學堂。",
    "games_trivia_points": "{0} 有 {1} 分",
    "games_trivia_stopping": "於此問題後結束。",
    "games_trivia_times_up": "時間到! 正確答案為: {0}",
    "games_trivia_win": "{0} 答對並贏得遊戲! 答案是: {1}",
    "games_ttt_against_yourself": "你不能對自己玩。",
    "games_ttt_already_running": "圈圈叉叉遊戲已經在此頻道上運行中。",
    "games_ttt_a_draw": "平手!",
    "games_ttt_created": "開始了一場圈圈叉叉遊戲。",
    "games_ttt_has_won": "{0} 赢了!",
    "games_ttt_matched_three": "配對了三個",
    "games_ttt_no_moves": "沒有可動的步!",
    "games_ttt_time_expired": "時間已到!",
    "games_ttt_users_move": "輪到 {0} 了",
    "games_vs": "{0} 對 {1}",
    "music_attempting_to_queue": "正在點播 {0} 首歌...",
    "music_autoplay_disabled": "已停用自動播放。",
    "music_autoplay_enabled": "已啟用自動播放。",
    "music_defvol_set": "預設音量設定為 {0}％",
    "music_dir_queue_complete": "目錄載入完成。",
    "music_fairplay": "公平播放",
    "music_finished_song": "完成播放",
    "music_fp_disabled": "停用公平播放。",
    "music_fp_enabled": "啟用公平播放。",
    "music_from_position": "從位置",
    "music_id": "代號",
    "music_invalid_input": "輸入錯誤。",
    "music_max_playtime_none": "音樂長度現在沒有限制了。",
    "music_max_playtime_set": "每首音樂最長長度設定為{0}秒。",
    "music_max_queue_unlimited": "播放清單大小現在沒有限制了。",
    "music_max_queue_x": "播放清單最多可以點播 {0} 首。",
    "music_must_be_in_voice": "你必須要進入在此伺服器上的語音頻道。",
    "music_name": "名稱",
    "music_now_playing": "正在播放",
    "music_no_player": "沒有正在運行中的播放器。",
    "music_no_search_results": "沒有搜尋結果。",
    "music_paused": "暫停播放音樂。",
    "music_player_queue": "播放清單 - 第 {0} / {1} 頁",
    "music_playing_song": "正在播放 #{0}",
    "music_playlists": "`#{0}` - **{1}** by *{2}* ({3}首歌)",
    "music_playlists_page": "已儲存的播放清單第 {0} 頁",
    "music_playlist_deleted": "播放清單已刪除。",
    "music_playlist_delete_fail": "刪除清單失敗。清單要不是不存在，或你不是該清單的作者。",
    "music_playlist_id_not_found": "此播放清單代號並不存在。",
    "music_playlist_queue_complete": "播放清單載入完成。",
    "music_playlist_saved": "播放清單已儲存",
    "music_play_limit": "{0} 秒限制",
    "music_queue": "排序清單",
    "music_queued_song": "加入排序",
    "music_queue_cleared": "排序清單已清除",
    "music_queue_full": "排序已滿於 {0} / {0}。",
    "music_removed_song": "已移除歌曲",
    "music_repeating_cur_song": "重複播放目前歌曲",
    "music_repeating_playlist": "重複播放目前清單",
    "music_repeating_track": "重複曲目",
    "music_repeating_track_stopped": "停止重複播放目前歌曲。",
    "music_resumed": "繼續播放音樂。",
    "music_rpl_disabled": "停用重複播放清單",
    "music_rpl_enabled": "啟用重複播放清單。",
    "music_set_music_channel": "我將在此頻道輸出播放、暫停、結束和移除歌曲的訊息。",
    "music_skipped_to": "跳至 `{0}:{1}`",
    "music_song_moved": "歌曲移至",
    "music_time_format": "{0}小時{1}分鐘{2}秒",
    "music_to_position": "到位置",
    "music_unlimited": "無限",
    "music_volume_input_invalid": "音量必須介於0至100之間",
    "music_volume_set": "音量調整為 {0}％",
    "permissions_acm_disable": "在{0}頻道上禁用執行所有模組指令。",
    "permissions_acm_enable": "在{0}頻道上開放執行所有模組指令。",
    "permissions_allowed": "允許",
    "permissions_arm_disable": "在{0}身份組上禁用執行所有模組指令。",
    "permissions_arm_enable": "在{0}身份組上開放執行所有模組指令。",
    "permissions_asm_disable": "在此伺服器上禁用執行所有模組指令。",
    "permissions_asm_enable": "在此伺服器上開放執行所有模組指令。",
    "permissions_aum_disable": "{0}成員禁用執行所有模組指令。",
    "permissions_aum_enable": "{0}成員開放執行所有模組指令。",
    "permissions_blacklisted": "ID {1} 被加入 {0} 黑名单",
    "permissions_cmdcd_add": "指令 {0} 現在有 {1}秒 冷卻時間。",
    "permissions_cmdcd_cleared": "指令 {0} 現在沒有冷卻時間，且目前正在冷卻的也一並移除。",
    "permissions_cmdcd_none": "尚未設定任何指令冷卻時間。",
    "permissions_command_costs": "指令成本",
    "permissions_cx_disable": "在 {2} 頻道上禁用 {0} {1}。",
    "permissions_cx_enable": "在 {2} 頻道上開放 {0} {1}。",
    "permissions_denied": "拒絕",
    "permissions_filter_word_add": "新增 {0} 至過濾文字清單。",
    "permissions_filter_word_list": "過濾文字清單",
    "permissions_filter_word_remove": "從過濾文字清單中移除 {0}。",
    "permissions_invalid_second_param_between": "第二個參數無效 (必須為一個在 {0} 和 {1} 之間的數字)",
    "permissions_invite_filter_channel_off": "在此頻道上停用邀請連結過濾。",
    "permissions_invite_filter_channel_on": "在此頻道上啟用邀請連結過濾。",
    "permissions_invite_filter_server_off": "在此伺服器上停用邀請連結過濾。",
    "permissions_invite_filter_server_on": "在此伺服器上啟用邀請連結過濾。",
    "permissions_moved_permission": "已將權限 {0} 從 #{1} 移至 #{2}",
    "permissions_not_found": "在索引 #{0} 找不到權限",
    "permissions_no_costs": "尚未設置價格。",
    "permissions_of_command": "指令",
    "permissions_of_module": "模組",
    "permissions_page": "權限頁面第 {0} 頁",
    "permissions_permrole": "目前管理身分組為 {0}。",
    "permissions_permrole_changed": "成員現在需要 {0} 身份組才能編輯權限。",
    "permissions_perm_out_of_range": "該索引找不到權限。",
    "permissions_removed": "已刪除權限 #{0} - {1}",
    "permissions_rx_disable": "禁止{2}身份組執行{0} {1}。",
    "permissions_rx_enable": "開放{2}身份組執行{0} {1}。",
    "permissions_sec": "秒",
    "permissions_sx_disable": "在此伺服器上停用 {0} {1}。",
    "permissions_sx_enable": "在此伺服器上啟用 {0} {1}。",
    "permissions_unblacklisted": "從 {0} 黑名單上移除 ID {1}",
    "permissions_uneditable": "不可編輯",
    "permissions_ux_disable": "禁止 {2} 成員執行 {0} {1}。",
    "permissions_ux_enable": "開放 {2} 成員執行 {0} {1}。",
    "permissions_verbose_false": "我不再顯示權限警告。",
    "permissions_verbose_true": "我將會顯示權限警告。",
    "permissions_word_filter_channel_off": "停用過濾此頻道文字。",
    "permissions_word_filter_channel_on": "啟用過濾此頻道文字。",
    "permissions_word_filter_server_off": "停用過濾此伺服器文字。",
    "permissions_word_filter_server_on": "啟用過濾此伺服器文字。",
    "searches_abilities": "能力",
    "searches_anime_no_fav": "還沒有最喜歡的動畫",
    "searches_atl_ad_started": "開始自動翻譯此頻道上的訊息。成員訊息將會被刪除。",
    "searches_atl_removed": "自動翻譯設定已移除。",
    "searches_atl_set": "自動翻譯語言設定為 {0} > {1}",
    "searches_atl_started": "開始自動翻譯此頻道上的訊息。",
    "searches_atl_stopped": "停止自動翻譯此頻道上的訊息。",
    "searches_bad_input_format": "輸入格式錯誤，或是系統出問題了。",
    "searches_card_not_found": "找不到該卡片",
    "searches_catfact": "小知識",
    "searches_chapters": "章節數",
    "searches_comic_number": "漫畫編號",
    "searches_compet_loses": "競技敗場數",
    "searches_compet_played": "競技次數",
    "searches_compet_rank": "競技排行",
    "searches_compet_wins": "競技勝場數",
    "searches_completed": "全部看完",
    "searches_condition": "天氣情況",
    "searches_cost": "消耗",
    "searches_date": "日期",
    "searches_define": "定義:",
    "searches_dropped": "放棄",
    "searches_episodes": "集數",
    "searches_error_occured": "錯誤發生。",
    "searches_example": "範例",
    "searches_failed_finding_anime": "找不到該動畫。",
    "searches_failed_finding_manga": "找不到該漫畫。",
    "searches_genres": "類型",
    "searches_hashtag_error": "找不到標籤定義",
    "searches_height_weight": "身高/體重",
    "searches_height_weight_val": "{0}m/{1}kg",
    "searches_humidity": "濕度",
    "searches_image_search_for": "搜尋圖片:",
    "searches_imdb_fail": "找不到該電影",
    "searches_invalid_lang": "來源或目標語言錯誤",
    "searches_jokes_not_loaded": "沒有載入笑話。",
    "searches_latlong": "緯度/經度",
    "searches_level": "等級",
    "searches_list_of_place_tags": "{0}place 可使用參數",
    "searches_location": "地區",
    "searches_magicitems_not_loaded": "沒有載入魔法道具。",
    "searches_mal_profile": "{0} 的 MAL 個人檔案",
    "searches_mashape_api_missing": "您無法使用此功能，因為Bot擁有者並沒有設定Mashape API代碼。",
    "searches_min_max": "低溫/高溫",
    "searches_no_channel_found": "找不到頻道。",
    "searches_no_results": "沒有結果。",
    "searches_on_hold": "暫停",
    "searches_original_url": "原始連結",
    "searches_osu_api_key": "需要 osu! API 代碼。",
    "searches_osu_failed": "讀取 osu! 簽名檔失敗。",
    "searches_over_x": "找到超過 {0} 張圖。 顯示隨機 {0}。",
    "searches_ow_user_not_found": "找不到該玩家! 請再次檢查BattleTag及區域是否正確。",
    "searches_plan_to_watch": "預計觀看",
    "searches_platform": "平台",
    "searches_pokemon_ability_none": "找不到技能",
    "searches_pokemon_none": "找不到寶可夢",
    "searches_profile_link": "個人檔案:",
    "searches_quality": "品質:",
    "searches_quick_playtime": "快速對戰時間",
    "searches_quick_wins": "快速對戰勝場數",
    "searches_rating": "評分",
    "searches_score": "分數:",
    "searches_search_for": "搜尋:",
    "searches_shorten_fail": "縮短網址失敗。",
    "searches_short_url": "短網址",
    "searches_something_went_wrong": "出了些問題。",
    "searches_specify_search_params": "請註明要搜尋的項目。",
    "searches_status": "狀態",
    "searches_store_url": "商店網址",
    "searches_streamer_offline": "實況主 {0} 目前離線中。",
    "searches_streamer_online": "實況主 {0} 目前直播中，有 {1} 名觀眾。",
    "searches_streams_following": "此伺服器目前正在追蹤 {0} 位實況主。",
    "searches_streams_none": "此伺服器目前沒有追蹤任何實況主。",
    "searches_stream_no": "找不到實況台。",
    "searches_stream_not_exist": "實況台大概不存在。",
    "searches_stream_removed": "移除了追蹤清單上 {0}實況主 ({1}) 的實況台",
    "searches_stream_tracked": "我將會在此頻道通知實況主狀態。",
    "searches_sunrise": "日出時間",
    "searches_sunset": "日落時間",
    "searches_temperature": "氣溫",
    "searches_title": "標題:",
    "searches_top_3_fav_anime": "前三喜歡的動畫:",
    "searches_translation": "翻譯:",
    "searches_types": "類型",
    "searches_ud_error": "找不到該詞的定義。",
    "searches_url": "連結",
    "searches_viewers": "觀眾",
    "searches_watching": "正在看",
    "searches_wikia_error": "無法在指定的維基上找到該詞。",
    "searches_wikia_input_error": "請輸入要搜尋的維基，然後才是搜尋單詞。",
    "searches_wiki_page_not_found": "找不到該頁面。",
    "searches_wind_speed": "風速",
    "searches_x_most_banned_champs": "{0} 個最常被禁的英雄",
    "searches_yodify_error": "無法尤達化你的句子。",
    "utiliity_joined": "已加入",
    "utility_activity_line": "`{0}.` {1} [{2:F2}/秒] - 共 {3}",
    "utility_activity_page": "活動頁面 #{0}",
    "utility_activity_users_total": "共 {0} 個成員。",
    "utility_author": "作者",
    "utility_botid": "Bot ID",
    "utility_calcops": "可在 {0}calc 使用的函式",
    "utility_channelid": "這個頻道的 {0} 是 {1}",
    "utility_channel_topic": "頻道主題",
    "utility_commands_ran": "執行指令",
    "utility_convert": "{0} {1} 等於 {2} {3}",
    "utility_convertlist": "轉換器可以使用的單位",
    "utility_convert_not_found": "無法將 {0} 轉換成 {1}: 找不到單位",
    "utility_convert_type_error": "無法將 {0} 轉換成 {1}: 單位類型並不相同",
    "utility_created_at": "建立於",
    "utility_custom_emojis": "自訂表情符號",
    "utility_error": "錯誤",
    "utility_features": "特色",
    "utility_id": "ID",
    "utility_index_out_of_range": "索引超過範圍",
    "utility_inrole_list": "{0} 身分組中的成員",
    "utility_inrole_not_allowed": "您無法在有很多成員的身分組執行此指令來預防濫用。",
    "utility_invalid_value": "無效的 {0} 數值",
    "utility_joined_discord": "加入了 Discord",
    "utility_joined_server": "加入了伺服器",
    "utility_listservers": "伺服器 ID: {0}\n成員數: {1}\n擁有者 ID: {2}",
    "utility_listservers_none": "在那個頁面找不到伺服器。",
    "utility_list_of_repeaters": "重複清單",
    "utility_members": "成員",
    "utility_memory": "記憶體",
    "utility_messages": "訊息",
    "utility_message_repeater": "訊息重複器",
    "utility_name": "名字",
    "utility_nickname": "暱稱",
    "utility_nobody_playing_game": "沒有人正在玩那款遊戲。",
    "utility_no_active_repeaters": "沒有運行中的重複器",
    "utility_no_roles_on_page": "此頁面上沒有身分組",
    "utility_no_shards_on_page": "此頁面上沒有Shard",
    "utility_no_topic_set": "沒有設定主題",
    "utility_owner": "擁有者",
    "utility_owner_ids": "擁有者ID",
    "utility_presence": "狀態",
    "utility_presence_txt": "{0} 伺服器\n{1} 文字頻道\n{2} 語音頻道",
    "utility_quotes_deleted": "刪除了所有包含了 {0} 關鍵字的引句。",
    "utility_quotes_page": "引句第{0}頁",
    "utility_quotes_page_none": "此頁沒有引句。",
    "utility_quotes_remove_none": "找不到您可以刪除的引句。",
    "utility_quote_added": "新增引句",
    "utility_quote_deleted": "引句#{0}已刪除。",
    "utility_region": "地區",
    "utility_registered_on": "註冊於",
    "utility_remind": "我將會在 {2} 後提醒 {0} 說 {1} `({3:d.M.yyyy.} 於 {4:HH:mm})` ",
    "utility_remind_invalid_format": "無效的時間格式。請檢查指令說明。",
    "utility_remind_template": "新的提醒範本已設定。",
    "utility_repeater": "每 {1} 天 {2} 小時又 {3} 分鐘後重複 {0}。",
    "utility_repeaters_list": "重複器清單",
    "utility_repeaters_none": "此伺服器沒有運行中的重複器。",
    "utility_repeater_stopped": "#{0} 已停止",
    "utility_repeat_invoke_none": "此伺服器上找不到重複中的訊息。",
    "utility_result": "結果",
    "utility_roles": "身分組",
    "utility_roles_all_page": "此伺服器上所有身分組 - 第 #{0} 頁",
    "utility_roles_page": "身分組 {1} 的第 #{0} 頁",
    "utility_rrc_no_colors": "顏色的格式錯誤。正確的格式例如`#00ff00`。",
    "utility_rrc_start": "開始循環變更 {0} 身分組的顏色。",
    "utility_rrc_stop": "停止循環變更 {0} 身分組的顏色。",
    "utility_serverid": "這個伺服器的 {0} 是 {1}",
    "utility_server_info": "伺服器資訊",
    "utility_shard": "Shard",
    "utility_shard_stats": "Shard狀態",
    "utility_shard_stats_txt": "{2} 伺服器 Shard **#{0}** 的狀態為 {1} - {3} 之前",
    "utility_showemojis": "**名稱:** {0} **連結:** {1}",
    "utility_showemojis_none": "找不到特殊的表情符號。",
    "utility_stats_songs": "正在播放 {0} 首歌，{1} 首已點播。",
    "utility_text_channels": "文字頻道",
    "utility_togtub_room_link": "這是您的房間連結:",
    "utility_uptime": "上線時間",
    "utility_userid": "{1} 的 {0} 是 {2}",
    "utility_users": "成員",
    "utility_voice_channels": "語音頻道",
    "gambling_animal_race_already_in": "您已經加入了這場比賽!",
    "games_current_poll_results": "目前投票結果",
    "games_no_votes_cast": "沒有人投票。",
    "games_poll_already_running": "此伺服器正在投票中。",
    "games_poll_created": "📃 {0} 建立了一個需要您的注意的投票: ",
    "games_poll_result": "`{0}.` {1} 有 {2} 票。",
    "games_poll_voted": "{0} 投下了神聖的一票。",
    "games_poll_vote_private": "請私訊我您要投票的號碼。",
    "games_poll_vote_public": "請在此打出要投票的號碼。",
    "games_thanks_for_voting": "感謝您神聖的一票，{0}",
    "games_x_votes_cast": "總票數為 {0}",
    "games_pick_pl": "輸入 `{0}pick` 來拾取。",
    "games_pick_sn": "輸入 `{0}pick` 來拾取。",
    "gambling_no_users_found": "找不到成員",
    "gambling_page": "第 {0} 頁",
    "administration_must_be_in_voice": "您必須要在此伺服器上的語音頻道。",
    "administration_no_vcroles": "沒有語音頻道身分組。",
    "administration_user_muted_time": "{0} 已被 **禁止** __文字和語音聊天__，持續 {1} 分鐘。",
    "administration_vcrole_added": "進入 {0} 頻道的成員將會獲得 {1} 身分組。",
    "administration_vcrole_removed": "進入 {0} 頻道的成員將不再獲得身分組。",
    "administration_vc_role_list": "語音頻道身分組",
    "customreactions_crad_disabled": "觸發自訂回應 ID 為 {0} 的訊息不會自動刪除。",
    "customreactions_crad_enabled": "觸發自訂回應 ID 為 {0} 的訊息將會自動刪除。",
    "customreactions_crdm_disabled": "自訂回應 ID 為 {0} 的回應不會以私訊方式傳送。",
    "customreactions_crdm_enabled": "自訂回應 ID 為 {0} 的回應將會以私訊方式傳送。",
    "utility_aliases_none": "找不到別名",
    "utility_alias_added": "現在輸入 {0} 會被辨識為 {1} 的別名了。",
    "utility_alias_list": "別名列表",
    "utility_alias_removed": "觸發 {0} 不再有別名。",
    "utility_alias_remove_fail": "觸發 {0} 並沒有別名。",
    "searches_compet_playtime": "競技時數",
    "administration_channel": "頻道",
    "administration_command_text": "指令",
    "administration_kicked_pl": "踢除",
    "administration_moderator": "群管",
    "administration_page": "第 {0} 頁",
    "administration_reason": "理由",
    "administration_scadd": "已新增新的啟動執行命令。",
    "administration_scrm": "啟動執行命令已移除。",
    "administration_scrm_fail": "找不到啟動執行命令。",
    "administration_server": "伺服器",
    "administration_startcmdlist_none": "此頁沒有啟動執行命令。",
    "administration_startcmds_cleared": "已清除所有啟動執行命令。",
    "administration_unbanned_user": "成員 {0} 已解除封鎖。",
    "administration_user_not_found": "找不到成員。",
    "administration_user_warned": "已警告成員 {0} 。",
    "administration_user_warned_and_punished": "成員 {0} 因警告多次故以 {1} 作為懲罰。",
    "administration_warned_on": "您在 {0} 伺服器上被警告",
    "administration_warned_on_by": "於 {0} {1}，由 {2}",
    "administration_warnings_cleared": "已清除成員 {0} 上的所有警告。",
    "administration_warnings_none": "此頁沒有警告。",
    "administration_warnlog_for": "{0} 的警告紀錄",
    "administration_warnpl_none": "沒有設定懲處罰則。",
    "administration_warn_cleared_by": "由 {0} 清除",
    "administration_warn_punish_list": "警告懲處清單",
    "administration_warn_punish_rem": "擁有 {0} 支警告不再觸發懲處。",
    "administration_warn_punish_set": "我將會用 {0} 懲處擁有 {1} 支警告的成員。",
    "administration_slowmodewl_role_start": "Slowmode 將不再套用於 {0} 身分組。",
    "administration_slowmodewl_role_stop": "Slowmode 將套用於 {0} 身分組。",
    "administration_slowmodewl_user_start": "Slowmode 將不再套用於 {0} 成員。",
    "administration_slowmodewl_user_stop": "Slowmode 將套用於 {0} 成員。",
    "utility_clpa_fail": "因下列因素而無法領獎:",
    "utility_clpa_fail_already": "您一個月只能領一次獎勵，除非您的贊助金額有提升。",
    "utility_clpa_fail_already_title": "獎勵已發送",
    "utility_clpa_fail_conn": "您的Discord帳號可能未與Patreon帳戶連結。若您不確定，或不知道如何連結的話，請至您的[Patreon帳戶設定](https://patreon.com/settings/account)並點選'連節至Discord'按鈕。",
    "utility_clpa_fail_conn_title": "尚未連接Discord帳號",
    "utility_clpa_fail_sup": "您必須要與Patreon連結您的Discord帳戶才符合領獎資格。您可以使用 {0} 指令來取得連結。",
    "utility_clpa_fail_sup_title": "無法支援",
    "utility_clpa_fail_wait": "贊助完畢後需要等待數小時等資訊入系統，還請稍後再嘗試。",
    "utility_clpa_fail_wait_title": "請稍等",
    "utility_clpa_success": "您因贊助了此專案而獲得了{0}!",
    "utility_clpa_too_early": "獎勵可於每月5日之後領取。",
    "searches_time": "{0} 現在的時間為 {1} - {2}",
    "administration_rh": "設定顯示{0}的身分組為{1}",
    "gambling_name": "姓名",
    "gambling_shop": "商店",
    "gambling_shop_item_add": "商品以新增",
    "gambling_shop_none": "此頁面找不到商品",
    "gambling_shop_role": "您將會獲得{0}身分組。",
    "gambling_type": "類型",
    "utility_clpa_next_update": "下次更新於{0}",
    "administration_gvc_disabled": "遊戲語音頻道功能在此伺服器上停用。",
    "administration_gvc_enabled": "{0}現在是一個遊戲語音頻道了。",
    "administration_not_in_voice": "你並沒有在此伺服器上的語音頻道。",
    "gambling_item": "物品",
    "gambling_out_of_stock": "缺貨中",
    "gambling_random_unique_item": "隨機獨特物品",
    "gambling_shop_buy_error": "私訊物品失敗。您已獲得退款。",
    "gambling_shop_item_not_found": "找不到該索引的道具。",
    "gambling_shop_item_purchase": "成功購買物品。",
    "gambling_shop_item_rm": "商品已移除。",
    "gambling_shop_item_wrong_type": "那個商店並不支援新增商品功能。",
    "gambling_shop_list_item_added": "商品已新增。",
    "gambling_shop_list_item_not_unique": "該商品已存在。",
    "gambling_shop_purchase": "在伺服器 {0} 上購買",
    "gambling_shop_role_not_found": "該販售中的身分組已不存在。",
    "gambling_shop_role_purchase": "您已經成功購買了 {0} 身分組。",
    "gambling_shop_role_purchase_error": "指派身分組失敗。您已獲得退款。",
    "gambling_unique_items_left": "還剩餘 {0} 物品。",
    "permissions_blocked_commands": "阻擋的指令",
    "permissions_blocked_modules": "阻擋的模組",
    "permissions_gcmd_add": "{0} 指令已在所有伺服器上停用。",
    "permissions_gcmd_remove": "{0} 指令已在所有伺服器上啟用。",
    "permissions_gmod_add": "{0} 模組已在所有伺服器上停用。",
    "permissions_gmod_remove": "{0} 模組已在所有伺服器上啟用。",
    "permissions_lgp_none": "沒有任何阻擋的指令或模組。",
    "gambling_animal_race_no_race": "這場動物賽跑已經額滿了!",
    "utility_cant_read_or_send": "你無法在這個頻道讀取或發送訊息。",
    "utility_quotes_notfound": "找不到與該引句ID相符的引句。",
    "administration_prefix_current": "指令開頭於此伺服器為 {0}",
    "administration_prefix_new": "變更此伺服器指令開頭從 {0} 至 {1}",
    "administration_defprefix_current": "預設機器人指令開頭為 {0}",
    "administration_defprefix_new": "變更預設機器人指令開頭從 {0} 至 {1}",
    "administration_bot_nick": "Bot 的暱稱已改為 {0}",
    "administration_user_nick": "成員 {0} 的暱稱已改為 {1}",
    "administration_timezone_guild": "這個公會的時區是 `{0}`",
    "administration_timezone_not_found": "找不到該時區。使用\"timezones\"命令查看可用時區的列表。",
    "administration_timezones_available": "可用的時區",
    "music_song_not_found": "找不到歌曲。",
    "searches_define_unknown": "找不到該詞語的定義。",
    "utility_repeater_initial": "最初的重複訊息將發送於 {0}小時 {1}分鐘。",
    "utility_verbose_errors_enabled": "使用錯誤的命令現在將顯示錯誤訊息。",
    "utility_verbose_errors_disabled": "使用錯誤的命令現在將不會顯示錯誤訊息。",
    "permissions_perms_reset": "此伺服器的權限已重設。",
    "permissions_trigger": "權限設定#{0} {1}正在預防此行為。",
    "administration_migration_error": "升級失敗，請參閱Bot的主畫面來獲得更多資訊。",
    "searches_hex_invalid": "無效的顏色碼。",
    "permissions_global_perms_reset": "全域權限已重設。",
    "help_module": "模組: {0}",
    "games_hangman_stopped": "猜單詞遊戲已結束。",
    "music_autoplaying": "自動播放中。",
    "music_queue_stopped": "播放器已停止。使用 {0} 指令來開始播放。",
    "music_removed_song_error": "該索引上的歌曲不存在",
    "music_shuffling_playlist": "播放清單洗牌中",
    "music_songs_shuffle_enable": "開始隨機播放清單。",
    "music_songs_shuffle_disable": "停止隨機播放清單。",
    "music_song_skips_after": "音樂將在 {0} 後跳過",
    "administration_warnings_list": "伺服器上所有被警告成員的列表",
    "customreactions_redacted_too_long": "字串因太長而裁短。",
    "nsfw_blacklisted_tag_list": "黑名單關鍵字:",
    "nsfw_blacklisted_tag": "你所使用的部分關鍵字已被黑名單。",
    "nsfw_blacklisted_tag_add": "{0}標籤已被新增至黑名單。",
    "nsfw_blacklisted_tag_remove": "{0}標籤已被移除黑名單。",
    "gambling_waifu_gift": "贈與了{0}給{1}",
    "gambling_waifu_gift_shop": "後宮精品店",
    "gambling_gifts": "獲得禮物",
    "games_connect4_created": "建立了一個四子棋遊戲。等待另一位玩家的加入中。",
    "games_connect4_player_to_move": "輪到玩家: {0}",
    "games_connect4_failed_to_start": "因為沒有對手而無法開始四子棋遊戲。",
    "games_connect4_draw": "平局。",
    "games_connect4_won": "{0} 從和 {1} 的四子棋比賽中勝出。",
    "games_nunchi_joined": "加入了心臟病遊戲。目前共有{0}位玩家。",
    "games_nunchi_ended": "心臟病遊戲結束。{0}獲勝",
    "games_nunchi_ended_no_winner": "心臟病遊戲在沒有勝利者的狀況下結束。",
    "games_nunchi_started": "{0}位玩家開始了心臟病遊戲。",
    "games_nunchi_round_ended": "心臟病本回合結束。{0}已遭淘汰。",
    "games_nunchi_round_ended_boot": "心臟病回合已將部分沒有回應玩家剔除。目前還在遊戲內的玩家為: {0}",
    "games_nunchi_round_started": "{0}位玩家的心臟病回合開始。請往上+1數右邊的數字: {1}。",
    "games_nunchi_next_number": "號碼以註冊。目前號碼為{0}。",
    "games_nunchi_failed_to_start": "因人數不足而無法開始心臟病遊戲 (最少要三位)。",
    "games_nunchi_created": "心臟病遊戲開始了。等待其他玩家的加入。",
    "music_sad_enabled": "歌曲會在撥放完畢後從清單中移除。",
    "music_sad_disabled": "歌曲會在撥放完畢後保留在清單中。",
    "utility_stream_role_enabled": "當擁有{0}身分組的使用者開始實況時，我將會給予他們{0}身分組。",
    "utility_stream_role_disabled": "實況身分組已被停用。",
    "utility_stream_role_kw_set": "實況主現在必須要包含 {0} 關鍵字才能獲得身分組。",
    "utility_stream_role_kw_reset": "實況身分組關鍵字以重設。",
    "utility_stream_role_bl_add": "{0} 使用者將永不獲得實況者群組",
    "utility_stream_role_bl_add_fail": "使用者{0}已經在黑名單上了。",
    "utility_stream_role_bl_rem": "使用者{0}不再會被黑名單。",
    "utility_stream_role_bl_rem_fail": "使用者{0}並不在黑名單上。",
    "utility_stream_role_wl_add": "使用者{0}將會獲得實況身放組，即便實況標題內並沒有任何關鍵字。",
    "utility_stream_role_wl_add_fail": "使用者{0}已經在白名單上了。",
    "utility_stream_role_wl_rem": "使用者{0}不再會被白名單了。",
    "utility_stream_role_wl_rem_fail": "使用者{0}並不在白名單上。",
    "utility_bot_config_edit_fail": "{0}的值在設定成{1}時失敗",
    "utility_bot_config_edit_success": "{0}的值已被設定為{1}",
    "customreactions_crca_disabled": "自訂回應編號{0}現在只會在訊息開頭包含關鍵字時觸發。",
    "customreactions_crca_enabled": "自訂回應編號{0}現在會在訊息中有包含關鍵字時觸發。",
    "xp_server_level": "伺服器等級",
    "xp_level": "等級",
    "xp_club": "公會",
    "xp_xp": "經驗",
    "xp_excluded": "{0}已被排除XP系統",
    "xp_not_excluded": "{0} 不再從伺服器上的經驗值系統中排除。",
    "xp_exclusion_list": "排除名單",
    "xp_server_is_excluded": "這個伺服器已被排除在外。",
    "xp_server_is_not_excluded": "這個伺服器不被排除在外。",
    "xp_excluded_roles": "排除身分組",
    "xp_excluded_channels": "排除頻道",
    "xp_level_up_channel": "恭喜{0}，您的等級已提升為{1}!",
    "xp_level_up_dm": "恭喜{0}，您的等級已於{2}伺服器上提升為{1}!",
    "xp_level_up_global": "恭喜{0}，您的全域等級提升為{1}!",
    "xp_role_reward_cleared": "等級{0}不再會給予身分組。",
    "xp_role_reward_added": "使用者達到等級{0}時將會獲得{1}身分組。",
    "xp_level_x": "等級 {0}",
    "xp_server_leaderboard": "伺服器經驗值排名",
    "xp_global_leaderboard": "全局經驗值排名",
    "xp_modified": "修改成員 {0} 的經驗值為 {1}",
    "xp_club_create_error": "公會創建失敗。請確保你已經超過等級5，而且不是其他公會的成員。",
    "xp_club_created": "{0}已被成功建立!",
    "xp_club_not_exists": "找不到此公會。",
    "xp_club_applied": "你已經向{0}公會申請了會員。",
    "xp_club_apply_error": "無法申請。你要不是已經是此公會的成員，要不就是你還沒達到最低入會等級需求。或你已經被此公會黑單了。",
    "xp_club_accepted": "已批准成員 {0} 加入公會。.",
    "xp_club_accept_error": "找不到使用者",
    "xp_club_left": "你已離開公會。",
    "xp_club_not_in_club": "你要不是目前沒有工會，或者就是你嘗試想要離開一個由你創立的工會。",
    "xp_club_user_kick": "成員 {0} 已從 {1} 公會中被踢出。.",
    "xp_club_user_kick_fail": "在踢除時發生錯誤。您不是公會的擁有者，或該用戶不在您的公會。",
    "xp_club_user_banned": "已將{0}逐出{1}公會並設定黑名單。",
    "xp_club_user_ban_fail": "無法設定黑名單。您要不是並非貴會會長，就是您想要設定黑名單的對象並不在您的公會內。",
    "xp_club_user_unbanned": "將成員 {0} 從 {1} 俱樂部解除封鎖。",
    "xp_club_user_unban_fail": "無法解除黑名單。您要不是並非貴會會長，就是您想要解除黑名單的對象並不在您的公會內。",
    "xp_club_level_req_changed": "已設定本公會的最低需求等級為 {0}",
    "xp_club_level_req_change_error": "變更等級需求失敗。",
    "xp_club_disbanded": "{0} 已遭解散。",
    "xp_club_disband_error": "錯誤: 你要不是沒有在公會，就是你並不是你所在公會的會長。",
    "xp_club_icon_error": "圖示網址不正確或者你不是公會會長。",
    "xp_club_icon_set": "已設定新的公會圖示。",
    "xp_club_bans_for": "{0} 公會黑名單",
    "xp_club_apps_for": "{0} 公會會員申請名單",
    "xp_club_leaderboard": "公會排行榜 - 第 {0} 頁",
    "customreactions_edited_cust_react": "已成功編輯自訂回應",
    "administration_self_assign_are_exclusive": "您只能從每個群組中選一個身分組。",
    "administration_self_assign_are_not_exclusive": "您可以從任何群組中選任何數量的身分組。",
    "administration_self_assign_group": "群組 {0}",
    "gambling_reaction_desc": "點選 {0} 回應來獲得 {1}",
    "gambling_reaction_footer": "此活動將持續{0}小時。",
    "gambling_reaction_title": "點回應拿獎勵活動開始!",
    "administration_no_shards_on_page": "此頁並沒有Shard。",
    "administration_shard_stats": "Shard 資訊",
    "administration_shard_stats_txt": "Shard **#{0}** 正在與{2}伺服器維持著 {1} 狀態 - {3} 前",
    "games_poll_closed": "投票結束!",
    "xp_club_not_exists_owner": "您並不是此公會的負責人或管理員。",
    "xp_club_admin_add": "{0} 現在是公會管理員。",
    "xp_club_admin_remove": "{0} 不再是公會管理員。",
    "xp_club_admin_error": "錯誤: 你要不是不是此公會的負責人，或該使用者並沒有在您的公會內。",
    "nsfw_started": "已啟動。 每隔 {0} 秒將會發一篇文。",
    "nsfw_stopped": "已停止發文。",
    "searches_feed_added": "RSS Feed 已添加。",
    "searches_feed_not_valid": "無效的連結，或您已經在此伺服器上追蹤此Feed，或您已達到可添加的上限。",
    "searches_feed_out_of_range": "超出範圍",
    "searches_feed_removed": "RSS Feed已刪除。",
    "searches_feed_no_feed": "您還沒有在此伺服器上訂閱任何RSS Feed。",
    "administration_restart_fail": "您必須要在您的credentials.json中設定RestartCommand。",
    "administration_restarting": "重新啟動中。",
    "customreactions_edit_fail": "該自訂回應ID不存在。",
    "searches_streaming": "實況中",
    "searches_followers": "追蹤者",
    "gambling_rafflecur": "{0} 抽彩",
    "gambling_rafflecur_joined": "{0} 使用者加入了抽彩",
    "gambling_rafflecur_already_joined": "您已經加入了此抽彩，或您提供的點數不正確。",
    "gambling_rafflecur_ended": "{0} 抽彩已結束。{1} 獲得了 {2} !",
    "music_autodc_enable": "當歌單中沒有任何歌曲時我將會自動退出語音頻道。",
    "music_autodc_disable": "當歌單中沒有任何歌曲時我依然會留在語音頻道。",
    "gambling_timely_none": "擁有者並沒有設定定時打卡獎勵。",
    "gambling_timely_already_claimed": "您已經領取了您的打卡獎勵。您的下一次獎勵生效還要再等{0}。",
    "gambling_timely": "您領取了{0}。您可以等{1}小時後再領一次。",
    "gambling_timely_set": "使用者可以每隔{1}小時領取{0}",
    "gambling_timely_set_none": "使用者將無法領取任何打卡獎勵。",
    "gambling_timely_reset": "所有使用者現在可以重新領取打卡獎勵。",
    "gambling_waifu_transfer_fail": "您並不是對象的正宮，或您無法負擔後宮費用。或者您的輸入有誤。",
    "gambling_waifu_transfer_success": "{0} 的後宮權已從 {1} 轉讓給 {2}",
    "searches_authors": "作者",
    "administration_sql_confirm_exec": "請確定要執行下列SQL語法",
    "searches_price": "單價",
    "searches_market_cap": "市場量",
    "searches_volume_24h": "量 (24h)",
    "searches_change_7d_24h": "變化 (7d/24h)",
    "searches_crypto_not_found": "找不到您指定的虛擬貨幣代碼",
    "searches_did_you_mean": "您是否是想要查 {0}?",
    "administration_self_assign_level_req": "自行設定身分組 {0} 現在需要至少伺服器等級 {1} 才行",
    "administration_self_assign_not_level": "該自行設定身分組必須要伺服器等級 {0} 以上",
    "administration_invalid": "無效 / 找不到 ({0})",
    "administration_mass_kill_in_progress": "正在整肅 {0} 位使用者中 ...",
    "administration_mass_kill_completed": "{0} 位使用者已整肅完畢",
    "xp_cur_reward_cleared": "用戶達到等級{0}不再發送{1}",
    "xp_cur_reward_added": "用戶達到等級{0}時給予{1}作為獎勵",
    "xp_level_up_rewards": "升級獎勵",
    "xp_role_reward": "{0} 身分組",
    "xp_no_level_up_rewards": "此頁沒有資訊",
    "searches_failed_finding_novel": "找不到該小說。請確定您輸入的是完整書名，且該書名存在於novelupdates.com上",
    "administraton_remove_roles": "",
    "administration_delmsg_channel_off": "",
    "administration_delmsg_channel_on": "",
    "administration_delmsg_channel_inherit": "",
    "administration_server_delmsgoncmd": "",
    "administration_channel_delmsgoncmd": "",
    "help_options": "",
    "gambling_waifu_reset": "",
    "gambling_waifu_reset_fail": "",
    "gambling_waifu_reset_confirm": "",
    "gambling_cost": "",
    "music_unset_music_channel": "",
    "searches_city_not_found": "",
    "administration_joined_discord": "",
    "administration_joined_server": "",
    "administration_bot_config_reloaded": "",
    "xp_club_transfered": "",
    "xp_club_transfer_failed": "",
    "gambling_roll_duel_challenge": "",
    "gambling_roll_duel": "",
    "gambling_roll_duel_no_funds": "",
    "gambling_roll_duel_timeout": "",
    "gambling_roll_duel_already_challenged": "",
    "gambling_won": "",
    "gambling_transactions": "",
    "gambling_rps_draw": "",
    "gambling_rps_win": "",
    "utility_roleid": "",
    "administration_warning_clear_fail": "",
    "administration_warning_cleared": "",
    "xp_club_desc_updated": "",
    "xp_club_desc_update_failed": "",
    "searches_account_not_found": "",
    "searches_ninja_not_found": "",
    "searches_leagues_not_found": "",
    "searches_pog_not_found": "",
    "administration_reaction_roles_message": "",
    "administration_no_reaction_roles": "",
    "administration_reaction_role_removed": "",
    "administration_reaction_roles_full": "",
    "utility_reminder_list": "",
    "utility_reminder_deleted": "",
    "utility_reminder_not_exist": "",
    "utility_reminders_none": "",
    "gambling_bj_created": "",
    "gambling_bj_joined": "",
    "xp_reset": "",
    "xp_reset_server_confirm": "",
    "xp_reset_user_confirm": "",
    "xp_reset_user": "",
    "xp_reset_server": "",
    "searches_distance": "",
    "gambling_bot_list_awarded": ""
}