{
    "customreactions_all_stats_cleared": "Reakcióstatisztikák nullázva.",
    "customreactions_deleted": "Egyedi reakció törölve.",
    "customreactions_insuff_perms": "Alkalmatlan engedély. A bot birtoklása szükséges az egyedi globális reakciókhoz, és adminisztrátori jogosultság a szerver egyedi reakcióihoz.",
    "customreactions_list_all": "Minden egyedi reakció listája.",
    "customreactions_name": "Egyedi reakciók",
    "customreactions_new_cust_react": "Új egyedi reakció.",
    "customreactions_no_found": "Nem található egyedi reakció.",
    "customreactions_no_found_id": "Nem található egyedi reakció ilyen azonosítóval.",
    "customreactions_response": "Válasz",
    "customreactions_stats": "Egyedi reakciók statisztikája",
    "customreactions_stats_cleared": "Statisztikák törlése a(z) {0} egyedi reakcióhoz.",
    "customreactions_stats_not_found": "Nincs talált statisztika ilyen feltétellel, nem történt változtatás.",
    "customreactions_trigger": "Ravasz",
    "nsfw_autohentai_stopped": "Autohentai megállítva.",
    "nsfw_not_found": "Nincs találat.",
    "pokemon_already_fainted": "{0} már elájult.",
    "pokemon_already_full": "{0} már teljes életerővel rendelkezik.",
    "pokemon_already_that_type": "A típusod már {0}",
    "pokemon_attack": "{0}{1} használtál {2}{3}-on {4} sebzésért.",
    "pokemon_cant_attack_again": "Nem támadhatsz újra visszavágás nélkül.",
    "pokemon_cant_attack_yourself": "Nem tudod magadat támadni.",
    "pokemon_fainted": "{0} elájult.",
    "pokemon_healed": "{0} gyógyítva egy {1}-gal.",
    "pokemon_hp_remaining": "{0}-nak {1} élete maradt.",
    "pokemon_invalid_move": "Nem használhatod {0}-t. Írj '{1}ml'-t, hogy lásd a használható lépések listáját.",
    "pokemon_moves": "{0} típus lépéseinek listája",
    "pokemon_not_effective": "Nem effektív.",
    "pokemon_no_currency": "Nincs elég {0}",
    "pokemon_revive_other": "Felélesztetted {0}-t egy {1}-el.",
    "pokemon_revive_yourself": "Felélesztetted magad egy {0}-val",
    "pokemon_settype_success": "A típusod {0} lett egy {1}-ért",
    "pokemon_somewhat_effective": "Kicsit effektív.",
    "pokemon_super_effective": "Nagyon effektív.",
    "pokemon_too_many_moves": "Túl sok lépést használtál egymást után, nem léphetsz.",
    "pokemon_type_of_user": "{0} típusa {1}",
    "pokemon_user_not_found": "A felhasználó nem található.",
    "pokemon_you_fainted": "Elájultál, ezért nem tudsz lépni.",
    "administration_aar_disabled": "**Automatikus rang kiosztás** felhasználó csatlakozásakor **letiltva**.",
    "administration_aar_enabled": "**Automatikus rang kiosztás** felhasználó csatlakozásakor **engedélyezve**",
    "administration_attachments": "Melléklet",
    "administration_avatar_changed": "Avatár megváltoztatva.",
    "administration_bandm": "Ki lettél tiltva a {0} szerverről.\nOk: {1}",
    "administration_banned_pl": "kitiltva",
    "administration_banned_user": "Felhasználó kitiltva",
    "administration_bot_name": "Bot neve megváltoztatva {0}-ra",
    "administration_bot_status": "Bot státusza megváltoztatva {0}-ra",
    "administration_byedel_off": "Elköszönő üzenet törlése letiltva.",
    "administration_byedel_on": "Elköszönő üzenet {0} másodperc múlva törlődik.",
    "administration_byemsg_cur": "Jelenlegi elköszönő üzenet: {0}",
    "administration_byemsg_enable": "Elköszönő üzenetek engedélyezése {0} beírásával",
    "administration_byemsg_new": "Új elköszönő üzenet beállítva.",
    "administration_bye_off": "Elköszönő üzenetek letiltva.",
    "administration_bye_on": "Elköszönő üzenetek engedélyezése ezen a csatornán.",
    "administration_ch_name_change": "Csatorna neve megváltoztatva",
    "administration_ch_old_name": "Régi név",
    "administration_ch_topic_change": "Csatorna témája megváltoztatva.",
    "administration_cleaned_up": "Feltakarítva.",
    "administration_content": "Tartalom",
    "administration_cr": "Sikeresen elkészült {0} rang.",
    "administration_createtextchan": "Elkészült {0} chat szoba.",
    "administration_createvoich": "Elkészült beszéd szoba {0}.",
    "administration_deafen": "Némítás sikeres.",
    "administration_deleted_server": "Törölt szerver {0}",
    "administration_delmsg_off": "Sikeresen végrehajtott parancs automatikus törlése megállítva.",
    "administration_delmsg_on": "Sikeresen végrehajtott parancsok automatikus törlése.",
    "administration_deltextchan": "{0} chat szoba törölve.\n",
    "administration_delvoich": "Beszéd szoba {0} törölve.",
    "administration_dm_from": "Privát üzenet {0} felhasználótól.",
    "administration_donadd": "Adományozó sikeresen hozzáadva. Teljes adományozott összeg a felhasználótól: {0} 👑",
    "administration_donators": "Köszönet az alábbi embereknek, hogy ez a projekt létre jöhetett!",
    "administration_fwall_start": "Továbbítani fogom a privát üzeneteket minden tulajdonosnak.",
    "administration_fwall_stop": "Továbbítani fogom a privát üzeneteket az eredeti tulajdonosnak.",
    "administration_fwdm_start": "Továbbítani fogom a privát üzeneteket.",
    "administration_fwdm_stop": "Nem fogom továbbítani a privát üzeneteket.",
    "administration_greetdel_off": "Az üdvözlő üzenetek automatikus törlése letiltva.",
    "administration_greetdel_on": "Üdvözlő üzenetek törlődnek {0} másodperc múlva.",
    "administration_greetdmmsg_cur": "Jelenlegi privát üdvözlő üzenet: {0}",
    "administration_greetdmmsg_enable": "Privát üdvözlő üzenet engedélyezése {0} beírásával.",
    "administration_greetdmmsg_new": "Új privát üdvözlő üzenet beállítva.",
    "administration_greetdm_off": "Privát üdvözlő bejelentés kikapcsolva.",
    "administration_greetdm_on": "Privát üdvözlő bejelentések bekapcsolva.",
    "administration_greetmsg_cur": "Jelenlegi üdvözlő üzenet: {0}",
    "administration_greetmsg_enable": "Üdvözlő üzenetek beállítása {0} beírásával.",
    "administration_greetmsg_new": "Új üdvözlő üzenet beállítva.",
    "administration_greet_off": "Üdvözlő bejelentések kikapcsolva.",
    "administration_greet_on": "Üdvözlő bejelentések bekapcsolva ezen a csatornán.",
    "administration_hierarchy": "Ezt a parancsot nem használhatod felhasználókon, akik a tiédnél nagyobb vagy azonos szereppel rendelkeznek a hierarchiában.",
    "administration_images_loaded": "Képek betöltve {0} másodperc múlva!",
    "administration_invalid_format": "Nem megfelelő beviteli formátum.",
    "administration_invalid_params": "Nem megfelelő paraméterek.",
    "administration_joined": "{0} csatlakozott {1} szerverhez.",
    "administration_kickdm": "Ki lettél rúgva {0} szerverről.\nOk: {1}",
    "administration_kicked_user": "Felhasználó kirúgva",
    "administration_lang_list": "Nyelvek listája",
    "administration_lang_set": "A bot nyelve mostantól {0} - {1}",
    "administration_lang_set_bot": "A bot alapértelmezett nyelve mostantól {0} - {1}",
    "administration_lang_set_bot_show": "A bot {0} - {1} nyelvre van állítva",
    "administration_lang_set_fail": "Nem sikerült a nyelv beállítása. Ellenőrizd a parancs leírását segítségért.",
    "administration_lang_set_show": "A szerver {0} - {1} nyelvre van állítva",
    "administration_left": "{0} elhagyta {1} szobát",
    "administration_left_server": "{0} szerver elhagyva",
    "administration_log": "{0} esemény naplózása ebben a szobában",
    "administration_log_all": "Minden esemény naplózása ebben a szobában",
    "administration_log_disabled": "Naplózás kikapcsolva.",
    "administration_log_events": "Használható naplózási beállítások:",
    "administration_log_ignore": "Naplózás figyelmen kívül hagyva {0} szobára",
    "administration_log_not_ignore": "Naplózás engedélyezve {0} szobára",
    "administration_log_stop": "Naplózás megállítva {0} eseményre",
    "administration_menrole": "{0} idézte a következő rangokkal rendelkező embereket",
    "administration_message_from_bo": "Üzenet {0} `[Bot Owner]`-tól/-től:",
    "administration_message_sent": "Üzenet elküldve.",
    "administration_moved": "{0} átváltott {1} szobából {2} szobába",
    "administration_msg_del": "Üzenet törölve #{0} szobában",
    "administration_msg_update": "Üzenet szerkesztve #{0} szobában",
    "administration_muted_pl": "Némítva",
    "administration_muted_sn": "Némítva",
    "administration_mute_error": "Valószínűleg nem rendelkezem az ehhez szükséges jogokkal.",
    "administration_mute_role_set": "Új némítási rang került beállításra.",
    "administration_need_admin": "Ehhez **adminisztrátori** jogosultságokra van szükségem.",
    "administration_new_msg": "Új üzenet",
    "administration_new_nick": "Új becenév",
    "administration_new_topic": "Új téma",
    "administration_nick_change": "Becenév megváltoztatva",
    "administration_no_server": "A szerver nem található",
    "administration_no_shard_id": "Nem található shard ezzel az azonosítóval.",
    "administration_old_msg": "Előző üzenet",
    "administration_old_nick": "Előző becenév",
    "administration_old_topic": "Előző téma",
    "administration_perms": "Hiba. Valószínűleg nem rendelkezem a szükséges jogokkal.",
    "administration_prot_active": "Aktív védelmek",
    "administration_prot_disable": "{0} **leállítva** ezen a szerveren.",
    "administration_prot_enable": "{0} engedélyezve",
    "administration_prot_error": "Hiba. Ehhez rangkezelő jogokra van szükségem.",
    "administration_prot_none": "Nincs aktív hozzáadott védelem.",
    "administration_raid_cnt": "A felhasználók számának {0} és {1} fő között kell lennie.",
    "administration_raid_stats": "Ha {0} vagy több ember csatlakozik {1} másodpercen belül, {2}-t kapnak.",
    "administration_raid_time": "Az időtartamnak {0} és {1} másodperc között kell lennie.",
    "administration_rar": "Minden rang sikeresen eltávolítva {0} felhasználóról",
    "administration_rar_err": "Nem sikerült a rangok törlése. Nem rendelkezem a szükséges jogokkal.",
    "administration_rc": "{0} rang színe megváltozott.",
    "administration_rc_not_exist": "Nincs ilyen rang.",
    "administration_rc_params": "A paraméterek helytelenül lettek megadva.",
    "administration_rc_perms": "Helytelen színkód vagy nincs jogosultságod ehhez.",
    "administration_remrole": "{0} rang sikeresen eltávolítva {1} felhasználóról",
    "administration_remrole_err": "Nem sikerült a rang eltávolítása. Nem rendelkezem a szükséges jogokkal.",
    "administration_renrole": "Rang átnevezve",
    "administration_renrole_err": "Nem sikerült a rang átnevezése. Nem rendelkezem a szükséges jogokkal.",
    "administration_renrole_perms": "Nem szerkeszthetsz a sajátodnál magasabb rangot.",
    "administration_reprm": "A következő üzenet eltávoltíva: {0}",
    "administration_role_added": "{0} rang hozzá lett adva a listához.",
    "administration_role_clean": "{0} nem található. Üzenetek eltakartíva.",
    "administration_role_in_list": "{0} rang már rajta van a listán.",
    "administration_ropl_added": "Hozzáadva.",
    "administration_ropl_disabled": "Körstátusz mód leállítva",
    "administration_ropl_enabled": "Körstátusz mód engedélyezve",
    "administration_ropl_list": "Az eddig megadott státuszok:",
    "administration_ropl_not_set": "Még nincs megadott státusz.",
    "administration_self_assign_already": "Már van {0} rangod.",
    "administration_self_assign_already_excl": "Már van {0} ekszkluzívan választható rangod.",
    "administration_self_assign_excl": "Az egyénileg adható rangok mostantól ekszkluzívak!",
    "administration_self_assign_list": "Összesen {0} egyénileg választható rang van",
    "administration_self_assign_not": "Ez a rang nem egyénileg választható.",
    "administration_self_assign_not_have": "Nincs {0} rangod.",
    "administration_self_assign_no_excl": "Az egyénileg adható rangok mostantól nem ekszkluzívak!",
    "administration_self_assign_perms": "Nem tudom neked adni a rangot. Nem adhatok rangot tulajdonosnak vagy a sajátomnál magasabb rendű rangot.",
    "administration_self_assign_rem": "{0} eltávolítva az egyénileg választható rangok listájáról.",
    "administration_self_assign_remove": "Most már nincs {0} rangod.",
    "administration_self_assign_success": "{0} rang hozzáadva",
    "administration_setrole": "{0} rang sikeresen hozzáadva {1} felhasználóhoz",
    "administration_setrole_err": "Nem sikerült a rang hozzáadása. Nem rendelkezem a szükséges jogokkal.",
    "administration_set_avatar": "Kép beállítva!",
    "administration_set_channel_name": "Új szobanév került beállításra.",
    "administration_set_game": "Játék beállítva!",
    "administration_set_stream": "Stream beállítva!",
    "administration_set_topic": "Új téma került beállításra.",
    "administration_shard_reconnected": "Shard {0} visszacsatlakozott.",
    "administration_shard_reconnecting": "Shard {0} visszacsatlakozása folyamatban.",
    "administration_shutting_down": "Leállítás folyamatban",
    "administration_slowmode_desc": "Csak {0} üzenet küldése lehetséges minden {1} másodpercben.",
    "administration_slowmode_disabled": "Lassú mód kikapcsolva",
    "administration_slowmode_init": "Lassú mód engedélyezve",
    "administration_soft_banned_pl": "enyhén-kitiltva",
    "administration_spam_ignore": "{0} nem vonatkozik erre a szobára.",
    "administration_spam_not_ignore": "{0} figyelembe veszi ezt a szobát is.",
    "administration_spam_stats": "Ha valaki {0} alkalommal küldi el egymás után ugyanazt az üzenetet, {1}-t kapnak. __Kivételt képező szobák__: {2}",
    "administration_text_chan_created": "Chat szoba létrehozva",
    "administration_text_chan_destroyed": "Chat szoba törölve",
    "administration_undeafen": "Némítás sikeresen feloldva.",
    "administration_unmuted_sn": "Némítás feloldva",
    "administration_username": "Felhasználónév",
    "administration_username_changed": "Felhasználónév megváltozott",
    "administration_users": "Felhasználók",
    "administration_user_banned": "Felhasználó kitiltva",
    "administration_user_chat_mute": "**tiltotta** {0} felhasználót az írásban való csevegéstől.",
    "administration_user_chat_unmute": "**engedélyezte** {0} számára az írásban való csevegést.",
    "administration_user_joined": "Felhasználó csatlakozott",
    "administration_user_left": "Felhasználó kilépett",
    "administration_user_muted": "{0} **megfosztva** a szöveges és a beszélgető szobákban való kommunikációtól.",
    "administration_user_role_add": "Felhasználó szerepe hozzáadva",
    "administration_user_role_rem": "Felhasználó szerepe eltávolítva",
    "administration_user_status_change": "{0} {1}",
    "administration_user_unmuted": "Szöveges és beszélgető szobákban való kommunikáció engedélyezve {0} számára.",
    "administration_user_vjoined": "{0} csatlakozott a(z) {1} beszélgető szobához.",
    "administration_user_vleft": "{0} elhagyta a(z) {1} beszélgető szobát.",
    "administration_user_vmoved": "{0} átment {1}-ból/-ből a(z) {2} beszélgető szobába.",
    "administration_user_voice_mute": "**tiltotta** {0} felhasználót a szóban való csevegéstől.",
    "administration_user_voice_unmute": "**engedélyezte** {0} számára a szóban való csevegést.",
    "administration_voice_chan_created": "Beszélgetőszoba létrehozva",
    "administration_voice_chan_destroyed": "Beszélgetőszoba törölve",
    "administration_vt_disabled": "Beszélgető + szöveges funkció letiltva.",
    "administration_vt_enabled": "Beszélgető + szöveges funkció engedélyezve.",
    "administration_vt_exit": "Nincs **manage roles** és/vagy **manage channels** engedélyem, ezért nem tudom futtatni a `voice+text`-t a {0} szerveren.",
    "administration_vt_no_admin": "Jelenleg engedélyezed/letiltod ezt a funkciót, miközben **nem rendelkezem ADMINISZTRÁTORI engedélyekkel**. Ez okozhat némi problémát, és lehet, hogy később magadnak kell majd törölnöd a nem használt szöveges szobákat.",
    "administration_vt_perms": "Minimum **rangkezelő** és **szobakezelő** jogokra van szükségem ennek a funkciónak az engedélyezéséhez (admin jog preferálva).",
    "administration_xmuted_text": "{0} egy szöveges szobából",
    "administration_xmuted_text_and_voice": "{0} egy szöveges és beszélgető szobából",
    "administration_xmuted_voice": "{0} egy beszélgető szobából",
    "administration_sbdm": "Ki lettél enyhén-tiltva {0} szerverről.\nOka: {1}",
    "administration_user_unbanned": "Felhasználó tiltása feloldva",
    "administration_migration_done": "Elkészültem az adatok migrációjával!",
    "administration_presence_updates": "Helyzetjelentés",
    "administration_sb_user": "Felhasználó enyhén-kitiltva",
    "gambling_awarded": "{0}-gal jutalmazta {1} felhasználót.",
    "gambling_better_luck": "Legközelebb biztos sikerül ^_^",
    "gambling_br_win": "Gratulálok! {0} a nyereményed {1} feletti dobásért.",
    "gambling_deck_reshuffled": "Pakli megkeverve.",
    "gambling_flipped": "érméje {0} lett.",
    "gambling_flip_guess": "Eltaláltad! {0} a nyereményed.",
    "gambling_flip_invalid": "Helytelen szám. 1 és {0} közötti számú érmét tudsz feldobni.",
    "gambling_flowerreaction_desc": "Nyomj egy {0} emojit erre az üzenetre, hogy {1}-ot kapj",
    "gambling_flowerreaction_footer": "Az event legfeljebb {0} órán át aktív.",
    "gambling_flowerreaction_title": "Virágevent elindítva!",
    "gambling_gifted": "{0}-ot adott {1} felhasználónak.",
    "gambling_has": "{0} felhasználónak {1}-a van.",
    "gambling_heads": "Fej",
    "gambling_leaderboard": "Ranglista",
    "gambling_mass_award": "{0} ajándékozva {2} szereppel rendelkező {1} felhasználónak.",
    "gambling_max_bet_limit": "Nem tehetsz fel többet, mint {0}",
    "gambling_min_bet_limit": "Nem tehetsz fel kevesebbet, mint {0}",
    "gambling_not_enough": "Nincs elég {0}-d",
    "gambling_no_more_cards": "Nincs több kártya a pakliban.",
    "gambling_raffled_user": "Kisorsolt felhasználó",
    "gambling_roll": "{0}-t pörgettél.",
    "gambling_slot_bet": "Tét",
    "gambling_slot_jackpot": "AZTA!!! Gratulálunk!!!",
    "gambling_slot_single": "Egyetlen {0}, x{1}",
    "gambling_slot_three": "Ejha! Micsoda szerencse! Három egyforma! x{0}",
    "gambling_slot_two": "Szép munka! Két {0} - x{1} szorzó",
    "gambling_slot_won": "Nyert",
    "gambling_sneakygamestatus_desc": "A felhasználóknak a titkos kódot kell beírniuk, hogy {0}-t kapjanak. {1} másodpercig tart. Ne mondd el senkinek! Sss!",
    "gambling_sneakygamestatus_end": "TrükkösJáték esemény véget ért. {0} felhasználók megkapták a jutalmukat.",
    "gambling_sneakygamestatus_title": "TürrkösJátékStátusz esemény elkezdődött",
    "gambling_tails": "Írás",
    "gambling_take": "sikeresen elvette {0} {1}-tól/-től",
    "gambling_take_fail": "képtelen volt elvenni {0}-t {1}-tól/-től, mert a felhasználónak nincs elég {2}-je!",
    "help_back_to_toc": "Vissza a tartal",
    "help_bot_owner_only": "csak a bot tulajdonos számára engedélyezett",
    "help_channel_permission": "Ehhez {0} szobajog szükséges.",
    "help_cmdlist_donate": "Támogathatod a projektet patreonon: <{0}> vagy paypalon: <{1}>",
    "help_cmd_and_alias": "Parancsok és helyettesítőszavak",
    "help_commandlist_regen": "Parancslista újragenerálva.",
    "help_commands_instr": "`{0}h parancsnév` részletes leírást ad az adott parancsról. Pl.: `{0}h {0}8ball`",
    "help_command_not_found": "Nem találtam ilyen parancsot. Kérlek, ellenőrizd, hogy biztos jót adtál meg.",
    "help_desc": "Leírás",
    "help_donate": "A NadekoBot projektet támogathatod:\nPatreonon <{0}> vagy\nPaypallal <{1}>\nNe felejtsd el megadni a discord neved vagy az azonosítód az üzenetben.\n\n**Köszi** ♥️",
    "help_guide": "**Parancsok listája**: <{0}>\n**Saját bot működtetéséhez segítséget itt találsz**: <{1}>",
    "help_list_of_commands": "Parancsok listája",
    "help_list_of_modules": "Modulok listája",
    "help_modules_footer": "`{0}cmds modulnév` listázza az adott modul parancsait. Pl.: `{0}cmds games`",
    "help_module_not_found": "Nincs ilyen modul.",
    "help_server_permission": "Ehhez {0} szerverjog szükséges.",
    "help_table_of_contents": "Tartalomjegyzék",
    "help_usage": "Használat",
    "nsfw_autohentai_started": "Autohentai elindítva. Minden {0} másodpercben poszt a következő címkék egyikével:\n{1}",
    "nsfw_tag": "Címke",
    "gambling_animal_race": "Állatverseny",
    "gambling_animal_race_failed": "Nem sikerült elindítani, mivel nem volt elég résztvevő.",
    "gambling_animal_race_full": "A verseny megtelt! Azonnali kezdés.",
    "gambling_animal_race_join": "{0} csatlakozott {1}-ként",
    "gambling_animal_race_join_bet": "{0} csatlakozott {1}-ként és feltett {2}-t!",
    "gambling_animal_race_join_instr": "Írj \"{0}jr\"-t, hogy csatlakozz a versenyhez.",
    "gambling_animal_race_starting": "Kezdés 20 másodpercen belül vagy amikor megtelik a szoba.",
    "gambling_animal_race_starting_with_x": "Kezdés {0}  résztvevővel.",
    "gambling_animal_race_won": "{0} {1}-ként Megnyerte a versenyt!",
    "gambling_animal_race_won_money": "{0} {1}-ként Megnyerte a versenyt és {2}-t!",
    "gambling_dice_invalid_number": "Érvénytelen szám. {0}-{1} kockával dobhatsz egyszerre.",
    "gambling_dice_rolled": "dobása {0}",
    "gambling_dice_rolled_num": "A dobott érték: {0}",
    "gambling_race_failed_starting": "Nem sikerült a verseny elindítása. Valószínűleg már fut egy másik.",
    "gambling_race_not_exist": "Nem fut verseny a szerveren",
    "gambling_second_larger_than_first": "A második számnak nagyobbnak kell lennie, mint az első számnak.",
    "gambling_changes_of_heart": "Szív változása",
    "gambling_claimed_by": "Birtokolja",
    "gambling_divorces": "Válások",
    "gambling_likes": "Vonzódás",
    "gambling_price": "Ár",
    "gambling_waifus_none": "Még senki sem birtokol waifut.",
    "gambling_waifus_top_waifus": "Legjobb waifuk",
    "gambling_waifu_affinity_already": "az affinitásod már megadtad ehhez a waifuhoz vagy próbálod eltávolítani az affinitásodat, miközben nincs beállítva senki, akit kedvelnél.",
    "gambling_waifu_affinity_changed": "mostantól {0} helyett {1} felhasználót kedveli.\n\n*Ez erkölcsileg megkérdőjelezhető.*🤔",
    "gambling_waifu_affinity_cooldown": "{0} órát és {1} percet kell várnod, mielőtt ismét változtathatsz az affinitásodon.",
    "gambling_waifu_affinity_reset": "Affinitás alaphelyzetbe állítva. Jelenleg nincs kedvelt személyed.",
    "gambling_waifu_affinity_set": "szeretne {0} waifuja lenni. Óóó <3",
    "gambling_waifu_claimed": "megszerezte {0}-t waifujának {1}-ért!",
    "gambling_waifu_divorced_like": "Elváltál egy waifutól, aki szeret. Te szívtelen szörnyeteg.\n{0} kapott {1}-t kárpótlásként.",
    "gambling_waifu_egomaniac": "nem tudsz affinitást állítani magadnak, te egomániás.",
    "gambling_waifu_fulfilled": " 🎉 Egymásnak lettek teremtve! 🎉\n{0} új ára {1}!",
    "gambling_waifu_isnt_cheap": "Ennél azért bőkezűbb is lehetnél. Legalább {0} egy waifu még akkor is, ha nem ennyi van kiírva.",
    "gambling_waifu_not_enough": "Muszáj {0}-t vagy többet fizetned, hogy megszerezd azt a waifut!",
    "gambling_waifu_not_yours": "Az a waifu nem a tiéd.",
    "gambling_waifu_not_yourself": "Nem lehetsz a saját magad waifuja.",
    "gambling_waifu_recent_divorce": "Nem rég váltál el valakitől. ",
    "gambling_nobody": "Senki",
    "gambling_waifu_divorced_notlike": "Elváltál egy waifutól, aki nem vonzódik hozzád. Visszakaptál: {0}",
    "games_8ball": "8ball",
    "games_acrophobia": "Akrofóbia",
    "games_acro_ended_no_sub": "A játéknak vége, nem érkezett megoldás.",
    "games_acro_no_votes_cast": "Nem érkezett be szavazat. A játék nyertes nélkül ért véget.",
    "games_acro_nym_was": "A rövidítés: {0}",
    "games_acro_running": "Már fut egy akrofóbia játék a szobában.",
    "games_acro_started": "A játék elindult. Írj egy mondatot, melyre illeszkedik a következő rövidítés: {0}",
    "games_acro_started_footer": "{0} másodperced van megoldás beküldésére.",
    "games_acro_submit": "{0} beküldte megoldását (összesen {1}).",
    "games_acro_vote": "Szavazz a szerinted legjobb mondatra a megoldás számának elküldésével.",
    "games_acro_vote_cast": "{0} szavazott!",
    "games_acro_winner": "A győztes {0} {1} ponttal.",
    "games_acro_winner_only": "A győztes {0}, mert egyedül ő küldött be megoldást!",
    "games_question": "Kérdés",
    "games_rps_draw": "Döntetlen! Mindkettőtök választása {0} volt.",
    "games_rps_win": "{0} nyert! {1} erősebb mint {2}",
    "games_submissions_closed": "Beküldés lezárva",
    "gambling_animal_race_already_started": "Az Állatverseny már fut.",
    "gambling_total_average": "Teljes: {0} Átlag: {1}",
    "games_category": "Kategória",
    "games_cleverbot_disabled": "Cleverbot funkció kikapcsolva a szerveren.",
    "games_cleverbot_enabled": "Cleverbot funkció engedélyezve a szerveren.",
    "games_curgen_disabled": "A pénzgenerálás le lett tiltva ebben a szobában.",
    "games_curgen_enabled": "A pénzgenerálás engedélyezve lett ebben a szobában.",
    "games_curgen_pl": "{0} {1} jelent meg!",
    "games_curgen_sn": "Egy {0} jelent meg!",
    "games_failed_loading_question": "Nem sikerült a kérdés betöltése.",
    "games_game_started": "Játék elindítva",
    "games_hangman_game_started": "Akasztófa elindítva",
    "games_hangman_running": "Akasztófa játék már fut ezen a szobán.",
    "games_hangman_start_errored": "Hibába ütköztem az akasztófa indításakor.",
    "games_hangman_types": "\"{0}hangman\" parancs lehetséges paraméterei:",
    "games_leaderboard": "Ranglista",
    "games_not_enough": "Nincs elég {0}-d",
    "games_no_results": "Nincsenek eredmények",
    "games_picked": "{0}-t választott",
    "games_planted": "{0} ültetett {1}-ot",
    "games_trivia_already_running": "Már fut tudáspróba a szerveren.",
    "games_trivia_game": "Tudáspróba",
    "games_trivia_guess": "{0} kitalálta! A válasz {1} volt.",
    "games_trivia_none": "Nem fut tudáspróba a szerveren.",
    "games_trivia_points": "{0}-nak/-nek {1} pontja van",
    "games_trivia_stopping": "Befejezés ezután a kérdés után.",
    "games_trivia_times_up": "Lejárt az idő! A helyes válasz {0} volt.",
    "games_trivia_win": "{0} kitalálta és MEGNYERTE a játékot! A válasz {0} volt.",
    "games_ttt_against_yourself": "Nem játszhatsz saját magad ellen.",
    "games_ttt_already_running": "Már játszanak a szobában amőbát.",
    "games_ttt_a_draw": "Döntetlen!",
    "games_ttt_created": "Tic-Tac-Toe játékot készített",
    "games_ttt_has_won": "{0} Nyert!",
    "games_ttt_matched_three": "Három sikeresen összekötve",
    "games_ttt_no_moves": "Nem maradt több lépésed!",
    "games_ttt_time_expired": "Lejárt az idő!",
    "games_ttt_users_move": "{0} lépése",
    "games_vs": "{0} kontra {1}",
    "music_attempting_to_queue": "Kísérlet {0} szám a listára tételére.",
    "music_autoplay_disabled": "Automatikus lejátszás letiltva",
    "music_autoplay_enabled": "Automatikus lejátszás engedélyezve",
    "music_defvol_set": "Alapértelmezett hangerő {0}%-ra állítva.",
    "music_dir_queue_complete": "A könyvtár végére értem.",
    "music_fairplay": "Fair lejátszás",
    "music_finished_song": "Dal befejezve",
    "music_fp_disabled": "Fair lejátszás leállítva.",
    "music_fp_enabled": "Fair lejátszás elindítva.",
    "music_from_position": "Pozíciótól",
    "music_id": "Azonosító",
    "music_invalid_input": "Érvénytelen bemenet.",
    "music_max_playtime_none": "Maximális játékidő most korlátlan.",
    "music_max_playtime_set": "Maximális játékidő beállítva {0} másodpercre.",
    "music_max_queue_unlimited": "Maximális lejátszási sor kapacitás korlátlanra állítva.",
    "music_max_queue_x": "Maximális lejátszási sor kapacitás beállítva {0} számra.",
    "music_must_be_in_voice": "Beszélgető szobában kell lenned ezen a szerveren.",
    "music_name": "Cím",
    "music_now_playing": "Jelenleg játszott",
    "music_no_player": "Nincs aktív zenelejátszó.",
    "music_no_search_results": "Nincs keresési találat.",
    "music_paused": "Zenevisszajátszás szüneteltetve.",
    "music_player_queue": "Lejátszási lista - {0}./{1} oldal",
    "music_playing_song": "#{0} zene lejátszása",
    "music_playlists": "`#{0}` - **{1}**, létrehozta: *{2}* ({3} szám)",
    "music_playlists_page": "{0} . oldal a mentett lejátszási listákból",
    "music_playlist_deleted": "Lejátszási lista törölve.",
    "music_playlist_delete_fail": "Lejátszási lista törlése meghiúsult. Vagy nem létezik, vagy nem te vagy a szerzője.",
    "music_playlist_id_not_found": "Ezzel az azonosítóval nem létezik lejátszási lista.",
    "music_playlist_queue_complete": "Lejátszási lista kész.",
    "music_playlist_saved": "Lejátszási lista mentve",
    "music_play_limit": "{0} másodperces limit",
    "music_queue": "Lista",
    "music_queued_song": "Következő szám",
    "music_queue_cleared": "Lejátszási sor törölve.",
    "music_queue_full": "A lista tele van {0}/{0}-nál/-nél.",
    "music_removed_song": "Dal törölve",
    "music_repeating_cur_song": "Jelenlegi dal ismétlése",
    "music_repeating_playlist": "Lejátszási lista ismétlése",
    "music_repeating_track": "Track ismétlése",
    "music_repeating_track_stopped": "A jelenlegi szám ismétlése megállítva.",
    "music_resumed": "Zenelejátszás folytatva.",
    "music_rpl_disabled": "Lejátszási lista ismétlése kikapcsolva.",
    "music_rpl_enabled": "Lejátszási lista ismétlése bekapcsolva.",
    "music_set_music_channel": "Mostantól ebbe a szobába írom a lejátszva lévő, befejezett, szüneteltetett és eltávolított számokat.",
    "music_skipped_to": "Ugorva `{0}:{1}`-hoz/-hez/-höz",
    "music_song_moved": "Zene áthelyezve",
    "music_time_format": "{0} óra {1} perc {2} másodperc",
    "music_to_position": "Pozicióhoz",
    "music_unlimited": "korlátlan",
    "music_volume_input_invalid": "A hangerőnek 0 és 100 között kell lennie.",
    "music_volume_set": "Hangerő {0}%-ra állítva.",
    "permissions_acm_disable": "Az ÖSSZES MODUL használata letiltva a(z) {0} szobán.",
    "permissions_acm_enable": "Az ÖSSZES MODUL használata engedélyezve a(z) szobán.",
    "permissions_allowed": "Engedélyezve",
    "permissions_arm_disable": "Az ÖSSZES MODUL használata letiltva {0} rang számára.",
    "permissions_arm_enable": "Az ÖSSZES MODUL használata engedélyezve {0} rang számára.",
    "permissions_asm_disable": "Az ÖSSZES MODUL használata letiltva ezen a szerveren.",
    "permissions_asm_enable": "Az ÖSSZES MODUL használata engedélyezve ezen a szerveren.",
    "permissions_aum_disable": "Az ÖSSZES MODUL használata megtiltva {0} felhasználónak.",
    "permissions_aum_enable": "Az ÖSSZES MODUL használata engedélyezve {0} felhasználónak.",
    "permissions_blacklisted": "{0} feketelistázva {1} azonosítóval.",
    "permissions_cmdcd_add": "A {0} parancs töltési ideje {1} lett.",
    "permissions_cmdcd_cleared": "A {0} parancsnak innentől nincs töltési ideje és az eddigiek is törölve lettek.",
    "permissions_cmdcd_none": "A parancs töltési ideje nincs beállítva.",
    "permissions_command_costs": "Parancs árai",
    "permissions_cx_disable": "{0} {1} használata letiltva {2} szobában.",
    "permissions_cx_enable": "{0} {1} használata engedélyezve {2} szobában.",
    "permissions_denied": "Megtagadva",
    "permissions_filter_word_add": "{0} hozzáadva a szűrt szavak listájához.",
    "permissions_filter_word_list": "Szűrés alatt álló szavak listája",
    "permissions_filter_word_remove": "{0} eltávolítva a szűrt szavak listájából",
    "permissions_invalid_second_param_between": "A második paraméter érvénytelen (a számnak {0} és {1} között kell lennie).",
    "permissions_invite_filter_channel_off": "A meghívás szűrése le van tiltva ebben a szobában.",
    "permissions_invite_filter_channel_on": "Meghívás-szűrés bekapcsolva a csatornán.",
    "permissions_invite_filter_server_off": "Meghívás-szűrés kikapcsolva a csatornán.",
    "permissions_invite_filter_server_on": "Meghívás-szűrés bekapcsolva a szerveren.",
    "permissions_moved_permission": "{0} szabály áthelyezve {1}. helyről {2}. helyre.",
    "permissions_not_found": "Nem található szabály {0} sorszámmal.",
    "permissions_no_costs": "Nincs érték beállítva.",
    "permissions_of_command": "parancs",
    "permissions_of_module": "modul",
    "permissions_page": "Szabály előzmények ({0}. oldal)",
    "permissions_permrole": "A jelenlegi rang, amellyel a szabályok szerkeszthetőek {0}.",
    "permissions_permrole_changed": "Az új rang, amellyel a szabályok szerkeszthetőek {0}.",
    "permissions_perm_out_of_range": "Nincs ilyen sorszámú engedély.",
    "permissions_removed": "engedély törölve #{0} - {1}",
    "permissions_rx_disable": "{0}{1} használata megtiltva {2} rangnak.",
    "permissions_rx_enable": "{0} {1} használata engedélyezve {2} rangnak.",
    "permissions_sec": "mp.",
    "permissions_sx_disable": "{0} {1} használata megtiltva a szerveren.",
    "permissions_sx_enable": "{0} {1} használata engedélyezve a szerveren.",
    "permissions_unblacklisted": "{0} levéve a feketelistáról {1} azonosítóval.",
    "permissions_uneditable": "nem szerkeszthető",
    "permissions_ux_disable": "{0} {1} használata letiltva {2} felhasználónak.",
    "permissions_ux_enable": "{0} {1} használata engedélyezve {2} felhasználónak.",
    "permissions_verbose_false": "Mostantól nem küldök hibaüzenetet, ha a parancs vagy modul használata le van tiltva.",
    "permissions_verbose_true": "Mostantól mindig küldök hibaüzenetet, ha a parancs vagy modul használata le van tiltva.",
    "permissions_word_filter_channel_off": "Szószűrés letiltva ebben a szobában.",
    "permissions_word_filter_channel_on": "Szószűrés engedélyezve ebben a szobában.",
    "permissions_word_filter_server_off": "Szószűrés letiltva ezen a szerveren.",
    "permissions_word_filter_server_on": "Szószűrés engedélyezve ezen a szerveren.",
    "searches_abilities": "Képességek",
    "searches_anime_no_fav": "Nincs még kedvenc anime",
    "searches_atl_ad_started": "Automatikus üzenetfordítás elkezdve ebben a szobában. Felhasználói üzenetek automatikusan ki lesznek törölve.",
    "searches_atl_removed": "az automatikus fordítás nyelved el lett távolítva.",
    "searches_atl_set": "Az automatikus fordítás nyelved {0}>{1}-ra/-re lett állítva.",
    "searches_atl_started": "Üzenetek automatikus fordítása elkezdve ebben a szobában.",
    "searches_atl_stopped": "Üzenetek automatikus fordítása befejezve ebben a szobában.",
    "searches_bad_input_format": "Rossz bevitel vagy valami hiba történt.",
    "searches_card_not_found": "Nem található az a kártya.",
    "searches_catfact": "tény",
    "searches_chapters": "Fejezetek",
    "searches_comic_number": "Képregény #",
    "searches_compet_loses": "Kompetitív vereségek",
    "searches_compet_played": "Kompetitív lejátszott",
    "searches_compet_rank": "Kompetitív rang",
    "searches_compet_wins": "Kompetitív győzelmek",
    "searches_completed": "Befejezett",
    "searches_condition": "Kikötés",
    "searches_cost": "Ár",
    "searches_date": "Dátum",
    "searches_define": "Definíció:",
    "searches_dropped": "Dobva",
    "searches_episodes": "Epizódok",
    "searches_error_occured": "Hiba történt.",
    "searches_example": "Példa",
    "searches_failed_finding_anime": "Az animu megtalálása sikertelen volt.",
    "searches_failed_finding_manga": "A mango megtalálása sikertelen volt.",
    "searches_genres": "Műfajok",
    "searches_hashtag_error": "Nem sikerült definíciót találni ehhez a címkéhez.",
    "searches_height_weight": "Magasság/Súly",
    "searches_height_weight_val": "{0}m/{1}kg",
    "searches_humidity": "Páratartalom",
    "searches_image_search_for": "Képkeresés erre:",
    "searches_imdb_fail": "A film megtalálása sikertelen volt.",
    "searches_invalid_lang": "Érvénytelen forrás vagy célnyelv.",
    "searches_jokes_not_loaded": "Nem sikerült a viccek betöltése.",
    "searches_latlong": "Szélesség/Hosszúság",
    "searches_level": "Szint",
    "searches_list_of_place_tags": "{0}place címkék listája",
    "searches_location": "Hely",
    "searches_magicitems_not_loaded": "A varázstárgyak nincsenek betöltve.",
    "searches_mal_profile": "{0} MAL profilja",
    "searches_mashape_api_missing": "A bot tulajdonosa nem adott meg Mashape API kulcsot. Nincs lehetőség a funkció használatára.",
    "searches_min_max": "Minimum/Maximum",
    "searches_no_channel_found": "Nem található csatorna.",
    "searches_no_results": "Nincsenek találatok.",
    "searches_on_hold": "Függőben",
    "searches_original_url": "Eredeti URL",
    "searches_osu_api_key": "Egy osu! API kulcsra van szükség.",
    "searches_osu_failed": "Osu! profil lekérdezése sikertelen",
    "searches_over_x": "Több mint {0} kép. Random {0} mutatása.",
    "searches_ow_user_not_found": "Nem található ilyen felhasználó! Ellenőrizd, hogy helyes régiót és BattleTaget adtál-e meg.",
    "searches_plan_to_watch": "Megnézendő",
    "searches_platform": "Platform",
    "searches_pokemon_ability_none": "Nem található ilyen képesség.",
    "searches_pokemon_none": "Nem található ilyen pokemon.",
    "searches_profile_link": "Profil link:",
    "searches_quality": "Minőség:",
    "searches_quick_playtime": "Gyors játékidő",
    "searches_quick_wins": "Gyors győzelmek",
    "searches_rating": "Értékelés",
    "searches_score": "Pontszám:",
    "searches_search_for": "Keresés erre:",
    "searches_shorten_fail": "Az URL rövidítése sikertelen volt.",
    "searches_short_url": "Rövid URL",
    "searches_something_went_wrong": "Hiba történt.",
    "searches_specify_search_params": "Kérlek pontosítsd a keresési paramétereket.",
    "searches_status": "Állapot",
    "searches_store_url": "URL tárolása",
    "searches_streamer_offline": "{0} közvetítő nem elérhető.",
    "searches_streamer_online": "{0} közvetítő elérhető {1} nézővel.",
    "searches_streams_following": "{0} közvetítést követsz ezen a szerveren.",
    "searches_streams_none": "Nem követsz semmilyen közvetítést ezen a szerveren.",
    "searches_stream_no": "Nincs ilyen közvetítés.",
    "searches_stream_not_exist": "A stream valószínűleg nem létezik.",
    "searches_stream_removed": "törölte {0} streamjét ({1}) az értesítési listából.",
    "searches_stream_tracked": "Értesíteni fogom a szobát a státusz változtatásakor.",
    "searches_sunrise": "Napfelkelte",
    "searches_sunset": "Naplemente",
    "searches_temperature": "Hőmérséklet",
    "searches_title": "Cím:",
    "searches_top_3_fav_anime": "Top 3 kedvenc anime:",
    "searches_translation": "Fordítás:",
    "searches_types": "Fajták",
    "searches_ud_error": "Nem található definíció ehhez a kifejezéshez.",
    "searches_url": "Url",
    "searches_viewers": "Nézők",
    "searches_watching": "Jelenleg nézett",
    "searches_wikia_error": "Nem sikerült ilyen kifejezéssel a megadott wikián való keresés.",
    "searches_wikia_input_error": "Add meg a célpont wikia nevét és a keresendő kifejezést.",
    "searches_wiki_page_not_found": "Az oldal nem található.",
    "searches_wind_speed": "Szélsebesség",
    "searches_x_most_banned_champs": "A {0} legtiltottabb bajnok",
    "searches_yodify_error": "Nem sikerült Yoda-ifikálni a mondatod.",
    "utiliity_joined": "Csatlakozott",
    "utility_activity_line": "`{0}.` {1} [{2:F2}/mp] - {3} összesen",
    "utility_activity_page": "Aktivitás ({0}. oldal)",
    "utility_activity_users_total": "Összesen {0} felhasználó.",
    "utility_author": "Szerző",
    "utility_botid": "Bot azonosító",
    "utility_calcops": "{0}calc paranccsal használható műveletek:",
    "utility_channelid": "A csatorna {0}-ja/-je {1}",
    "utility_channel_topic": "A szoba témája",
    "utility_commands_ran": "Parancsok futtatva",
    "utility_convert": "{0} {1} egyenlő {2} {3}",
    "utility_convertlist": "A váltó által használható mértékegységek",
    "utility_convert_not_found": "Nem lehetséges az átváltás {0} és {1} között: nem találhatók ilyen mértékegységek",
    "utility_convert_type_error": "Nem lehetséges az átváltás {0} és {1} között: a mértékegységek nem azonos csoportba tartoznak",
    "utility_created_at": "Készítve",
    "utility_custom_emojis": "Egyedi emojik",
    "utility_error": "Hiba",
    "utility_features": "Jellemzők",
    "utility_id": "Azonosító",
    "utility_index_out_of_range": "Helytelen sorszám.",
    "utility_inrole_list": "Felhasználók listája {0} szerepben",
    "utility_inrole_not_allowed": "Nincs engedélyed használni ezt a parancsot olyan szerepen, amit sok felhasználó használ visszaélések megelőzéséért.",
    "utility_invalid_value": "Érvénytelen {0} érték.",
    "utility_joined_discord": "Csatlakozott a Discordhoz",
    "utility_joined_server": "Csatlakozott a szerverhez",
    "utility_listservers": "Azonosító: {0}\nTagok: {1}\nTulajdonos azonosítója: {2}",
    "utility_listservers_none": "Az oldalon nem található szerver.",
    "utility_list_of_repeaters": "Ismétlők listája",
    "utility_members": "Tagok",
    "utility_memory": "Memória",
    "utility_messages": "Üzenetek",
    "utility_message_repeater": "Üzenet-ismétlő",
    "utility_name": "Név",
    "utility_nickname": "Becenév",
    "utility_nobody_playing_game": "Senki sem játssza azt a játékot.",
    "utility_no_active_repeaters": "Nincsenek aktív ismétlők.",
    "utility_no_roles_on_page": "Nincsenek rangok ezen az oldalon.",
    "utility_no_shards_on_page": "Nincsenek shardok az oldalon.",
    "utility_no_topic_set": "Nincs téma beállítva.",
    "utility_owner": "Tulajdonos",
    "utility_owner_ids": "Tulajdonos azonosítók",
    "utility_presence": "Jelenlét",
    "utility_presence_txt": "{0} Szerver\n{1} Chat Szoba\n{2} Beszélgető Szoba",
    "utility_quotes_deleted": "Minden idézet törölve {0} kulcsszóval.",
    "utility_quotes_page": "{0}. oldal az idézetekből",
    "utility_quotes_page_none": "Nincsenek idézetek az oldalon.",
    "utility_quotes_remove_none": "Nincs találat olyan idézetre,amit ",
    "utility_quote_added": "Idézet hozzáadva",
    "utility_quote_deleted": "#{0} idézet törölve.",
    "utility_region": "Terület",
    "utility_registered_on": "Regisztrálva",
    "utility_remind": "Emlékeztetni fogom {0}-t \"{1}\"-re ",
    "utility_remind_invalid_format": "Nem érvényes idő formátum. Ellenőrizd a command listát.",
    "utility_remind_template": "Új emlékeztető minta beállítva.",
    "utility_repeater": "{0} ismétlése {1} nap {2} óra {3} percenként.",
    "utility_repeaters_list": "Ismétlők listája",
    "utility_repeaters_none": "Nincs futó ismétlés a szerveren.",
    "utility_repeater_stopped": "#{0} megállítva",
    "utility_repeat_invoke_none": "Nincs ismétlődő üzenet a szerveren.",
    "utility_result": "Eredmény",
    "utility_roles": "Rangok",
    "utility_roles_all_page": "A szerveren található összes rang ({0}. oldal):",
    "utility_roles_page": "{1} rangjai ({0}. oldal):",
    "utility_rrc_no_colors": "Egy szín sincs rendes formátumban. Helyes példa: \"#00ff00\".",
    "utility_rrc_start": "{0} rang színéne mostantól folyamatosan változik.",
    "utility_rrc_stop": "{0} rang színénének változatása megállítva.",
    "utility_serverid": "A szerver {0}-ja/-je {1}",
    "utility_server_info": "Szerver infó",
    "utility_shard": "Shard",
    "utility_shard_stats": "Shard státusz",
    "utility_shard_stats_txt": "Shard **#{0}** {1} állapotban van {2} szerverrel - {3} ezelőtt",
    "utility_showemojis": "**Név:** {0} **Link:** {1}",
    "utility_showemojis_none": "Nincsenek egyedi emojik találva.",
    "utility_stats_songs": "{0} zene játszása, {1} várakozó.",
    "utility_text_channels": "Chat szobák",
    "utility_togtub_room_link": "Itt van a szobád linkje:",
    "utility_uptime": "Futási idő",
    "utility_userid": "{1} {0} száma {2}",
    "utility_users": "Felhasználók",
    "utility_voice_channels": "Beszélgető szobák",
    "gambling_animal_race_already_in": "Már csatlakoztál ehhez a versenyhez!",
    "games_current_poll_results": "Jelenlegi szavazás állása",
    "games_no_votes_cast": "Senki sem szavazott.",
    "games_poll_already_running": "A szavazás már fut ezen a szerveren.",
    "games_poll_created": "📃 {0} szavazást hozott létre:",
    "games_poll_result": "`{0}.` {1} {2} szavazattal.",
    "games_poll_voted": "{0} szavazott.",
    "games_poll_vote_private": "Küldj privát üzenetet a megfelelő válasz számáról",
    "games_poll_vote_public": "Küldj egy üzenetet itt a megfelelő válasz számával.",
    "games_thanks_for_voting": "Köszönöm, hogy szavaztál, {0}",
    "games_x_votes_cast": "{0} szavazat beküldve.",
    "games_pick_pl": "Vedd fel őket a `{0}pick` beírásával.",
    "games_pick_sn": "Vedd fel a `{0}pick` beírásával.",
    "gambling_no_users_found": "Nincs ilyen felhasználó.",
    "gambling_page": "{0} oldal",
    "administration_must_be_in_voice": "Ezen a szerveren muszáj bent lenned egy beszélgetős szobában.",
    "administration_no_vcroles": "Nincsenek beszélgető szobai szerepek.",
    "administration_user_muted_time": "{0} **némítva** lett a szöveges és beszélgető szobákból {1} percre.",
    "administration_vcrole_added": "A {0} beszélgető szobába csatlakozók megkapják az {1} szerepet.",
    "administration_vcrole_removed": "A {0} beszélgető szobába csatlakozók mostantól nem kapnak szerepet.",
    "administration_vc_role_list": "Beszélgető szobai szerepek",
    "customreactions_crad_disabled": "{0} azonosítóval rendelkező reakciót előhívó üzenetek nem kerülnek automatikus törlésre.",
    "customreactions_crad_enabled": "{0} azonosítóval rendelkező reakciót előhívó üzenetek automatikusan törlésre kerülnek.",
    "customreactions_crdm_disabled": "{0} azonosítóval rendelkező reakció nem privát üzenetben kerül küldésre.",
    "customreactions_crdm_enabled": "{0} azonosítóval rendelkező reakció privát üzenetben kerül küldésre.",
    "utility_aliases_none": "Nem található becenév",
    "utility_alias_added": "{0} mostantól használható {1} helyett.",
    "utility_alias_list": "Helyettesítő kulcsszavak listája",
    "utility_alias_removed": "{0} kulcsszó többé nem működik helyettesítőként.",
    "utility_alias_remove_fail": "{0} kulcsszóra nem létezik helyettesítés.",
    "searches_compet_playtime": "Versenyképes játékidő",
    "administration_channel": "Csatorna",
    "administration_command_text": "Parancs szövege",
    "administration_kicked_pl": "Kickelve",
    "administration_moderator": "Moderátor",
    "administration_page": "{0} oldal",
    "administration_reason": "Ok",
    "administration_scadd": "Új indító parancs létrehozva.",
    "administration_scrm": "Indító parancs sikeresen törölve.",
    "administration_scrm_fail": "Az indító parancs nem található.",
    "administration_server": "Szerver",
    "administration_startcmdlist_none": "Nincsenek indító parancsok ezen az oldalon.",
    "administration_startcmds_cleared": "Indítási parancsok listája ürítve",
    "administration_unbanned_user": "{0} felhasználó tiltása feloldva.",
    "administration_user_not_found": "A felhasználó nem található.",
    "administration_user_warned": "{0} felhasználó figyelmeztetve.",
    "administration_user_warned_and_punished": "{0} felhasználó figyelmeztetve, és {1} büntetés alkalmazva.",
    "administration_warned_on": "Figyelmeztetve {0} szerveren",
    "administration_warned_on_by": "{0} napon {1}-kor {2} által",
    "administration_warnings_cleared": "{0} minden figyelmeztetése törölve lett.",
    "administration_warnings_none": "Nincs figyelmeztetés ezen az oldalon.",
    "administration_warnlog_for": "{0} figyelmeztetési listája",
    "administration_warnpl_none": "Nincs büntetés beállítva.",
    "administration_warn_cleared_by": "tisztítva {0} által",
    "administration_warn_punish_list": "Figyelmeztetésekért járó büntetések",
    "administration_warn_punish_rem": "{0} figyelmeztetésért többé nem jár büntetés.",
    "administration_warn_punish_set": "{0} büntetést fogok alkalmazni {1} figyelmeztetéssel rendelkező felhasználókon.",
    "administration_slowmodewl_role_start": "Lassú mód mostantól figyelmen kívül fogja hagyni a(z) {0} rangot.",
    "administration_slowmodewl_role_stop": "Lassú mód mostantól nem fogja figyelmen kívül hagyni a(z) {0} rangot.",
    "administration_slowmodewl_user_start": "Lassú mód mostantól figyelmen kívül fogja hagyni {0} felhasználót.",
    "administration_slowmodewl_user_stop": "Lassú mód mostantól nem fogja figyelmen kívül hagyni {0} felhasználót.",
    "utility_clpa_fail": "Hibás igénylés a jutalmakra a következő ok(ok) miatt:",
    "utility_clpa_fail_already": "Talán már megkaptad a jutalmad a hónapra. Havonta csak egyszer kaphatsz jutalmakat kivéve ha növeled a felajánlást.",
    "utility_clpa_fail_already_title": "Már jutalmazva",
    "utility_clpa_fail_conn": "A discord felhasználód nincs csatlakoztatva a Patreonhoz. Ha nem vagy biztos benne mit jelent ez, vagy nem tudod hogyan csatlakoztasd - Menj a [Patreon account settings oldalra] (https://patreon.com/settings/account) és kattints a 'Connect to discord' gombra.",
    "utility_clpa_fail_conn_title": "Discord fiók nincs csatlakoztatva",
    "utility_clpa_fail_sup": "Hogy jogosult legyél jutalmakra támogatnod kell a projektet patreonon. Használd a {0} parancsot a linkért.",
    "utility_clpa_fail_sup_title": "Nem támogatod",
    "utility_clpa_fail_wait": "Várnod kell pár óráta felajánlás után, ha nem vártál, próbálkozz újra később.",
    "utility_clpa_fail_wait_title": "Várj kis időt",
    "utility_clpa_success": "Kaptál {0} Köszönöm, hogy támogatod a projektet.",
    "utility_clpa_too_early": "A jutalmakat minden hónap 5.-én vagy utána tudod igényelni.",
    "searches_time": "{0} -ban az idő {1} - {2}",
    "administration_rh": "Szerver rang {0} ",
    "gambling_name": "Név",
    "gambling_shop": "Bolt",
    "gambling_shop_item_add": "Bolti tárgy hozzáadva.",
    "gambling_shop_none": "Bolti tárgyak nem találva ezen az oldalon.",
    "gambling_shop_role": "Meg fogod kapni {0} rangot",
    "gambling_type": "Típus",
    "utility_clpa_next_update": "Új frissítés {0} időpontban.",
    "administration_gvc_disabled": "Játék Beszéd Szoba funkció kikapcsolva ezen a szerveren.",
    "administration_gvc_enabled": "{0} egy Játék Beszéd Szoba.",
    "administration_not_in_voice": "Nem vagy beszéd szobában ezen a szerveren.",
    "gambling_item": "Tárgy",
    "gambling_out_of_stock": "Nincs készleten.",
    "gambling_random_unique_item": "Véletlenszerű egyedi tárgy.",
    "gambling_shop_buy_error": "Hiba a tárgy megkapásával. Vissza lett térítve.",
    "gambling_shop_item_not_found": "Nincs tárgy ezzel a jegyzékkel.",
    "gambling_shop_item_purchase": "Tárgy vásárlás sikeres.",
    "gambling_shop_item_rm": "Tárgy eltávolítva",
    "gambling_shop_item_wrong_type": "Bolt bejegyzés nem támogatja tárgy hozzáadását.",
    "gambling_shop_list_item_added": "Tárgy sikeresen hozzá adva.",
    "gambling_shop_list_item_not_unique": "Ez a tárgy már hozzá van adva.",
    "gambling_shop_purchase": "Vásárlás {0}szerveren",
    "gambling_shop_role_not_found": "Vásárolható rang többé nem létezik.",
    "gambling_shop_role_purchase": "Sikeresen megvásároltad {0} rangot.",
    "gambling_shop_role_purchase_error": "Sikertelen rang átadás. A vásárlást vissza térítettük.",
    "gambling_unique_items_left": "{0} egyedi tárgy maradt.",
    "permissions_blocked_commands": "Blokkolt parancsok",
    "permissions_blocked_modules": "Blokkolt modulok",
    "permissions_gcmd_add": "{0} parancs kikapcsolva minden szerveren.",
    "permissions_gcmd_remove": "{0} parancs engedélyezve minden szerveren.",
    "permissions_gmod_add": "{0} modul kikapcsolva minden szerveren.",
    "permissions_gmod_remove": "{0} modul engedélyezve minden szerveren.",
    "permissions_lgp_none": "Nincsenek blokkolt parancsok és modulok.",
    "gambling_animal_race_no_race": "Állat verseny tele!",
    "utility_cant_read_or_send": "Nem írhatsz vagy olvashatsz ebben a szobában.",
    "utility_quotes_notfound": "Nem található idézet ezzel az azonosítóval.",
    "administration_prefix_current": "Előjel ezen a szerveren {0}",
    "administration_prefix_new": "Előjel ezen a szerveren kicserélve {0}-ról {1}-re.",
    "administration_defprefix_current": "Alapértelmezett bot előjel {0}",
    "administration_defprefix_new": "Alapértelmezett bot előjel kicserélve {0}-ról {1}-re.",
    "administration_bot_nick": "Bot beceneve {0} -ra/-re változtatva",
    "administration_user_nick": "Felhasználó {0} beceneve kicserélve {1}",
    "administration_timezone_guild": "Az időzónája ennek a klánnak '{0}'",
    "administration_timezone_not_found": "Nincs időzóna. Használd a \"timezones\" parancsot, hogy lásd az elérhető időzónákat.",
    "administration_timezones_available": "Elérhető időzónák",
    "music_song_not_found": "Nem talált zene.",
    "searches_define_unknown": "Nem talált definíció a kifejezésre.",
    "utility_repeater_initial": "Kezdeti ismétlődő üzenet {0} óra és {1} perc múlva lesz küldve.",
    "utility_verbose_errors_enabled": "Nem megfelelően használt parancsok hibaüzenetet fognak mutatni.",
    "utility_verbose_errors_disabled": "Nem megfelelően használt parancsok nem fognak hibaüzenetet mutatni.",
    "permissions_perms_reset": "Hozzáférések a szerveren visszaállítva.",
    "permissions_trigger": "#{0} számú szabály ({1}) miatt ez a művelet nem lehetséges.",
    "administration_migration_error": "Nem sikerült az adatok másolása, ellenőrizd a konzolt további információért.",
    "searches_hex_invalid": "Érvénytelen megadott szín.",
    "permissions_global_perms_reset": "Globális hozzáférések visszaállítva.",
    "help_module": "Modul: {0}",
    "games_hangman_stopped": "Akasztófa játék megállítva.",
    "music_autoplaying": "Autó-lejátszás.",
    "music_queue_stopped": "Lejátszó megállítva. Használd a {0} parancsot az elindításhoz.",
    "music_removed_song_error": "Nincs ilyen sorszámmal rendelkező zeneszám.",
    "music_shuffling_playlist": "Zenék megkeverése.",
    "music_songs_shuffle_enable": "Mostantól a zenék keverednek.",
    "music_songs_shuffle_disable": "A zenék nem ",
    "music_song_skips_after": "A {0} utáni dalok át lesznek ugorva.",
    "administration_warnings_list": "Az összes figyelmeztetett felhasználó listája a szerveren",
    "customreactions_redacted_too_long": "Rövidítve, mert túl hosszú.",
    "nsfw_blacklisted_tag_list": "Tiltólistás címkék:",
    "nsfw_blacklisted_tag": "Egy vagy több általad használt címke a tiltólistán van.",
    "nsfw_blacklisted_tag_add": "\"{0}\" NSFW címke a tiltólistára került.",
    "nsfw_blacklisted_tag_remove": "\"{0}\" NSFW címke már nincs a tiltólistán.",
    "gambling_waifu_gift": "{0} ajándékozva {1} által",
    "gambling_waifu_gift_shop": "Waifu ajándékbolt",
    "gambling_gifts": "Ajándékok",
    "games_connect4_created": "Egy Connect4 játék létrehozva. Várakozás egy résztvevőre.",
    "games_connect4_player_to_move": "Játékos mozgatása: {0}",
    "games_connect4_failed_to_start": "Connect4 indítása sikertelen, mert senki sem csatlakozott a játékhoz.",
    "games_connect4_draw": "A játék kimenetele döntetlen.",
    "games_connect4_won": "{0} megnyerte a játékot {1} ellen.",
    "games_nunchi_joined": "Csatlakozva a nunchi játékhoz. {0} felhasználó csatlakozott eddig",
    "games_nunchi_ended": "Nunchi játék véget ért. {0} nyert",
    "games_nunchi_ended_no_winner": "A nunchi játék győztes nélkül ért véget.",
    "games_nunchi_started": "A nunchi játék elkezdődött {0} résztvevővel.",
    "games_nunchi_round_ended": "Nunchi kör vége. {0} kiesett a játékból.",
    "games_nunchi_round_ended_boot": "Nunchi kör véget ért játékosok időtúllépése miatt. Ezek a játékosok vannak még játékban: {0}",
    "games_nunchi_round_started": "Nunchi kör elkezdődött {0} játékossal. Kezdjétek a számolást {1} számtól.",
    "games_nunchi_next_number": "Szám regisztrálva. Utolsó szám {1} volt.",
    "games_nunchi_failed_to_start": "Nunchi kör elindítása sikertelen nem elég résztvevő miatt.",
    "games_nunchi_created": "Nunchi játék elkészült. Várakozás játékosok csatlakozására.",
    "music_sad_enabled": "A zenék ki lesznek törölve a sorból, mikor vége a lejátszásuknak.",
    "music_sad_disabled": "A zenék nem lesznek többé törölve a sorból, mikor vége a lejátszásuknak.",
    "utility_stream_role_enabled": "Mikor a felhasználó {0} rangról elkezd streamelni, odaadom nekik a(z) {1} rangot.",
    "utility_stream_role_disabled": "Stream rang funkció kikapcsolva.",
    "utility_stream_role_kw_set": "A streamereknek mostantól szükségük van {0} kulcsszóra, hogy megkapják a rangot.",
    "utility_stream_role_kw_reset": "Stream rang kulcsszó visszaállítva.",
    "utility_stream_role_bl_add": "{0} felhasználó többé soha nem fog stream rangot kapni.",
    "utility_stream_role_bl_add_fail": "{0} felhasználó már feketelistán van.",
    "utility_stream_role_bl_rem": "{0} felhasználó nincs többé feketelistán.",
    "utility_stream_role_bl_rem_fail": "{0} felhasználó nincs feketelistán.",
    "utility_stream_role_wl_add": "{0} felhasználó akkor is fog stream rangot kapni, ha nincs kulcsszó a stream címükben.",
    "utility_stream_role_wl_add_fail": "{0} felhasználó már a fehérlistán van.",
    "utility_stream_role_wl_rem": "{0} felhasználó nincs többé a fehérlistán.",
    "utility_stream_role_wl_rem_fail": "{0} felhasználó nem fehérlistás.",
    "utility_bot_config_edit_fail": "{0} beállítása sikertelen {1} értékre.",
    "utility_bot_config_edit_success": "{0} beállítása {1} értékre.",
    "customreactions_crca_disabled": "Az egyedi reakció {0} azonosítóval többé nem aktiválódik, csak ha a szó a mondat elején van.",
    "customreactions_crca_enabled": "Az egyedi reakció {0} azonosítóval aktiválódik bárhol van a mondatban.",
    "xp_server_level": "Szerver szint.",
    "xp_level": "Szint",
    "xp_club": "Klub",
    "xp_xp": "Tapasztalat",
    "xp_excluded": "{0} kizárva az XP rendszerből a szerveren.",
    "xp_not_excluded": "{0} többé nincs kizárva az XP rendszerből a szerveren.",
    "xp_exclusion_list": "Kizártak listája",
    "xp_server_is_excluded": "Ez a szerver kizárva.",
    "xp_server_is_not_excluded": "Ez a szerver nincs kizárva.",
    "xp_excluded_roles": "Kizárt rang",
    "xp_excluded_channels": "Kizárt csatorna",
    "xp_level_up_channel": "Gratulálok {0}, elérted a(z) {1} szintet!",
    "xp_level_up_dm": "Gratulálok {0}, elérted a(z) {1} szintet {2} szerveren!",
    "xp_level_up_global": "Gratulálok {0}, elérted a globális {1} szintet!",
    "xp_role_reward_cleared": "{0} szint többé nem ad rangot.",
    "xp_role_reward_added": "A felhasználók akik elérik a {0} szintet megkapják a(z) {1} rangot.",
    "xp_role_rewards": "Szerep jutalmak",
    "xp_level_x": "Szint {0}",
    "xp_no_role_rewards": "Nincs szerep jutalom az oldalon.",
    "xp_server_leaderboard": "Szerver szint ranglista",
    "xp_global_leaderboard": "Globális szint ranglista",
    "xp_modified": "A {0} felhasználó szerver szintje {0} xpvel változott.",
    "xp_club_create_error": "Klub létrehozása sikertelen. Bizonyosodj meg, hogy 5ös szint felett vagy, és nem vagy klub tagja.",
    "xp_club_created": "Klub {0} sikeresen létrehozva.",
    "xp_club_not_exists": "Ez a klub nem létezik.",
    "xp_club_applied": "Jelentkeztél tagnak a {0} klubba.",
    "xp_club_apply_error": "Hiba a jelentkezéssel. Vagy a klub tagja vagy már, nem éred el a minimum szintet, vagy ki vagy tiltva ebből a klubból.",
    "xp_club_accepted": "Felhasználó {0} csatlakozása elfogadva a klubba.",
    "xp_club_accept_error": "Nem talált felhasználó",
    "xp_club_left": "Kiléptél a klubból.",
    "xp_club_not_in_club": "Nem vagy a klubban, vagy a saját klubodból próbálsz kilépni.",
    "xp_club_user_kick": "Felhasználó {0} kirúgva {1} klubból.",
    "xp_club_user_kick_fail": "Hiba a kirúgással. Vagy nem vagy klub tulajdonos, vagy a felhasználó nincs a klubban.",
    "xp_club_user_banned": "Felhasználó {0} kitiltva {1} klubból.",
    "xp_club_user_ban_fail": "Hiba a kitiltással. Vagy nem vagy klub tulajdonos, vagy a felhasználó nincs a klubban.",
    "xp_club_user_unbanned": "Felhasználó {0} kitiltása visszavonva {1} klubból.",
    "xp_club_user_unban_fail": "Unbanolás sikertelen. Vagy nem vagy a klub tulajdonos, a felhasználó nincs a klubbodban vagy nem jelentkezett.",
    "xp_club_level_req_changed": "Klub szint követelménye megváltoztatva {0} szintre.",
    "xp_club_level_req_change_error": "Szint követelmény megváltoztatása sikertelen.",
    "xp_club_disbanded": "Klub {0} feloszlatásra került.",
    "xp_club_disband_error": "Hiba. Vagy nem vagy a klubban, vagy nem te vagy a klub tulajdonosa.",
    "xp_club_icon_error": "Nem megfelelő kép url, vagy nem te vagy a klub tulajdonos.",
    "xp_club_icon_set": "Új klub ikon beállítva.",
    "xp_club_bans_for": "A {0} klub bannjai.",
    "xp_club_apps_for": "A {0} klub jelentkezői.",
    "xp_club_leaderboard": "Klub ranglista - oldal {0}"
}