{
    "customreactions_all_stats_cleared": "Semua reaksi kustom telah dibersihkan.",
    "customreactions_deleted": "Reaksi kustom telah dihapus.",
    "customreactions_insuff_perms": "Izin anda kurang. Dibutuhkan kepemilikan Bot untuk reaksi kostum global, dan Administrator untuk reaksi kustom server.",
    "customreactions_list_all": "Daftar dari semua reaksi kustom.",
    "customreactions_name": "Reaksi kustom.",
    "customreactions_new_cust_react": "Reaksi kustom baru",
    "customreactions_no_found": "Tidak ada reaksi kustom yang ditemukan.",
    "customreactions_no_found_id": "Tidak ada reaksi kustom ditemukan dengan id itu.",
    "customreactions_response": "Tanggapan.",
    "customreactions_stats": "Status reaksi kustom",
    "customreactions_stats_cleared": "Status dibersihkan untuk reaksi kustom {0}.",
    "customreactions_stats_not_found": "Tidak ada data untuk aksi itu, aksi tidak dilakukan.",
    "customreactions_trigger": "Aksi",
    "nsfw_autohentai_stopped": "Autohentai berhenti.",
    "nsfw_not_found": "Tidak ada hasil yang ditemukan.",
    "pokemon_already_fainted": "{0} sudah pingsan.",
    "pokemon_already_full": "{0} sudah memiliki HP penuh.",
    "pokemon_already_that_type": "Tipe anda sudah {0}",
    "pokemon_attack": "Digunakan {0}{1} di {2}{3} untuk {4} HP.",
    "pokemon_cant_attack_again": "Anda tidak bisa menyerang lagi tanpa serangan balik!",
    "pokemon_cant_attack_yourself": "Anda tidak bisa menyerang diri sendiri.",
    "pokemon_fainted": "{0} telah pingsan!",
    "pokemon_healed": "{0} disembuhkan dengan satu {1}",
    "pokemon_hp_remaining": "{0} memiliki {1} HP tersisa.",
    "pokemon_invalid_move": "Anda tidak bisa menggunakan {0}. Ketik '{1}ml' untuk melihat daftar gerakan yang anda bisa gunakan.",
    "pokemon_moves": "Daftar gerakan untuk tipe {0}",
    "pokemon_not_effective": "Itu tidak efektif.",
    "pokemon_no_currency": "Anda tidak memiliki cukup {0}",
    "pokemon_revive_other": "{0} Dihidupkan dengan satu {1}",
    "pokemon_revive_yourself": "Anda menghidupkan diri sendiri dengan satu {0}",
    "pokemon_settype_success": "Tipe anda telah diganti ke {0} untuk sebuah {1}",
    "pokemon_somewhat_effective": "Itu cukup efektif.",
    "pokemon_super_effective": "Itu sangatlah efektif!",
    "pokemon_too_many_moves": "Anda menggunakan terlalu banyak gerakan, jadi anda tidak bisa bergerak!",
    "pokemon_type_of_user": "Tipe dari {0} adalah {1}.",
    "pokemon_user_not_found": "Pengguna tidak ditemukan.",
    "pokemon_you_fainted": "Anda pingsan, jadi anda tidak bisa bergerak!",
    "administration_aar_disabled": "**Penetapan role otomatis** ketika user bergabung sekarang telah **non aktif**.",
    "administration_aar_enabled": "**Penetapan role otomatis** ketika user bergabung sekarang telah **aktif**.",
    "administration_attachments": "Lampiran",
    "administration_avatar_changed": "Avatar diubah.",
    "administration_bandm": "Anda telah diban dari server {0}. \nAlasan: {1}",
    "administration_banned_pl": "'banned'",
    "administration_banned_user": "Pengguna 'banned'",
    "administration_bot_name": "Nama bot diubah menjadi {0}",
    "administration_bot_status": "Status bot diubah ke {0}.",
    "administration_byedel_off": "Penghapusan otomatis dari pesan 'bye' telah dimatikan.",
    "administration_byedel_on": "Pesan 'bye' akan dihapus setelah {0} detik.",
    "administration_byemsg_cur": "Pesan 'bye' sekarang: {0}",
    "administration_byemsg_enable": "Nyalakan pesan 'bye' dengan menggunakan {0}",
    "administration_byemsg_new": "Pesan tinggal baru tersetel.",
    "administration_bye_off": "Pengumuman tinggal dimatikan.",
    "administration_bye_on": "Pengumuman tinggal dinyalakan di channel ini.",
    "administration_ch_name_change": "Nama Channel telah diubah.",
    "administration_ch_old_name": "Nama lama.",
    "administration_ch_topic_change": "Topik channel diubah.",
    "administration_cleaned_up": "Dibersihkan.",
    "administration_content": "Konten",
    "administration_cr": "Berhasil membuat peran {0}.",
    "administration_createtextchan": "Channel teks {0} telah dibuat.",
    "administration_createvoich": "Channel suara {0} telah dibuat.",
    "administration_deafen": "Penulian berhasil.",
    "administration_deleted_server": "Server {0} dihapus",
    "administration_delmsg_off": "Penghapusan otomatis telah diberhentikan karena invokasi pemerintah yang berhasil.",
    "administration_delmsg_on": "Sekarang akan secara otomatis menghapus invokasi perintah yang sukses.",
    "administration_deltextchan": "Channel teks {0} dihapus.",
    "administration_delvoich": "Channel suara {0} dihapus.",
    "administration_dm_from": "Pesan dari",
    "administration_donadd": "Berhasil menambahkan donatur baru. Jumlah donasi dari user ini: {0} 👑",
    "administration_donators": "Terima kasih untuk orang yang terdaftar dibawah untuk menciptakan proyek ini!",
    "administration_fwall_start": "Saya akan meneruskan DM kepada semua pemilik.",
    "administration_fwall_stop": "Saya akan meneruskan DM hanya ke pemilik pertama.",
    "administration_fwdm_start": "Saya akan meneruskan DM mulai dari sekarang.",
    "administration_fwdm_stop": "Saya akan berhenti meneruskan DM mulai dari sekarang.",
    "administration_greetdel_off": "Penghapusan pesan sapaan otomatis telah dinonaktifkan.",
    "administration_greetdel_on": "Pesan pesan sapaan akan dihapus setelah {0} detik.",
    "administration_greetdmmsg_cur": "Pesan sapa DM sekarang: {0}",
    "administration_greetdmmsg_enable": "Aktifkan pesan sapa DM dengan mengetik {0}",
    "administration_greetdmmsg_new": "Pesan sapa DM baru telah diset.",
    "administration_greetdm_off": "Pengumuman sapa DM dinonaktifkan.",
    "administration_greetdm_on": "Pengumuman sapa DM diaktifkan.",
    "administration_greetmsg_cur": "Pesan sapa sekarang: {0}",
    "administration_greetmsg_enable": "Aktifkan pesan sapa dengan mengetik {0}",
    "administration_greetmsg_new": "Pesan sapa baru telah diset.",
    "administration_greet_off": "Pengumuman sapa dinonaktifkan.",
    "administration_greet_on": "Pengumuman sapa diaktifkan di channel ini.",
    "administration_hierarchy": "Anda tidak bisa menggunakkan perintah ini pada pengguna dengan peran yang lebih tinggi atau setara dengan anda di dalam hierarki peran.",
    "administration_images_loaded": "Gambar ditampilkan setelah {0} detik!",
    "administration_invalid_format": "Format input tidak valid.",
    "administration_invalid_params": "Parameter tidak valid.",
    "administration_joined": "{0} telah bergabung {1}",
    "administration_kickdm": "Anda telah dikeluarkan dari server {0}.\nAlasan: {1}",
    "administration_kicked_user": "Pengguna dikeluarkan",
    "administration_lang_list": "Daftar bahasa-bahasa",
    "administration_lang_set": "Bahasa server anda sekarang adalah {0} - {1}",
    "administration_lang_set_bot": "Bahasa asli bot sekarang adalah {0} - {1}",
    "administration_lang_set_bot_show": "Bahasa bot di set ke {0} - {1}",
    "administration_lang_set_fail": "Gagal mengatur bahasa. Kunjungi bantuan untuk perintah ini.",
    "administration_lang_set_show": "Bahasa perintah ini sekarang di set ke {0} - {1}",
    "administration_left": "{0} telah pergi {1}",
    "administration_left_server": "Meninggalkan server {0}",
    "administration_log": "Mencatat {0} event di channel ini.",
    "administration_log_all": "Mencatat semua event di channel ini.",
    "administration_log_disabled": "Pencatatan dinonaktifkan.",
    "administration_log_events": "Event - event catatan yang anda dapat berlangganan:",
    "administration_log_ignore": "Pencatatan akan mengabaikan {0}",
    "administration_log_not_ignore": "Pencatatatn tidak akan mengabaikan {0}",
    "administration_log_stop": "Berhenti mencatat event {0}.",
    "administration_menrole": "{0} telah menyebut peran - peran berikut",
    "administration_message_from_bo": "Pesan dari {0} `[Pemilik Bot]`:",
    "administration_message_sent": "Pesan terkirim.",
    "administration_moved": "{0} telah pindah dari {1} ke {2}",
    "administration_msg_del": "Pesan dihapus dalam #{0}",
    "administration_msg_update": "Pesan diperbarui dalam #{0}",
    "administration_muted_pl": "Didiamkan.",
    "administration_muted_sn": "Didiamkan.",
    "administration_mute_error": "Kemungkinan besar saya tidak punya izin yang dibutuhkan untuk itu.",
    "administration_mute_role_set": "Peran diam baru telah diset",
    "administration_need_admin": "Saya butuh izin **Administrasi** untuk melakukan itu.",
    "administration_new_msg": "Pesan baru",
    "administration_new_nick": "Nama panggilan baru",
    "administration_new_topic": "Topik baru",
    "administration_nick_change": "Nama panggilan diubah",
    "administration_no_server": "Tidak dapat menemukan server itu",
    "administration_no_shard_id": "Tidak ada potongan dengan ID itu ditemukan.",
    "administration_old_msg": "Pesan lama",
    "administration_old_nick": "Nama panggilan lama",
    "administration_old_topic": "Topik lama",
    "administration_perms": "Error. Kemungkinan besar saya tidak punya izin yang cukup.",
    "administration_prot_active": "Perlindungan aktif",
    "administration_prot_disable": "{0} telah **dinonaktifkan** pada server ini.",
    "administration_prot_enable": "{0} diaktifkan",
    "administration_prot_error": "Error. Saya butuh izin ManageRoles",
    "administration_prot_none": "Tidak ada perlindungan diaktifkan.",
    "administration_raid_cnt": "Batas user harus diantara {0} dan {1}.",
    "administration_raid_stats": "Jika {0} atau lebih user bergabung dalam {1} detik, Saya akan {2} mereka.",
    "administration_raid_time": "Waktu harus berada diantara {0} dan {1} detik.",
    "administration_rar": "Berhasil menghapus semua peran dari user {0}",
    "administration_rar_err": "Gagal menghapus peran. Saya tidak punya izin.",
    "administration_rc": "Warna dari peran {0} telah diubah.",
    "administration_rc_not_exist": "Peran itu tidak ada.",
    "administration_rc_params": "Parameter yang ditentukan tidak valid.",
    "administration_rc_perms": "Error disebabkan warna tidak valid atau tidak punya izin.",
    "administration_remrole": "Berhasil menghapus peran {0} dari user {1}",
    "administration_remrole_err": "Gagal menghapus peran. Saya tidak punya izin.",
    "administration_renrole": "Nama peran diubah.",
    "administration_renrole_err": "Gagal merubah nama peran. Saya tidak punya izin.",
    "administration_renrole_perms": "Anda tidak dapat mengedit peran yang lebih tinggi daripada peran tertinggi anda.",
    "administration_reprm": "Pesan yang diputar: {0} telah dihapus",
    "administration_role_added": "Peran {0} telah ditambahkan ke dalam daftar {1}.",
    "administration_role_clean": "{0} tidak ditemukan. Telah dibersihkan.",
    "administration_role_in_list": "Peran {0} sudah ada di dalam daftar.",
    "administration_ropl_added": "Ditambahkan.",
    "administration_ropl_disabled": "Status bermain berotasi dinonaktifkan.",
    "administration_ropl_enabled": "Status bermain berotasi diaktifkan",
    "administration_ropl_list": "Ini adalah daftar status-status yang berotasi:\n{0}",
    "administration_ropl_not_set": "Tidak ada status bermain berotasi yang diset.",
    "administration_self_assign_already": "Anda sudah memiliki {0} peran.",
    "administration_self_assign_already_excl": "Anda sudah memiliki {0} peran eksklusif yang ditetapkan sendiri.",
    "administration_self_assign_excl": "Peran yang ditetapkan sendiri sekarang eksklusif!",
    "administration_self_assign_list": "Ada {0} peran yang ditetapkan sendiri",
    "administration_self_assign_not": "Peran itu tidak dapat ditetapkan sendiri.",
    "administration_self_assign_not_have": "Anda tidak memiliki {0} peran.",
    "administration_self_assign_no_excl": "Peran yang ditetapkan sendiri sekarang tidak eksklusif!",
    "administration_self_assign_perms": "Saya tidak dapat menambahkan peran itu pada anda. 'Saya tidak dapat menambahkan peran kepada pemilik atau peran lain yang lebih tinggi daripada peran saya di dalam hierarki peran.'",
    "administration_self_assign_rem": "{0} telah dihapus dari daftar peran yang dapat ditetapkan sendiri.",
    "administration_self_assign_remove": "Anda tidak lagi memiliki peran {0}.",
    "administration_self_assign_success": "Anda sekarang memiliki peran {0}.",
    "administration_setrole": "Berhasil menambahkan peran {0} ke user {1}",
    "administration_setrole_err": "Gagal menambahkan peran. Saya tidak punya izin.",
    "administration_set_avatar": "Avatar baru telah diset!",
    "administration_set_channel_name": "Nama channel baru telah diset.",
    "administration_set_game": "Permainan baru telah diset!",
    "administration_set_stream": "Aliran baru telah diset!",
    "administration_set_topic": "Topik channel baru telah diset!",
    "administration_shard_reconnected": "Potongan {0} telah tersambung ulang.",
    "administration_shard_reconnecting": "Potongan {0} sedang menyambung ulang.",
    "administration_shutting_down": "Mematikan",
    "administration_slowmode_desc": "User tidak dapat mengirim lebih dari {0} pesan setiap {1} detik.",
    "administration_slowmode_disabled": "Mode lambat dimatikan.",
    "administration_slowmode_init": "Mode lambat dinyalakan.",
    "administration_soft_banned_pl": "Ban halus (Dikeluarkan)",
    "administration_spam_ignore": "{0} akan mengabaikan channel ini.",
    "administration_spam_not_ignore": "{0} tidak lagi akan mengabaikan channel ini.",
    "administration_spam_stats": "Jika user memposting {0} pesan yang sama secara berurutan, Saya akan {1} mereka.\n    __IgnoredChannels__: {2} ",
    "administration_text_chan_created": "Channel teks telah dibuat.",
    "administration_text_chan_destroyed": "Channel teks telah dihancurkan.",
    "administration_undeafen": "penulian nonaktif.",
    "administration_unmuted_sn": "Non-bisukan",
    "administration_username": "Nama pengguna",
    "administration_username_changed": "Nama pengguna telah diubah",
    "administration_users": "Para pengguna",
    "administration_user_banned": "Pengguna dilarang",
    "administration_user_chat_mute": "{0} telah **didiamkan** dari chatting.",
    "administration_user_chat_unmute": "{0} telah **tidak didiamkan** dari chatting.",
    "administration_user_joined": "User bergabung",
    "administration_user_left": "User pergi",
    "administration_user_muted": "{0} telah **didiamkan** dari chat teks dan suara",
    "administration_user_role_add": "Peran pengguna telah ditambahkan",
    "administration_user_role_rem": "Peran pengguna telah dihapuskan",
    "administration_user_status_change": "{0} sekarang adalah {1}",
    "administration_user_unmuted": "{0} telah **tidak didiamkan** dari chat teks dan suara.",
    "administration_user_vjoined": "{0} telah bergabung di channel suara  {1} .",
    "administration_user_vleft": "{0} telah meninggalkan channel suara {1}.",
    "administration_user_vmoved": "{0} berpindah dari channel suara {1} ke {2}.",
    "administration_user_voice_mute": "{0} telah **dibisukan**",
    "administration_user_voice_unmute": "{0} telah di **voice non-bisukan**.",
    "administration_voice_chan_created": "Channel suara telah dibuat",
    "administration_voice_chan_destroyed": "Channel suara telah dihancurkan",
    "administration_vt_disabled": "Fitur suara + teks dinonaktifkan.",
    "administration_vt_enabled": "Fitur suara + teks diaktfikan.",
    "administration_vt_exit": "Saya tidak memiliki izin **mengatur peran** dan/atau **mengatur channel**, jadi saya tidak dapat menjalankan 'suara+teks' di server {0}.",
    "administration_vt_no_admin": "Anda mengaktifkan/menonaktifkan fitur ini dan **Saya tidak punya izin administrator**. Ini dapat menyebabkan beberapa isu, dan anda harus membersihkan sendiri channel-channel teks setelahnya.",
    "administration_vt_perms": "Saya membutuhkan setidaknya izin **mengatur peran** dan **mengatur channel** untuk mengaktifkan fitur ini. (lebih memilih izin administrasi)",
    "administration_xmuted_text": "User {0} dari chat teks",
    "administration_xmuted_text_and_voice": "User {0} dari chat teks dan suara",
    "administration_xmuted_voice": "Pengguna {0} dari chat suara",
    "administration_sbdm": "Anda telah diban halus dari server {0}.\nAlasan: {1}",
    "administration_user_unbanned": "Pengguna telah di unban",
    "administration_migration_done": "Migrasi selesai!",
    "administration_presence_updates": "Pembaharuan kehadiran",
    "administration_sb_user": "Pengguna diban halus",
    "gambling_awarded": "Telah menyerahkan {0} ke {1}",
    "gambling_better_luck": "Semoga lebih beruntung lain kali ^_^",
    "gambling_br_win": "Selamat! Kamu memenangkan {0} karena hasil diatas {1}",
    "gambling_deck_reshuffled": "Deck telah dikocok ulang.",
    "gambling_flipped": "Terlemparkan {0}.",
    "gambling_flip_guess": "Anda berhasil menebaknya! Anda memenangkan {0}",
    "gambling_flip_invalid": "Angka tidak valid tertera. Anda dapat meleparkan 1 sampai {0} koin.",
    "gambling_gifted": "Telah menghadiahi {0} ke {1}",
    "gambling_has": "{0} memiliki {1}",
    "gambling_heads": "Kepala",
    "gambling_leaderboard": "Leaderboard",
    "gambling_mass_award": "Diserahkan {0} sampai {1} pengguna dari peran {2}.",
    "gambling_max_bet_limit": "Anda tidak bisa bertaruh lebih dari {0}",
    "gambling_min_bet_limit": "Anda tidak bisa bertaruh kurang dari {0}",
    "gambling_not_enough": "Anda tidak memiliki cukup {0}",
    "gambling_no_more_cards": "Tidak ada lagi kartu di dalam deck.",
    "gambling_raffled_user": "Pengguna yang diundi",
    "gambling_roll": "Kamu mendapatkan {0}.",
    "gambling_slot_bet": "Bertaruh",
    "gambling_slot_jackpot": "WOAAHHHHHH!!! Selamat!!! x{0} ",
    "gambling_slot_single": "Sebuah {0}, x{1}",
    "gambling_slot_three": "Wow! Beruntung! Three of a kind! x{0}",
    "gambling_slot_two": "Good job! Dua {0} - bertaruh x{1}",
    "gambling_sneakygamestatus_desc": "User harus mengetikkan kode rahasia untuk mendapatkan {0}.\nBerlangsung selama {1} detik. Jangan bilang bilang. Shhh.",
    "gambling_sneakygamestatus_end": "Event SneakyGame berakhir. {0} pengguna telah menerima hadiah.",
    "gambling_sneakygamestatus_title": "Event SneakyGameStatus telah dimulai",
    "gambling_tails": "Ekor",
    "gambling_take": "berhasil mengambil {0} dari {1}",
    "gambling_take_fail": "tidak dapat mengambil {0} dari{1} karena user itu tidak memiliki {2} sebanyak itu!",
    "help_back_to_toc": "Kembali ke ToC",
    "help_bot_owner_only": "Hanya untuk pemilik bot",
    "help_channel_permission": "Memerlukan izin {0} channel.",
    "help_cmdlist_donate": "Anda dapat mendukung project ini di patreon: <{0}> atau paypal: <{1}>",
    "help_cmd_and_alias": "Daftar perintah dan alias",
    "help_commandlist_regen": "Daftar perintah telah dibuat ulang.",
    "help_commands_instr": "Ketik '{0}h CommandName' untuk melihat bantuan untuk perintah tersebut. Contoh '{0}h >8ball'",
    "help_command_not_found": "Saya tidak dapat menemukan perintah itu. Tolong verifikasi perintah itu ada sebelum mencoba lagi.",
    "help_desc": "Deskripsi",
    "help_donate": "Anda dapat mendukung projek NadekoBot di\nPatreon <{0}> atau\nPaypal <{1}>\nJangan lupa untuk meninggalkan nama atau ID Discord anda di dalam pesan.\n\n**Terima kasih**♥️ ",
    "help_guide": "**Daftar perintah**: <{0}>\n**Panduan dan dokumentasi hosting dapat ditemukan disini**: <{1}>",
    "help_list_of_commands": "Daftar perintah",
    "help_list_of_modules": "Daftar modul",
    "help_modules_footer": "Ketik '{0}cmds ModuleName' untuk mendapatkan daftar perintah di dalam modul tersebut. Contoh '{0}cmds games'",
    "help_module_not_found": "Modul tersebut tidak ada.",
    "help_server_permission": "Memerlukan izin {0} server.",
    "help_table_of_contents": "Daftar isi",
    "help_usage": "Penggunaan",
    "nsfw_autohentai_started": "Autohentai dimulai. Posting ulang setiap {0} detik dengan satu dari tanda berikut:\n{1}",
    "nsfw_tag": "Tanda",
    "gambling_animal_race": "Balap hewan",
    "gambling_animal_race_failed": "Gagal memulai karena tidak cukup peserta.",
    "gambling_animal_race_full": "Balapan penuh!! Segera memulai.",
    "gambling_animal_race_join": "{0} bergabung sebagai seekor {1}",
    "gambling_animal_race_join_bet": "{0} bergabung sebagai seekor {1} dan bertaruh {2}!",
    "gambling_animal_race_join_instr": "Ketik {0}jr untuk mengikuti balapan.",
    "gambling_animal_race_starting": "Dimulai dalam 20 detik atau ketika telah penuh.",
    "gambling_animal_race_starting_with_x": "Memulai dengan {0} peserta.",
    "gambling_animal_race_won": "{0} sebagai {1} Memenangkan balapan!",
    "gambling_animal_race_won_money": "{0} sebagai {1} Memenangkan balapan dan {2}!",
    "gambling_dice_invalid_number": "Angka tidak valid. Anda dapat melemparkan {0}-{1} dadu bersamaan.",
    "gambling_dice_rolled": "mendapatkan {0}",
    "gambling_dice_rolled_num": "Dadu yang dilemparkan: {0}",
    "gambling_race_failed_starting": "Gagal memulai balapan. Balapan lain mungkin sedang berlangsung.",
    "gambling_race_not_exist": "Tidak ada balapan di server ini",
    "gambling_second_larger_than_first": "Angka kedua harus lebih besar daripada angka pertama.",
    "gambling_changes_of_heart": "Perubahan hati",
    "gambling_claimed_by": "Diklaim oleh",
    "gambling_divorces": "Perceraian",
    "gambling_likes": "Suka",
    "gambling_price": "Harga",
    "gambling_waifus_none": "Tidak ada waifu yang belum diklaim.",
    "gambling_waifus_top_waifus": "Top Waifu",
    "gambling_waifu_affinity_already": "Afinitas anda sudah ditetapkan ke waifu tersebut atau anda sedang mencoba menghilangkan afinitas tanpa mempunyainya.",
    "gambling_waifu_affinity_changed": "Mengubah afinitas mereka dari {0} ke {1}\n\n*Ini dapat ditanyakan moralitasnya.* 🤔",
    "gambling_waifu_affinity_cooldown": "Anda harus menunggu {0} jam dan {1} menit untuk mengubah afinitas anda lagi.",
    "gambling_waifu_affinity_reset": "Afinitas anda telah diulang. Anda tidak lagi memiliki seseorang yang anda sukai.",
    "gambling_waifu_affinity_set": "ingin menjadi waifu si {0}. Aww <3",
    "gambling_waifu_claimed": "mengklaim {0} sebagai waifu dia seharga {1}!",
    "gambling_waifu_divorced_like": "Kamu telah menceraikan waifu yang menyukaimu. Kamu monster tanpa hati.\n{0} menerima {1} sebagai kompensasi.",
    "gambling_waifu_egomaniac": "Anda tidak bisa merubah afinitas ke diri sendiri, anda egois.",
    "gambling_waifu_fulfilled": "🎉 Cinta mereka dipenuhi! 🎉\nNilai {0} sekarang adalah {1}!",
    "gambling_waifu_isnt_cheap": "Tidak ada waifu semurah itu. Anda harus membayar setidaknya {0} untuk mendapatkan waifu, meskipun harga mereka lebih rendah.",
    "gambling_waifu_not_enough": "Anda harus membayar {0} atau lebih untuk mengklaim waifu tersebut!",
    "gambling_waifu_not_yours": "Waifu itu bukan milikmu.",
    "gambling_waifu_not_yourself": "Anda tidak bisa mengklaim diri sendiri.",
    "gambling_waifu_recent_divorce": "Anda baru saja bercerai. Anda harus menunggu {0} jam dan {1} menit untuk bercerai lagi.",
    "gambling_nobody": "Tidak seorangpun",
    "gambling_waifu_divorced_notlike": "Anda telah menceraikan waifu yang tidak menyukaimu. Anda menerima {0} kembali.",
    "games_8ball": "8ball",
    "games_acrophobia": "Acrophobia",
    "games_acro_ended_no_sub": "Permainan selesai tanpa pengajuan.",
    "games_acro_no_votes_cast": "Tidak ada pilihan dikirim. Permainan selesai tanpa adanya pemenang.",
    "games_acro_nym_was": "Akronim adalah {0}.",
    "games_acro_running": "Permainan Acrophobia sudah berlangsung di channel ini.",
    "games_acro_started": "Permainan dimulai. Buat sebuah kalimat dengan akronim berikut: {0}.",
    "games_acro_started_footer": "Anda memiliki {0} detik untuk mengirimkan pengajuan.",
    "games_acro_submit": "{0} mengirim kalimat mereka. (total {1})",
    "games_acro_vote": "Pilih dengan mengetik nomor dari pengajuan.",
    "games_acro_vote_cast": "{0} mengirimkan pilihan mereka!",
    "games_acro_winner": "Pemenangnya adalah {0} dengan {1} poin.",
    "games_acro_winner_only": "{0} adalah pemenang karena merupakan satu-satunya pengguna yang mengajukan submisi!",
    "games_question": "Pertanyaan",
    "games_submissions_closed": "Waktu pengajuan selesai.",
    "gambling_animal_race_already_started": "Animal Race telah berlangsung.",
    "gambling_total_average": "Total: {0} Rata - rata: {1}",
    "games_category": "Kategori",
    "games_cleverbot_disabled": "Cleverbot dinonaktifkan di server ini.",
    "games_cleverbot_enabled": "Cleverbot diaktifkan di server ini",
    "games_curgen_disabled": "Pembuatan mata uang telah dinonaktifkan di channel ini.",
    "games_curgen_enabled": "Pembuatan mata uang telah diaktifkan di channel ini.",
    "games_curgen_pl": "{0} acak {1} telah muncul!",
    "games_curgen_sn": "Sebuah {0} muncul!",
    "games_failed_loading_question": "Gagal memuat pertanyaan",
    "games_game_started": "Permainan dimulai",
    "games_hangman_game_started": "Permainan Hangman dimulai",
    "games_hangman_running": "Permainan Hangman telah berlangsung di channel ini",
    "games_hangman_start_errored": "Ada kesalahan saat memulai Hangman",
    "games_hangman_types": "Daftar dari \"{0}hangman\" tipe istilah:",
    "games_leaderboard": "Leaderboard",
    "games_not_enough": "Anda tidak punya cukup {0}",
    "games_no_results": "Tidak ada hasil",
    "games_picked": "memilih {0}",
    "games_planted": "{0} menanam {1}",
    "games_trivia_already_running": "Permainan trivia sedang berlangsung di server ini.",
    "games_trivia_game": "Permainan Trivia",
    "games_trivia_guess": "{0} menebaknya! Jawabannya adalah: {1}",
    "games_trivia_none": "Tidak ada trivia yang sedang berlangsung di server ini.",
    "games_trivia_points": "{0} memiliki {1} poin",
    "games_trivia_stopping": "Berhenti setelah pertanyaan ini.",
    "games_trivia_times_up": "Waktu habis! Jawaban yang benar adalah {0}",
    "games_trivia_win": "{0} berhasil menebaknya dan memenangkan permainan! Jawabannya adalah: {1}",
    "games_ttt_against_yourself": "Anda tidak bisa bermain melawan diri sendiri.",
    "games_ttt_already_running": "Permainan TicTacToe sedang berlangsung di channel ini.",
    "games_ttt_a_draw": "Sebuah seri!",
    "games_ttt_created": "telah membuat permainan TicTacToe.",
    "games_ttt_has_won": "{0} telah menang!",
    "games_ttt_matched_three": "Mendapat tiga.",
    "games_ttt_no_moves": "TIdak ada jalan tersisa!",
    "games_ttt_time_expired": "Waktu habis!",
    "games_ttt_users_move": "Giliran {0}",
    "games_vs": "{0} vs {1}",
    "music_attempting_to_queue": "Mencoba untuk mengantri {0} lagu...",
    "music_autoplay_disabled": "Autoplay dimatikan.",
    "music_autoplay_enabled": "Autoplay diaktifkan.",
    "music_defvol_set": "Volume awal di set ke {0}%",
    "music_dir_queue_complete": "Antrian direktori selesai.",
    "music_fairplay": "fairplay",
    "music_finished_song": "Lagu selesai",
    "music_fp_disabled": "Fair play dimatikan.",
    "music_fp_enabled": "Fair play diaktifkan.",
    "music_from_position": "Dari posisi",
    "music_id": "id",
    "music_invalid_input": "Input tidak valid.",
    "music_max_playtime_none": "Sekarang, waktu bermain maksimal tidak memiliki batas.",
    "music_max_playtime_set": "Batas waktu bermain di set ke {0} detik.",
    "music_max_queue_unlimited": "Antrian maks untuk musik di set ke tidak terbatas.",
    "music_max_queue_x": "Antrian maks untuk musik di set ke {0} lagu.",
    "music_must_be_in_voice": "Anda harus berada di dalam channel suara di server ini.",
    "music_name": "Nama",
    "music_now_playing": "Sekarang memutar",
    "music_no_player": "Tidak ada pemutar musik yang aktif.",
    "music_no_search_results": "Tidak ada hasil pencarian.",
    "music_paused": "Pemutaran musik berhenti sebentar.",
    "music_player_queue": "Antrian pemutar musik - Halaman {0}/{1}",
    "music_playing_song": "Memutar lagu",
    "music_playlists": "`#{0}` - **{1}** oleh *{2}* ({3} lagu)",
    "music_playlists_page": "Halaman {0} playlist yang tersimpan",
    "music_playlist_deleted": "Playlist dihapus",
    "music_playlist_delete_fail": "Gagal untuk menghapus playlist. Playlist tidak ditemukan, atau anda bukan pemilik playlist tersebut.",
    "music_playlist_id_not_found": "Playlist dengan ID tersebut tidak ditemukan.",
    "music_playlist_queue_complete": "Antrian playlist selesai.",
    "music_playlist_saved": "Playlist disimpan",
    "music_play_limit": "Batasan milik {0}",
    "music_queue": "Antrian",
    "music_queued_song": "Antrian lagu",
    "music_queue_cleared": "Antrian lagu dibersihkan",
    "music_queue_full": "Antrian penuh pada {0}/{0}.",
    "music_removed_song": "Menghapus lagu",
    "music_repeating_cur_song": "Mengulang lagu yang diputar saat ini",
    "music_repeating_playlist": "Mengulang playlist",
    "music_repeating_track": "Musik diulang",
    "music_repeating_track_stopped": "Pengulangan musik diberhentikan.",
    "music_resumed": "Pemutaran kembali lagu dilanjutkan.",
    "music_rpl_disabled": "Pengulangan playlist dibatalkan.",
    "music_rpl_enabled": "Pengulangan playlist diaktifkan",
    "music_set_music_channel": "Sekarang saya akan mengeluarkan lagu yang sedang diputar, yang telah diputar, yang dihentikan dan menghapus lagu-lagu di channel ini.",
    "music_skipped_to": "Lewat ke `{0}:{1}`",
    "music_song_moved": "Lagu dipindahkan",
    "music_time_format": "{0}jam {1}menit {2}detik",
    "music_to_position": "Pada posisi",
    "music_unlimited": "tidak terbatas",
    "music_volume_input_invalid": "Volume harus di antara 0 dan 100",
    "music_volume_set": "Volume diset pada {0}%",
    "permissions_acm_disable": "Menonaktifkan pemakaian dari SEMUA MODUL pada channel {0}.",
    "permissions_acm_enable": "Mengaktifkan pemakaian dari SEMUA MODUL pada channel {0}.",
    "permissions_allowed": "Diizinkan",
    "permissions_arm_disable": "Menonaktifkan pemakaian dari SEMUA MODUL untuk peran {0}.",
    "permissions_arm_enable": "Mengaktifkan pemakaian dari SEMUA MODUL untuk peran {0}.",
    "permissions_asm_disable": "Menonaktifkan pemakaian dari SEMUA MODUL di server ini.",
    "permissions_asm_enable": "Mengaktifkan pemakaian dari SEMUA MODUL di server ini.",
    "permissions_aum_disable": "Menonaktifkan pemakaian dari SEMUA MODUL untuk pengguna {0}.",
    "permissions_aum_enable": "Mengaktifkan pemakaian dari SEMUA MODUL untuk pengguna {0}.",
    "permissions_blacklisted": "Mendaftarhitamkan {0} dengan ID {1}",
    "permissions_cmdcd_add": "Perintah {0} sekarang memiliki jeda selama {1} detik.",
    "permissions_cmdcd_cleared": "Perintah {0} sekarang tidak memiliki jeda dan semua jeda yang ada telah dibersihkan.",
    "permissions_cmdcd_none": "Tidak ada perintah jeda yang ditentukan.",
    "permissions_command_costs": "Harga perintah",
    "permissions_cx_disable": "Menonaktifkan pemakaian pada {0} {1} pada channel {2}.",
    "permissions_cx_enable": "Mengaktifkan pemakaian pada {0} {1} pada channel {2}.",
    "permissions_denied": "Ditolak",
    "permissions_filter_word_add": "Menambahkan kata {0} pada daftar saringan kata.",
    "permissions_filter_word_list": "Daftar saringan kata-kata",
    "permissions_filter_word_remove": "Mencabut kata {0} dari daftar saringan kata-kata.",
    "permissions_invalid_second_param_between": "Parameter kedua salah (Harus nomor diantara {0} dan {1})",
    "permissions_invite_filter_channel_off": "Penyaringan undangan dinonaktifkan di channel ini.",
    "permissions_invite_filter_channel_on": "Penyaringan undangan diaktifkan di server ini.",
    "permissions_invite_filter_server_off": "Penyaringan undangan dinonaktifkan di server ini.",
    "permissions_invite_filter_server_on": "Penyaringan undangan diaktifkan di server ini.",
    "permissions_moved_permission": "Memindakan izin {0} dari #{1} kepada #{2}",
    "permissions_not_found": "Tidak dapat menemukan izin pada indeks #{0}",
    "permissions_no_costs": "Tidak ada biaya di set.",
    "permissions_of_command": "perintah",
    "permissions_of_module": "modul",
    "permissions_page": "Halaman perizinan {0}",
    "permissions_permrole": "Peran izin sekarang adalah {0}",
    "permissions_permrole_changed": "Pengguna memerlukan {0} peran untuk dapat merubah izin.",
    "permissions_perm_out_of_range": "Izin tidak ditemukan dalam indeks tersebut.",
    "permissions_removed": "Mencabut izin #{0} - {1}",
    "permissions_rx_disable": "Menonaktifkan pemakaian pada {0} {1} untuk peran {2}.",
    "permissions_rx_enable": "Mengaktifkan pemakaian pada {0} {1} untuk peran {2}.",
    "permissions_sec": "sec.",
    "permissions_sx_disable": "Menonaktifkan pemakaian dari {0} {1} pada server ini.",
    "permissions_sx_enable": "Mengaktifkan pemakaian dari {0} {1} pada server ini.",
    "permissions_unblacklisted": "Menghapus {0} dengan ID {1} dari daftar hitam",
    "permissions_uneditable": "tidak dapat diganti",
    "permissions_ux_disable": "Menonaktifkan pemakaian dari {0} {1} untuk {2} pengguna.",
    "permissions_ux_enable": "Mengaktifkan pemakaian dari {0} {1} untuk {2} pengguna.",
    "permissions_verbose_false": "Saya tidak akan lagi memperlihatkan izin peringatan.",
    "permissions_verbose_true": "Sekarang saya akan memperlihatkan izin peringatan.",
    "permissions_word_filter_channel_off": "Penyaringan kata pada channel ini dinonaktifkan.",
    "permissions_word_filter_channel_on": "Penyaringan kata pada channel ini diaktifkan.",
    "permissions_word_filter_server_off": "Penyaringan kata pada server ini dinonaktifkan.",
    "permissions_word_filter_server_on": "Penyaringan kata pada server ini diaktifkan.",
    "searches_abilities": "Kemampuan",
    "searches_anime_no_fav": "Belum ada anime favorit",
    "searches_atl_ad_started": "Memulai terjemahan otomatis dari pesan di channel ini. Pesan pengguna akan otomatis dihapus.",
    "searches_atl_removed": "Terjemahan bahasa otomatis anda telah dicabut.",
    "searches_atl_set": "Terjemahan bahasa otomatis anda telah diset pada {0}>{1}",
    "searches_atl_started": "Memulai terjemahan otomatis dari pesan-pesan di channel ini.",
    "searches_atl_stopped": "Menghentikan terjemahan otomatis dari pesan-pesan di channel ini.",
    "searches_bad_input_format": "Format input buruk, atau terjadi kesalahan.",
    "searches_card_not_found": "Tidak dapat menemukan kartu tersebut.",
    "searches_catfact": "fakta",
    "searches_chapters": "Bab",
    "searches_comic_number": "Komik #",
    "searches_compet_loses": "Kekalahan kompetitif",
    "searches_compet_played": "Kompetitif yang dimainkan",
    "searches_compet_rank": "Tingkat kompetitif",
    "searches_compet_wins": "Kemenangan kompetitif",
    "searches_completed": "Selesai",
    "searches_condition": "Kondisi",
    "searches_cost": "Biaya",
    "searches_date": "Tanggal",
    "searches_define": "Jelaskan:",
    "searches_dropped": "Terjatuh.",
    "searches_episodes": "Episode",
    "searches_error_occured": "Kesalahan terjadi.",
    "searches_example": "Contoh",
    "searches_failed_finding_anime": "Gagal menemukan animu tersebut",
    "searches_failed_finding_manga": "Gagal menemukan mango tersebut",
    "searches_genres": "Aliran",
    "searches_hashtag_error": "Gagal menemukan definisi dari label tersebut.",
    "searches_height_weight": "Tinggi/Berat",
    "searches_height_weight_val": "{0}m/{1}kg",
    "searches_humidity": "Kelembaban",
    "searches_image_search_for": "Pencarian gambar untuk:",
    "searches_imdb_fail": "Gagal untuk menemukan film tersebut.",
    "searches_invalid_lang": "Kesalahan sumber atau target bahasa.",
    "searches_jokes_not_loaded": "Candaan tidak dimuat.",
    "searches_latlong": "Lintang/Bujur",
    "searches_level": "Tingkat",
    "searches_list_of_place_tags": "Daftar dari {0}tempat yang ditandai",
    "searches_location": "Lokasi",
    "searches_magicitems_not_loaded": "Barang barang sihir tidak dimuat.",
    "searches_mal_profile": "Profil MAL {0}",
    "searches_mashape_api_missing": "Pemilik Bot tidak menentukan MashapeApiKey. Anda tidak dapat menggunakan fungsi ini.",
    "searches_min_max": "Min/Maks",
    "searches_no_channel_found": "Channel tidak ditemukan.",
    "searches_no_results": "Hasil tidak ditemukan.",
    "searches_on_hold": "Tertahan",
    "searches_original_url": "url asli",
    "searches_osu_api_key": "Sebuah osu! API key diperlukan.",
    "searches_osu_failed": "Gagal mengambil tanda osu!",
    "searches_over_x": "Ditemukan diantara {0} gambar. Memperlihatkan acak {0}.",
    "searches_ow_user_not_found": "Pengguna tidak ditemukan! Silahkan cek daerah dan BattleTag sebelum mencoba lagi.",
    "searches_plan_to_watch": "Rencana untuk menonton",
    "searches_platform": "Peron",
    "searches_pokemon_ability_none": "Kemampuan tidak ditemukan.",
    "searches_pokemon_none": "Pokemon tidak ditemukan.",
    "searches_profile_link": "Tautan profil:",
    "searches_quality": "Kualitas",
    "searches_quick_playtime": "Waktu bermain cepat",
    "searches_quick_wins": "Kemenangan cepat",
    "searches_rating": "Penilaian",
    "searches_score": "Skor:",
    "searches_search_for": "Pencarian untuk:",
    "searches_shorten_fail": "Gagal untuk mempersingkat url tersebut.",
    "searches_short_url": "Url pendek",
    "searches_something_went_wrong": "Ada sesuatu yang salah.",
    "searches_specify_search_params": "Harap menentukan parameter pencarian.",
    "searches_status": "Status",
    "searches_store_url": "Menyimpan url",
    "searches_streamer_offline": "Streamer {0} sedang offline.",
    "searches_streamer_online": "Streamer {0} online dengan {1} penonton.",
    "searches_streams_following": "Anda mengikuti {0} stream di server ini.",
    "searches_streams_none": "Anda tidak mengikuti stream di server ini.",
    "searches_stream_no": "Stream tidak ditemukan.",
    "searches_stream_not_exist": "Stream mungkin tidak ada.",
    "searches_stream_removed": "Menghilangkan {0} stream ({1}) dari notifikasi.",
    "searches_stream_tracked": "Saya akan memberitahu channel ini saat status berubah.",
    "searches_sunrise": "Matahari terbit",
    "searches_sunset": "Matahari terbenam",
    "searches_temperature": "Temperatur",
    "searches_title": "Judul:",
    "searches_top_3_fav_anime": "Top 3 favorit anime:",
    "searches_translation": "Terjemahan:",
    "searches_types": "Tipe",
    "searches_ud_error": "Gagal menemukan definisi untuk istilah tersebut",
    "searches_url": "Url",
    "searches_viewers": "Penonton",
    "searches_watching": "Menonton",
    "searches_wikia_error": "Gagal menemukan istilah tersebut dalam wikia yang ditentukan.",
    "searches_wikia_input_error": "Harap memasukkan target wikia, diikuti dengan pertanyaan pencarian.",
    "searches_wiki_page_not_found": "Halaman tidak ditemukan.",
    "searches_wind_speed": "Kecepatan angin",
    "searches_x_most_banned_champs": "{0} champion paling sering di ban",
    "searches_yodify_error": "Gagal menyodifikasi kalimat anda.",
    "utiliity_joined": "Bergabung",
    "utility_activity_line": "`{0}.` {1} [{2:F2}/s] - {3} total",
    "utility_activity_page": "Halaman aktifitas #{0}",
    "utility_activity_users_total": "{0} total pengguna.",
    "utility_author": "Penulis",
    "utility_botid": "ID Bot",
    "utility_calcops": "Daftar fungsi di perintah {0}calc",
    "utility_channelid": "{0} dari channel ini adalah {1}",
    "utility_channel_topic": "Topik channel",
    "utility_commands_ran": "Perintah dijalankan",
    "utility_convert": "{0} {1} sama dengan {2} {3}",
    "utility_convertlist": "Satuan yang dapat digunakan oleh converter",
    "utility_convert_not_found": "Tidak bisa mengubah {0} menjadi {1}: satuan tidak ditemukan",
    "utility_convert_type_error": "Tidak dapat mengubah {0} ke {1}: tipe untuk tidak sama",
    "utility_created_at": "Dibuat di",
    "utility_custom_emojis": "emoji kustom",
    "utility_error": "Kesalahan",
    "utility_features": "Ciri - ciri",
    "utility_id": "ID",
    "utility_index_out_of_range": "Indeks di luar jarak.",
    "utility_inrole_list": "Daftar pengguna pada peran {0}",
    "utility_inrole_not_allowed": "Anda tidak diizinkan untuk menggunakan perintah ini pada peran dengan banyak pengguna di dalamnya untuk mencegah penyalahgunaan.",
    "utility_invalid_value": "Nilai {0} salah.",
    "utility_joined_discord": "Bergabung Discord",
    "utility_joined_server": "Bergabung server",
    "utility_listservers": "ID: {0}\nAnggota: {1}\nID Pemilik: {2}",
    "utility_listservers_none": "Server tidak ditemukan di halaman tersebut.",
    "utility_list_of_repeaters": "Daftar dari pengulangan",
    "utility_members": "Anggota",
    "utility_memory": "Memori",
    "utility_messages": "Pesan",
    "utility_message_repeater": "Pengulang pesan",
    "utility_name": "Nama",
    "utility_nickname": "Nama panggilan",
    "utility_nobody_playing_game": "Tidak seorangpun memainkan game tersebut",
    "utility_no_active_repeaters": "Tidak ada pengulangan aktif.",
    "utility_no_roles_on_page": "Tidak ada peran di halaman ini.",
    "utility_no_shards_on_page": "Tidak ada pecahan di halaman ini.",
    "utility_no_topic_set": "Tidak ada topik yang ditentukan",
    "utility_owner": "Pemilik",
    "utility_owner_ids": "IDs pemilik",
    "utility_presence": "Kehadiran",
    "utility_presence_txt": "{0} Servers\n{1} Channel Teks\n{2} Channel Suara",
    "utility_quotes_deleted": "Menghapus semua kutipan dengan {0} kata kunci.",
    "utility_quotes_page": "Halaman {0} dari kutipan",
    "utility_quotes_page_none": "Tidak ada kutipan pada halaman ini.",
    "utility_quotes_remove_none": "Tidak ditemukan kutipan yang dapat anda hapus.",
    "utility_quote_added": "Kutipan ditambahkan",
    "utility_quote_deleted": "Kutipan #{0} dihapus.",
    "utility_region": "Wilayah",
    "utility_registered_on": "Terdaftar pada",
    "utility_remind": "Saya akan mengigatakn {0} untuk {1} dalam {2} '({3:d:M.yyyy.} saat {4:HH:mm}",
    "utility_remind_invalid_format": "Bukan format waktu yang benar. Silakan periksa daftar perintah.",
    "utility_remind_template": "Template mengingatkan baru disetel.",
    "utility_repeater": "Mengulang {0} setiap {1} hari, {2} jam dan {3} menit.",
    "utility_repeaters_list": "Daftar pemutaran.",
    "utility_repeaters_none": "Tidak ada pemutaran di server ini.",
    "utility_repeater_stopped": "#{0} berhenti.",
    "utility_repeat_invoke_none": "Tidak ada pesan mengulang ditemukan di server ini.",
    "utility_result": "Hasil",
    "utility_roles": "Peran",
    "utility_roles_all_page": "Halaman #{0} dari semua peran di server ini:",
    "utility_roles_page": "Halaman #{0} dari peran untuk {1}",
    "utility_rrc_no_colors": "Tidak ada warna di format benar. Gunakan '#00ff00' sebagai contoh.",
    "utility_rrc_start": "Memulai pemutaran di peran {0}.",
    "utility_rrc_stop": "Memberhentikan warna memutar untuk peran {0}",
    "utility_serverid": "{0} pada server ini adalah {1}",
    "utility_server_info": "Info server",
    "utility_shard": "Pecahan",
    "utility_shard_stats": "Statistik pecahan",
    "utility_shard_stats_txt": "Pecahan **#{0}** sedang di dalam keadaan {1} di {2} server.",
    "utility_showemojis": "**Nama:** {0} **Tautan:** {1}",
    "utility_showemojis_none": "Emojis khusus tidak ditemukan.",
    "utility_stats_songs": "Memainkan {0} lagu, {1} menunggu",
    "utility_text_channels": "Channel teks",
    "utility_togtub_room_link": "Ini adalah tautan untuk ruangan anda:",
    "utility_uptime": "Uptime",
    "utility_userid": "{0} dari pengguna {1} adalah {2}",
    "utility_users": "Pengguna",
    "utility_voice_channels": "Channel suara",
    "gambling_animal_race_already_in": "Anda telah bergabung pada perlombaan ini!",
    "games_current_poll_results": "Hasil pemilihan saat ini",
    "games_no_votes_cast": "Tidak ada suara terkirim.",
    "games_poll_already_running": "Pemilihan telah dimulai di server ini.",
    "games_poll_created": "📃 {0} telah membuat pemilihan yang memerlukan perhatian anda:",
    "games_poll_result": "'{0}.' {1} dengan {2} suara.",
    "games_poll_voted": "{0} memilih.",
    "games_poll_vote_private": "Kirim saya pesan pribadi dengan angka yang sesuai dari jawaban.",
    "games_poll_vote_public": "Kirim pesan dengan menggunakan nomor dari jawaban.",
    "games_thanks_for_voting": "Terima kasih telah memilih, {0}",
    "games_x_votes_cast": "{0} total suara dikirim.",
    "games_pick_pl": "Mengambil barang tersebut dengan mengetik `{0}ambil`",
    "games_pick_sn": "Ambil dengan mengetik '{0}pick'",
    "gambling_no_users_found": "Pengguna tidak ditemukan.",
    "gambling_page": "halaman {0}",
    "administration_must_be_in_voice": "Anda harus berada pada channel suara di server ini.",
    "administration_no_vcroles": "Tidak ada peran untuk saluran suara.",
    "administration_user_muted_time": "{0} telah **dibisukan** dari teks dan saluran suara selama {1} menit.",
    "administration_vcrole_added": "Pengguna yang bergabung {0} channel suara akan mendapatkan peran {1}.",
    "administration_vcrole_removed": "Pengguna yang bergabung {0} channel suara tidak lagi mendapatkan peran.",
    "administration_vc_role_list": "Peran channel suara",
    "customreactions_crad_disabled": "Mereaksi reaksi kustom menggunakan pesan dengan id {0} tidak akan dihapus secara otomatis.",
    "customreactions_crad_enabled": "Mereaksikan reaksi kustom menggunakan pesan dengan id {0} akan dihapus secara otomatis.",
    "customreactions_crdm_disabled": "Pesan respon untuk reaksi kustom dengan id {0} tidak akan dikirim sebagai DM.",
    "customreactions_crdm_enabled": "Pesan respon untuk reaksi kustom dengan id {0} akan dikirim sebagai DM.",
    "utility_aliases_none": "Alias tidak ditemukan",
    "utility_alias_added": "Mengetik {0} sekarang akan menjadi alias dari {1}.",
    "utility_alias_list": "Daftar alias",
    "utility_alias_removed": "Perintah {0} sekarang tidak memiliki alias.",
    "utility_alias_remove_fail": "Perintah {0} tidak mempunyai alias.",
    "searches_compet_playtime": "Waktu bermain kompetitif",
    "administration_channel": "Saluran",
    "administration_command_text": "Teks perintah",
    "administration_kicked_pl": "Ditendang",
    "administration_moderator": "Moderator",
    "administration_page": "Halaman {0}",
    "administration_reason": "Alasan",
    "administration_scadd": "Perintah startup ditambahkan.",
    "administration_scrm": "Penghilangan perintah startup sukses.",
    "administration_scrm_fail": "Perintah startup tidak ditemukan.",
    "administration_server": "Server",
    "administration_startcmdlist_none": "Tidak ada perintah startup dihalaman ini.",
    "administration_startcmds_cleared": "Membersihkan semua perintah startup.",
    "administration_unbanned_user": "Pengguna {0} telah dinonlarangkan.",
    "administration_user_not_found": "Pengguna tidak ditemukan",
    "administration_user_warned": "Pengguna {0} telah diperingatkan.",
    "administration_user_warned_and_punished": "Pengguna {0} telah diperingatkan dan hukuman {1} diberikan.",
    "administration_warned_on": "Diperingatkan di server {0}",
    "administration_warned_on_by": "Di {0} saat {1} oleh {2}",
    "administration_warnings_cleared": "Semua peringatan telah dibersihkan untuk {0}.",
    "administration_warnings_none": "Tidak ada peringatan dihalaman ini.",
    "administration_warnlog_for": "Berkas peringatan untuk {0}",
    "administration_warnpl_none": "Tidak ada hukuman ditetapkan.",
    "administration_warn_cleared_by": "Dibersihkan oleh {0}",
    "administration_warn_punish_list": "Daftar peringatan hukum",
    "administration_warn_punish_rem": "Mempunyai {0} peringatan tidak akan memulai hukuman.",
    "administration_warn_punish_set": "Saya akan menambahkan hukuman {0} untuk pengguna dengan {1} peringatan.",
    "administration_slowmodewl_role_start": "Slowmode akan mengabaikan peran {0}.",
    "administration_slowmodewl_role_stop": "Slowmode tidak akan lagi mengabaikan peran {0}",
    "administration_slowmodewl_user_start": "Slowmode akan mengabaikan pengguna {0}",
    "administration_slowmodewl_user_stop": "Slowmode tidak akan lagi mengabaikan pengguna {0}.",
    "utility_clpa_fail": "Gagal untuk mengambil hadiah karena salah satu dari alasan ini:",
    "utility_clpa_fail_already": "Mungkin anda telah mendapatkan hadiah anda untuk bulan ini. Anda hanya bisa mendapatkan hadiah sekali sebulan kecuali anda menambahkan jumlah janji anda.",
    "utility_clpa_fail_already_title": "Telah dihadiahkan",
    "utility_clpa_fail_conn": "Akun DIscord anda mungkin tidak terkoneksi ke Patreon. Jika anda tidak yakin artinya, atau tidak tahu cara menghubungkannya ` anda harus pergi ke [Halaman pengaturan akun Patreon] (https://patreon.com/settings/account) dan menekan tombol 'Connect to Discord'.",
    "utility_clpa_fail_conn_title": "Akun Discord tidak terhubung",
    "utility_clpa_fail_sup": "Untuk berhak mendapatkan hadiah, anda harus mendukung  proyek di Patreon. Anda dapat menggunakan perintah {0} untuk mendapatkan link nya.",
    "utility_clpa_fail_sup_title": "Tidak mendukung.",
    "utility_clpa_fail_wait": "Anda harus menunggu beberapa jam setelah memohon, jika anda tidak, cobalah nanti lagi.",
    "utility_clpa_fail_wait_title": "Tunggulah sebentar.",
    "utility_clpa_success": "Anda telah menerima {0}. Terima kasih untuk mendukung proyek ini!",
    "utility_clpa_too_early": "Hadiah bisa diambil saat atau setelah tanggal 5 dari setiap bulan.",
    "searches_time": "Waktu di {0} adalah {1} - {2}",
    "administration_rh": "Tersetel gambaran peran guild {0} ke {1}.",
    "gambling_name": "Nama",
    "gambling_shop": "Toko",
    "gambling_shop_item_add": "Barang toko ditambahkan",
    "gambling_shop_none": "Tidak ada barang toko ditemukan di halaman ini.",
    "gambling_shop_role": "Anda akan mendapat peran {0}",
    "gambling_type": "Tipe",
    "utility_clpa_next_update": "Update selanjutnya dalam {0}",
    "administration_gvc_disabled": "Fitur channel suara permainan telah dinonaktifkan di server ini. ",
    "administration_gvc_enabled": "{0} sekarang adalah saluran suara permainan.",
    "administration_not_in_voice": "Anda tidak ada di saluran suara server ini.",
    "gambling_item": "Barang",
    "gambling_out_of_stock": "Stok habis.",
    "gambling_random_unique_item": "Barang unik acak.",
    "gambling_shop_buy_error": "Error saat memberikan barang. Dana telah dikembalikan.",
    "gambling_shop_item_not_found": "Tidak ada barang ditemukan pada indeks tersebut.",
    "gambling_shop_item_purchase": "Pembelian barang berhasil",
    "gambling_shop_item_rm": "Barang toko dihilangkan",
    "gambling_shop_item_wrong_type": "Toko itu tidak mendukung penambahan barang.",
    "gambling_shop_list_item_added": "Barang berhasil ditambahkan.",
    "gambling_shop_list_item_not_unique": "Barang itu sudah ditambahkan.",
    "gambling_shop_purchase": "Pembelian di {0} server",
    "gambling_shop_role_not_found": "Peran yang dijual tidak ada lagi.",
    "gambling_shop_role_purchase": "Anda telah berhasil membeli {0} peran.",
    "gambling_shop_role_purchase_error": "Error saat menambahkan peran. Pembelian anda telah dikembalikan.",
    "gambling_unique_items_left": "{0} barang unik tersisa.",
    "permissions_blocked_commands": "Perintah yang dilarang",
    "permissions_blocked_modules": "Modul yang dilarang",
    "permissions_gcmd_add": "Perintah {0} telah dinonaktifkan di semua server.",
    "permissions_gcmd_remove": "Perintah {0} telah diaktifkan di semua server.",
    "permissions_gmod_add": "Modul {0} telah dinonaktifkan di semua server.",
    "permissions_gmod_remove": "Modul {0} telah diaktifkan di semua server.",
    "permissions_lgp_none": "Tidak ada modul atau perintah yang di larang.",
    "gambling_animal_race_no_race": "Balapan hewan ini penuh!",
    "utility_cant_read_or_send": "Anda tidak bisa membaca atau mengirim ke channel itu.",
    "utility_quotes_notfound": "Tidak ada kutipan cocok dengan ID kutipan yang ditentukan.",
    "administration_prefix_current": "Awalan di server in adalah {0}",
    "administration_prefix_new": "Awalan di server ini diubah dari {0} ke {1}",
    "administration_defprefix_current": "Awalan default adalah {0}",
    "administration_defprefix_new": "Awalan default bot diubah dari {0} ke {1}",
    "administration_bot_nick": "Nama panggilan bot diubah menjadi {0}",
    "administration_user_nick": "Nama panggilan pengguna diubah dari {0} menjadi {1}.",
    "administration_timezone_guild": "Timezone untuk kelompok ini adalah '{0}'",
    "administration_timezone_not_found": "Timezone tidak ditemukan. Gunakan perintah \"timezones\" untuk melihat daftar timezone yang tersedia.",
    "administration_timezones_available": "Timezone yang tersedia",
    "music_song_not_found": "Lagu tidak ditemukan.",
    "searches_define_unknown": "Tidak dapat menemukan definisi dari istilah itu.",
    "utility_repeater_initial": "Awal pesan mengulang akan dikirim dalam {0}h dan {1} menit lagi.",
    "utility_verbose_errors_enabled": "Perintah salah akan sekarang menunjukkan error.",
    "utility_verbose_errors_disabled": "Perintah salah tidak akan menunukkan error.",
    "permissions_perms_reset": "Ijin untuk server telah direset.",
    "permissions_trigger": "Ijin nomor #{0} {1} sedang memberhentikan aksi ini.",
    "administration_migration_error": "Error saat memindah, cek konsol bot untuk informasi selanjutnya.",
    "searches_hex_invalid": "Warna yang dipilih tidak sah.",
    "permissions_global_perms_reset": "Ijin global telah direset.",
    "help_module": "Modul : {0}",
    "games_hangman_stopped": "Permainan Hangman diberhentikan.",
    "music_autoplaying": "Bermain Otomatis.",
    "music_queue_stopped": "Pemain diberhentikan. Gunakan perintah{0} untuk menyalakan.",
    "music_removed_song_error": "Lagu di indeks itu tidak ada.",
    "music_shuffling_playlist": "Mengacak lagu - lagu.",
    "music_songs_shuffle_enable": "Lagu - lagu akan teracak mulai sekarang.",
    "music_songs_shuffle_disable": "Lagu - lagu tidak akan teracak.",
    "music_song_skips_after": "Lagu - lagu akan melompat setelah {0}",
    "administration_warnings_list": "Daftar pengguna yang diperingatkan.",
    "customreactions_redacted_too_long": "Dikurangi karena terlalu panjang.",
    "nsfw_blacklisted_tag_list": "Daftar label yang dilarang",
    "nsfw_blacklisted_tag": "Satu atau lebih tag yang anda gunakan telah diblokir",
    "nsfw_blacklisted_tag_add": "tag NSFW {0} sudah dimasukkan blacklist.",
    "nsfw_blacklisted_tag_remove": "tag NSFW {0} sudah tidak di blacklist.",
    "gambling_waifu_gift": "Hadiah {0} telah diberikan ke {1}",
    "gambling_waifu_gift_shop": "Toko hadiah waifu",
    "gambling_gifts": "Hadiah",
    "games_connect4_created": "Telah dibuat permainan Connect4. Menunggu pemain untuk bergabung",
    "games_connect4_player_to_move": "Pemain yang akan bermain: {0}",
    "games_connect4_failed_to_start": "Permainan Connect4 gagal dimulai karena tidak ada yang bergabung",
    "games_connect4_draw": "Permainan Connect4 berakhir dengan hasil seri",
    "games_connect4_won": "{0} memenangkan permainan Connect4 melawan {1}",
    "games_nunchi_joined": "Masuk permainan nunchi. {0} pengguna bermain sejauh ini.",
    "games_nunchi_ended": "Permainan Nunchi selesai. {0} menang",
    "games_nunchi_ended_no_winner": "Permainan Nunchi selesai tanpa pemenang",
    "games_nunchi_started": "Permainan Nunchi dimulai dengan {0} pemain.",
    "games_nunchi_round_ended": "Ronde nunchi selesai. {0} telah dikeluarkan dari permainan",
    "games_nunchi_round_ended_boot": "Ronde Nunchi berhenti karena kehabisan waktu. Pengguna yang masih di dalam permainan {0}",
    "games_nunchi_round_started": "Ronde Nunchi dimulai dengan {0} pengguna. Memulai menghitung dari nomor {1}.",
    "games_nunchi_next_number": "Nomor terdaftar. Nomor terakhir adalah {0}.",
    "games_nunchi_failed_to_start": "Nunchi gagal dimulai karena pemain tidak mencukupi",
    "games_nunchi_created": "Permainan Nunchi telah dibuat. menunggu pemain untuk bergabung",
    "music_sad_enabled": "Lagu akan di hapus dari antrian musik setelah selesai dimainkan",
    "music_sad_disabled": "Lagu akan tidak di hapus dari antrian musik setelah selesai dimainkan",
    "utility_stream_role_enabled": "Saat pengguna dari peran {0} memulai streaming, saya akan memberikan mereka peran {1}.",
    "utility_stream_role_disabled": "Fitur role stream telah dimatikan.",
    "utility_stream_role_kw_set": "Streamer membutuhkan kata kunci {0} untuk mendapatkan role.",
    "utility_stream_role_kw_reset": "Kata kunci untuk stream role telah di setel ulang.",
    "utility_stream_role_bl_add": "Pengguna {0} tidak akan pernah mendapatkan peran stream.",
    "utility_stream_role_bl_add_fail": "Pengguna {0} sudah dimasukkan blacklist.",
    "utility_stream_role_bl_rem": "Pengguna {0} sudah tidak di blacklist.",
    "utility_stream_role_bl_rem_fail": "Pengguna {0} tidak di blacklist.",
    "utility_stream_role_wl_add": "Pengguna {0} akan mendapatkan peran stream bahkan jika mereka tidak memiliki kata kunci di judul stream.",
    "utility_stream_role_wl_add_fail": "Pengguna {0} sudah di whitelist.",
    "utility_stream_role_wl_rem": "Pengguna {0} sudah tidak di whitelist.",
    "utility_stream_role_wl_rem_fail": "Pengguna {0} tidak di whitelist.",
    "utility_bot_config_edit_fail": "Gagal mengatur {0} menjadi {1}",
    "utility_bot_config_edit_success": "Nilai dari {0} dirubah menjadi {1}.",
    "customreactions_crca_disabled": "Reaksi kustom dengan id {0} tidak akan dilakukan kecuali kata pemicunya ada di awal kalimat.",
    "customreactions_crca_enabled": "Reaksi kustom dengan id {0} akan mulai jika ada dibagian manapun di sebuah kalimat.",
    "xp_server_level": "Level Server",
    "xp_level": "Level",
    "xp_club": "Klub",
    "xp_xp": "Pengalaman",
    "xp_excluded": "{0} sudah dikeluarkan dari sistem XP di server ini.",
    "xp_not_excluded": "{0} sudah tidak dikeluarkan dari sistem XP di server ini.",
    "xp_exclusion_list": "Daftar pengecualian",
    "xp_server_is_excluded": "Server ini dikecualikan",
    "xp_server_is_not_excluded": "Server ini tidak dikecualikan.",
    "xp_excluded_roles": "Peran yang dikecualikan",
    "xp_excluded_channels": "Saluran yang dikecualikan",
    "xp_level_up_channel": "Selamat {0}, Anda telah mencapai level {1}!",
    "xp_level_up_dm": "Selamat {0}, Anda telah mencapai level {1} dalam server {2}",
    "xp_level_up_global": "Selamat {0}, anda telah mencapai level global {1}!",
    "xp_role_reward_cleared": "Level {0} tidak akan mendapat role apapun.",
    "xp_role_reward_added": "Pengguna yang telah mencapai level {0} akan mendapat role {1}.",
    "xp_level_x": "Level {0}",
    "xp_server_leaderboard": "Peringkat XP Server",
    "xp_global_leaderboard": "Peringkat XP Global",
    "xp_modified": "XP Server dari user {0} telah dimodifikasi oleh {1}",
    "xp_club_create_error": "Gagal membuat klub. Pastikan level anda berada di atas level 5 dan belum menjadi member dari klub apapun.",
    "xp_club_created": "klub {0} berhasil terbuat",
    "xp_club_not_exists": "klub tersebut tidak ada",
    "xp_club_applied": "Anda telah melamar untuk menjadi member di klub {0}.",
    "xp_club_apply_error": "Galat ketika melamar. Antara anda sudah menjadi member dari sebuah klub, atau anda tidak memenuhi syarat level minimum, atau anda telah diblokir dari klub ini.",
    "xp_club_accepted": "Pengguna {0} telah diterima ke dalam klub.",
    "xp_club_accept_error": "Pengguna tidak ditemukan",
    "xp_club_left": "Anda telah meninggalkan klub",
    "xp_club_not_in_club": "Anda tidak berada di dalam sebuah klub, atau anda mencoba untuk keluar dari klub yang anda miliki.",
    "xp_club_user_kick": "Pengguna {0} telah ditendang dari klub {1}.",
    "xp_club_user_kick_fail": "Galat ketika menendang. Antara anda bukan pemilik klub, atau pengguna tersebut tidak termasuk ke dalam klub anda.",
    "xp_club_user_banned": "Pengguna {0} dilarang dari klub {1}.",
    "xp_club_user_ban_fail": "Gagal untuk melarang. Anda antara bukan pemilik klub, atau pengguna itu tidak di klub anda atau mengaplikasikan diri ke itu.",
    "xp_club_user_unbanned": "Sudah tidak melarang pengguna {0} di klub {1}.",
    "xp_club_user_unban_fail": "Gagal untuk tidak melarang. Anda antara bukan pemilik klub, atau pengguna itu tidak di klub anda atau mengaplikasikan diri ke itu.",
    "xp_club_level_req_changed": "Syarat level klub telah diubah ke {0}",
    "xp_club_level_req_change_error": "Gagal mengubah syarat level.",
    "xp_club_disbanded": "Klub {0} telah dibubarkan",
    "xp_club_disband_error": "Galat. Antara anda bukan bagian dari sebuah klub, atau anda bukan pemilik dari klub anda.",
    "xp_club_icon_error": "URL gambar tidak valid atau anda bukan pemilik klub.",
    "xp_club_icon_set": "ikon klub baru ditetapkan.",
    "xp_club_bans_for": "Pengguna yang dilarang untuk klub {1}",
    "xp_club_apps_for": "Pelamar untuk klub {0}",
    "xp_club_leaderboard": "Papan peringkat - halaman {0}",
    "customreactions_edited_cust_react": "Reaksi Kustom telah diubah",
    "administration_self_assign_are_exclusive": "Anda hanya bisa memilih 1 role dari tiap grup",
    "administration_self_assign_are_not_exclusive": "Anda bisa memilih berbagai role dari grup manapun",
    "administration_self_assign_group": "Grup {0}",
    "gambling_reaction_desc": "Tambah reaksi {0} ke pesan ini untuk mendapatkan {1} ",
    "gambling_reaction_footer": "Event ini aktif selama {0} jam.",
    "gambling_reaction_title": "Event reaksi dimulai!",
    "administration_no_shards_on_page": "Tidak ada shard di laman ini.",
    "administration_shard_stats": "Statistik shard",
    "administration_shard_stats_txt": "Shard **#{0}** berada dalam status {1} dengan {2} server - {3} yang lalu",
    "games_poll_closed": "Poll Ditutup!",
    "xp_club_not_exists_owner": "Anda bukan pemilik atau admin klub ini.",
    "xp_club_admin_add": "{0} sekarang adalah seorang admin klub.",
    "xp_club_admin_remove": "{0} bukan lagi seorang admin klub.",
    "xp_club_admin_error": "Galat. Antara anda bukan pemilik klub, atau pengguna tersebut tidak berada di dalam klub anda.",
    "nsfw_started": "Dimulai. Repost setiap {0}dtk.",
    "nsfw_stopped": "Repost dihentikan.",
    "searches_feed_added": "Feed ditambahkan.",
    "searches_feed_not_valid": "Link invalid, atau anda sudah mengikuti feed tersebut di server ini, atau anda sudah mencapai jumlah feed maksimum yang dibolehkan.",
    "searches_feed_out_of_range": "Index di luar batas.",
    "searches_feed_removed": "Feed dibuang",
    "searches_feed_no_feed": "Anda belum melanggani feed apapun di server ini.",
    "administration_restart_fail": "Anda harus menyiapkan RestartCommand di credentials.json anda",
    "administration_restarting": "Memulai ulang.",
    "customreactions_edit_fail": "Reaksi kustom dengan ID tersebut tidak ada.",
    "searches_streaming": "Streaming",
    "searches_followers": "Pengikut",
    "gambling_rafflecur": "{0} Kurs Undian",
    "gambling_rafflecur_joined": "Pengguna {0} telah mengikuti undian",
    "gambling_rafflecur_already_joined": "Anda sudah ikut undian ini atau angka yang anda masukkan tidak benar.",
    "gambling_rafflecur_ended": "Undian {0} telah selesai. {1} memenangi hadiah {2}!",
    "music_autodc_enable": "Saya akan keluar dari channel suara ketika tidak ada lagu yang akan diputar.",
    "music_autodc_disable": "Saya tidak akan keluar dari channel suara ketika tidak ada lagu yang akan diputar.",
    "gambling_timely_none": "Pemilik bot tidak mengspesifikasikan hadiah berwaktu.",
    "gambling_timely_already_claimed": "Anda sudah mengklaim hadiah berwaktu anda. Anda bisa mendapatkannya lagi dalam {0}.",
    "gambling_timely": "Anda mengklaim {0} anda. Anda bisa mengklaim lagi dalam {1}j",
    "gambling_timely_set": "Pengguna bisa mengklaim {0} setiap {1}j",
    "gambling_timely_set_none": "Pengguna tidak akan bisa mengklaim kurs berwaktu apapun.",
    "gambling_timely_reset": "Semua pengguna bisa mengklaim kurs berwaktu lagi.",
    "gambling_waifu_transfer_fail": "Antara anda bukan pemilik waifu tersebut, atau anda tidak bisa membelinya. Bisa juga masukan anda tidak benar.",
    "gambling_waifu_transfer_success": "Klaim dari {0} telah dipindahkan dari {1} ke {2}",
    "searches_authors": "Pembuat",
    "administration_sql_confirm_exec": "Konfirmasi eksekusi dari perintah SQL berikut",
    "searches_price": "Harga",
    "searches_market_cap": "Batas Pasar",
    "searches_volume_24h": "Volume (24j)",
    "searches_change_7d_24h": "Perubahan (7h/24j)",
    "searches_crypto_not_found": "Kurs digital dengan nama tersebut tidak ditemukan.",
    "searches_did_you_mean": "Apakah maksud anda {0}?",
    "administration_self_assign_level_req": "Role pasang-sendiri {0} sekarang membutuhkan setidaknya level server {1}.",
    "administration_self_assign_not_level": "Role pasang-sendiri tersebut membutuhkan minimal level server {0}.",
    "administration_invalid": "Tidak valid / Tidak ditemukan ({0})",
    "administration_mass_kill_in_progress": "Blokir Masal dan Mendaftarhitamkan sejumlah {0} pengguna sedang dalam proses...",
    "administration_mass_kill_completed": "Blokir Masal dan Mendaftarhitamkan sejumlah {0} pengguna selesai.",
    "xp_cur_reward_cleared": "Mencapai level {0} tidak akan lagi memberikan {1}.",
    "xp_cur_reward_added": "Pengguna yang meraih level {0} akan mendapatkan {1}.",
    "xp_level_up_rewards": "Hadiah naik level",
    "xp_role_reward": "Peran {0}",
    "xp_no_level_up_rewards": "TIdak ada hadiah naik level di halaman ini.",
    "searches_failed_finding_novel": "Tidak dapat menemukan nove itu. Psatikan anda telah menulis nama lengkap yang sama, dan ada di novelupdates.com",
    "administraton_remove_roles": "telah mengapus peran mereka",
    "administration_delmsg_channel_off": "Saya tidak akan menghapus pesan yang mengeksekusi perintah di channel ini.",
    "administration_delmsg_channel_on": "Saya akan selalu menghapus pesan yang mengeksekusi perintah di channel ini, tidak peduli tentang setting server",
    "administration_delmsg_channel_inherit": "saya akan secara otomatis menghapus pesan yang berhasil menjalankan perintah dalam channel ini hanya jika fitur ini dinyalakan dalam server",
    "administration_server_delmsgoncmd": "pengaturan server",
    "administration_channel_delmsgoncmd": "settingan spesifik channel",
    "help_options": "Opsi",
    "gambling_waifu_reset": "status waifumu telah direset.",
    "gambling_waifu_reset_fail": "gagal mereset status waifu. pastikan anda mempunyai uang yang cukup.",
    "gambling_waifu_reset_confirm": "Ini akan mereset status waifumu",
    "gambling_cost": "tindakan ini akan mengenakan biaya sebesar {0}",
    "music_unset_music_channel": "Saya akan mengeluarkan lagu - lagu playing,finished, paused dan removed di channel musik dimulai.",
    "searches_city_not_found": "kota tidak ditemukan",
    "administration_joined_discord": "bergabung discord",
    "administration_joined_server": "Bergabung server",
    "administration_bot_config_reloaded": "konfigurasi bot sudah baru.",
    "xp_club_transfered": "Kepemilikan klub {0} telah ditransfer kepada {1}",
    "xp_club_transfer_failed": "Transfer gagal. anda harus harus menjadi pemilik klub. Target harus menjadi anggota dari klub mu",
    "gambling_roll_duel_challenge": "telah menantang {1} untuk tanding roll untuk {2}",
    "gambling_roll_duel": "Tanding Roll",
    "gambling_roll_duel_no_funds": "diantara anda atau musuh anda tidak memiliki dana yang cukup",
    "gambling_roll_duel_timeout": "Tanding roll tidak diterima",
    "gambling_roll_duel_already_challenged": "Pengguna itu sudah menantang anda ke tanding roll",
    "gambling_won": "Menang",
    "gambling_transactions": "Transaksi pengguna: {0}",
    "gambling_rps_draw": "Seri! ",
    "gambling_rps_win": "{0} menang! {1} mengalahkan {2}",
    "utility_roleid": "{0} dari peran {1} adalah {2}",
    "administration_warning_clear_fail": "Peringaatn tidak dibersihkan. Antara peringatan dari indeks itu tidak ada, atau sudah dibersihkan.",
    "administration_warning_cleared": "Peringatan {0} sudah dibersihkan untuk {1}.",
    "xp_club_desc_updated": "deskripsi klub dirubah menjadi {0}",
    "xp_club_desc_update_failed": "Gagal mengubah deskripsi klub",
    "searches_account_not_found": "Akun itu tidak ada atau dirubah menjadi privat.",
    "searches_ninja_not_found": "Mata uang dengan nama itu tidak ditemukan atau nama liga tidak sah yang diberikan.",
    "searches_leagues_not_found": "Gagal menerima data dari API Path of Exile",
    "searches_pog_not_found": "Gagal menerima data dari Wiki Path of Exile atau barang tidak sah.",
    "administration_reaction_roles_message": "**peran:** {0}\n**Content:** {1}",
    "administration_no_reaction_roles": "Tidak ada fitur ReactionRole dinyalakan di server ini.",
    "administration_reaction_role_removed": "Pesan ReactionRole dihapus #{0}",
    "administration_reaction_roles_full": "Anda telah mencapai batas untuk pesan ReactionRole. Anda harus mengahpus beberapa.",
    "utility_reminder_list": "Daftar Reminder",
    "utility_reminder_deleted": "Pengingat #{0} telah dihapus.",
    "utility_reminder_not_exist": "Pengingat di indeks itu tidak ada",
    "utility_reminders_none": "Tidak ada pengingat di halaman ini.",
    "gambling_bj_created": "Telah membuat permain BlackJack baru di channel ini.",
    "gambling_bj_joined": "Telah memasuki permain BlackJack",
    "xp_reset": "pengaturan ulang Xp",
    "xp_reset_server_confirm": "Apakah anda yakin anda ingin mengulang XP dari semua pengguna di server?",
    "xp_reset_user_confirm": "Apakah anda yakin anda ingin mengulang XP dari pengguna itu?",
    "xp_reset_user": "Pengguna dengan id {0} XP telah diulang",
    "xp_reset_server": "XP dari semua pengguna di server ini telah diulang.",
    "searches_distance": "Harak antara {0} dan {1} adalah {2}km",
    "gambling_bot_list_awarded": "Hadiah {0} untuk pengguna {1}!"
}