{
    "customreactions_all_stats_cleared": "Tüm özel reaksiyon istatistikleri temizlendi.",
    "customreactions_deleted": "Özel reaksiyon silindi",
    "customreactions_insuff_perms": "Yetersiz yetki.Global özel reaksiyonlar için bot sahibi yetkisi gerkirken, server tabanlı özel reaksiyonlar için Administrator yetkisi gerekir.",
    "customreactions_list_all": "Tüm özel reaksiyonların listesi",
    "customreactions_name": "Özel reaksiyonlar",
    "customreactions_new_cust_react": "Yeni özel reaksiyon",
    "customreactions_no_found": "Hiç özel reaksiyon bulunamadı.",
    "customreactions_no_found_id": "Bu kimliğe sahip bir özel reaksiyon bulunamadı.",
    "customreactions_response": "Cevap",
    "customreactions_stats": "Özel reaksiyon istatistikleri",
    "customreactions_stats_cleared": "{0} özel reaksiyonun istatistikleri temizlendi.",
    "customreactions_stats_not_found": "Bu tetikleyici için herhangi bir istatistik bulunamadı, herhangi bir işlem yapılmadı.",
    "customreactions_trigger": "Tetikleyen",
    "nsfw_autohentai_stopped": "Autohentai durduruldu.",
    "nsfw_not_found": "Sonuç bulunamadı.",
    "pokemon_already_fainted": "{0} zaten bayılmış.",
    "pokemon_already_full": "{0} zaten canı dolu.",
    "pokemon_already_that_type": "Senin türün zaten {0}",
    "pokemon_attack": "{2}{3}'de {4} hasar için {0}{1} kullandı",
    "pokemon_cant_attack_again": "İntikam almadan bir daha saldıramazsın.",
    "pokemon_cant_attack_yourself": "Kendine saldıramazsın.",
    "pokemon_fainted": "{0} bayıldı!",
    "pokemon_healed": "Bir {1} kullanılarak {0} iyileştirildi",
    "pokemon_hp_remaining": "{0} canı {1} kaldı.",
    "pokemon_invalid_move": "{0}'ı kullanamazsın. Kullanabileceğiniz hamle listesini görmek için `{1}ml` yazın.",
    "pokemon_moves": "{0} tipi için hareklerin listesi",
    "pokemon_not_effective": "Efektif değil.",
    "pokemon_no_currency": "Sende yeteri kadar {0} yok",
    "pokemon_revive_other": "{0} {1} ile canlandırıldı",
    "pokemon_revive_yourself": "{0} ile kendinizi yeniden canlandırdınız.",
    "pokemon_settype_success": "{1} için türünüz {0} olarak değiştirildi.",
    "pokemon_somewhat_effective": "Biraz etkili.",
    "pokemon_super_effective": "Süper etkili!",
    "pokemon_too_many_moves": "Çok fazla hamle yaptınız, bu nedenle hareket edemezsiniz!",
    "pokemon_type_of_user": "{0} türü {1}",
    "pokemon_user_not_found": "Kullanıcı bulunamadı.",
    "pokemon_you_fainted": "Bayıldın,yani hareket edemiyiceksin.",
    "administration_aar_disabled": "Kullanıcı girişinde **Otomatik Rol Tanımlaması** **Devre Dışı**.",
    "administration_aar_enabled": "Kullanıcı girişinde **Otomatik Rol Tanımlaması** **Devrede**.",
    "administration_attachments": "Eklentiler",
    "administration_avatar_changed": "Profil fotoğrafı değiştirildi",
    "administration_bandm": "{0} sunucusundan uzaklaştırıldınız.\nSebep: {1}",
    "administration_banned_pl": "Uzaklaştırıldı.",
    "administration_banned_user": "Kullanıcı Uzaklaştırıldı",
    "administration_bot_name": "Bot ismi {0} olarak değiştirildi.",
    "administration_bot_status": "Bot durum mesajı {0} olarak değiştirildi.",
    "administration_byedel_off": "Çıkış mesajlarının otomatik silinmesi devre dışı bırakıldı.",
    "administration_byedel_on": "Çıkış mesajları {0} saniye sonra silinecektir.",
    "administration_byemsg_cur": "Şu anki çıkış mesajı: {0}",
    "administration_byemsg_enable": "{0} yazarak çıkış mesajlarını etkinleştirin.",
    "administration_byemsg_new": "Yeni çıkış mesajı tanımlandı.",
    "administration_bye_off": "Çıkış duyuruları devre dışı.",
    "administration_bye_on": "Çıkış duyuruları bu kanalda devreye sokuldu.",
    "administration_ch_name_change": "Kanal İsmi Değişti",
    "administration_ch_old_name": "Eski İsim",
    "administration_ch_topic_change": "Kanal Konusu Değişti",
    "administration_cleaned_up": "Temizlendi.",
    "administration_content": "İçerik",
    "administration_cr": "{0} rolü başarıyla oluşturuldu.",
    "administration_createtextchan": "{0} yazı kanalı oluşturuldu.",
    "administration_createvoich": "{0} ses kanalı oluşturuldu.",
    "administration_deafen": "Sağırlaştırma başarılı.",
    "administration_deleted_server": "{0} sunucusu silindi.",
    "administration_delmsg_off": "Komut bildirimlerinin otomatik silinmesi başarıyla durduruldu.",
    "administration_delmsg_on": "Artık komut bildirimleri başarıyla siliniyor.",
    "administration_deltextchan": "{0} yazı kanalı silindi.",
    "administration_delvoich": "{0} ses kanalı silindi.",
    "administration_dm_from": "Bu kullanıcıdan özel mesaj geldi:",
    "administration_donadd": "Başarıyla yeni bağışçı eklendi. Bu kullanıcının bağışladığı toplam miktar: {0} 👑",
    "administration_donators": "Aşağıda ismi bulunan kişilerin bu projeyi gerçekleşmesini sağladıkları için teşekkürler!",
    "administration_fwall_start": "Özel mesajları tüm sahiplerine ileteceğim.",
    "administration_fwall_stop": "Özel mesajları sadece ilk sahibine ileteceğim.",
    "administration_fwdm_start": "Özel mesajları iletmeye başlayacağım.",
    "administration_fwdm_stop": "Özel mesajları iletmeyi bırakacağım.",
    "administration_greetdel_off": "Karşılama mesajlarının otomatik silinmesi devre dışı bırakıldı.",
    "administration_greetdel_on": "Karşılama mesajları {0} saniye sonra silinecektir.",
    "administration_greetdmmsg_cur": "Şu anki özelden karşılama mesajı: {0}",
    "administration_greetdmmsg_enable": "{0} yazarak özelden karşılama mesajlarını aktif edebilirsiniz.",
    "administration_greetdmmsg_new": "Yeni özelden karşılama mesajı tanımlandı.",
    "administration_greetdm_off": "Özel mesajdan karşılama duyuruları devre dışı.",
    "administration_greetdm_on": "Özel mesajdan karşılama duyuruları devrede.",
    "administration_greetmsg_cur": "Şu anki karşılama mesajı: {0}",
    "administration_greetmsg_enable": "{0} yazarak karşılama mesajlarını aktif et.",
    "administration_greetmsg_new": "Yeni karşılama mesajı tanımlandı.",
    "administration_greet_off": "Karşılama duyuruları devre dışı.",
    "administration_greet_on": "Karşılama duyuruları bu kanalda aktif edildi.",
    "administration_hierarchy": "Bu komutu, rol hiyerarşisinde sizinle aynı veya daha yüksek bir rolü olan kullanıcılar üzerinde kullanamazsınız.",
    "administration_images_loaded": "Resimler {0} saniye sonra yüklendi.",
    "administration_invalid_format": "Geçersiz giriş biçimi.",
    "administration_invalid_params": "Geçersiz parametreler.",
    "administration_joined": "{0} {1}'e katıldı.",
    "administration_kickdm": "{0} sunucusundan atıldınız.\nSebep: {1}",
    "administration_kicked_user": "Kullanıcı atıldı",
    "administration_lang_list": "Dil Listesi",
    "administration_lang_set": "Sunucunuzun dili değiştirildi: {0} - {1}",
    "administration_lang_set_bot": "Bot varsayılan dili değiştirildi: {0} - {1}",
    "administration_lang_set_bot_show": "Bot dili değiştirildi: {0} - {1}",
    "administration_lang_set_fail": "Dil ayarları değiştirilemedi. Komutun kılavuzuna bakın.",
    "administration_lang_set_show": "Sunucunun dili değiştirildi: {0} - {1}",
    "administration_left": "{0} {1}'den ayrıldı.",
    "administration_left_server": "{0} sunucudan ayrıldı.",
    "administration_log": "Bu kanaldaki {0} olayları kayıt ediliyor.",
    "administration_log_all": "Bu kanaldaki bütün olaylar kayıt ediliyor.",
    "administration_log_disabled": "Kayıtlar devre dışı.",
    "administration_log_events": "Abone olabileceğiniz olaylar:",
    "administration_log_ignore": "{0} günlük kayıtlarını yok sayar.",
    "administration_log_not_ignore": "{0} günlüğe yazmayı yok saymaz.",
    "administration_log_stop": "{0} olayını günlüğe kaydetme işlemi durduruldu.",
    "administration_menrole": "{0}, aşağıdaki rollerde bir söz atadı.",
    "administration_message_from_bo": "{0} gönderdiği mesaj `[Bot Sahibi]`:",
    "administration_message_sent": "Mesaj yollandı.",
    "administration_moved": "{0} {1}'den {2}'ye taşındı.",
    "administration_msg_del": "{0} içindeki mesajlar silinicek.",
    "administration_msg_update": "Mesaj {0} da güncellendi",
    "administration_muted_pl": "Susturuldular!",
    "administration_muted_sn": "Susturuldu!",
    "administration_mute_error": "Bunun için gerekli iznim yok.",
    "administration_mute_role_set": "Yeni sessiz rolü atandı.",
    "administration_need_admin": "Bunu yapmak için **Yönetici** iznine ihtiyacım var.",
    "administration_new_msg": "Yeni Mesaj",
    "administration_new_nick": "Yeni takma ad",
    "administration_new_topic": "Yeni Konu",
    "administration_nick_change": "Takma Ad değiştirildi.",
    "administration_no_server": "Sunucu bulunamadı.",
    "administration_no_shard_id": "Kimlik numarası bulunamadı.",
    "administration_old_msg": "Eski mesaj",
    "administration_old_nick": "Eski takma ad",
    "administration_old_topic": "Eski konu",
    "administration_perms": "Hata.Yüksek ihtimalle yeterli yetki'ye sahip değilim.",
    "administration_prot_active": "Koruma Aktif",
    "administration_prot_disable": "{0} Bu sunucudaki {0} **Devre Dışı**.",
    "administration_prot_enable": "{0} Etkin",
    "administration_prot_error": "Hata. Rolleri Yönet iznine ihtiyacım var",
    "administration_prot_none": "Hiçbir koruma etkin değil.",
    "administration_raid_cnt": "Kullanıcı eşiği {0} ile {1} arasında olmalıdır.",
    "administration_raid_stats": "{0} veya daha fazla kullanıcı {1} saniye içinde katılırsa, onlara {2} uygulayacağım.",
    "administration_raid_time": "Zaman {0} ile {1} saniye arasında olmalıdır.",
    "administration_rar": "{0} kullanıcısından tüm roller başarıyla kaldırdı.",
    "administration_rar_err": "Yetkileri almada hata. Yüksek ihtimalle yeteri kadar yetkim yok.",
    "administration_rc": "{0} rolünün rengi değiştirildi.",
    "administration_rc_not_exist": "Bu rol bulunmamakta.",
    "administration_rc_params": "Belirtilen parametreler geçersiz.",
    "administration_rc_perms": "Renk geçersiz veya yetersiz izinler nedeniyle hata oluştu.",
    "administration_remrole": "{1} kullanıcısının sahip olduğu {0} rolü başarı ile alındı.",
    "administration_remrole_err": "Yetkiyi almada hata. Yüksek ihtimalle yeteri kadar yetkim yok.",
    "administration_renrole": "Rol yeniden adlandırıldı.",
    "administration_renrole_err": "Rol yeniden adladırılmasında hata. Yüksek ihtimalle yeteri kadar yetkim yok.",
    "administration_renrole_perms": "Kendi rolunüzden daha yüksek rolleri değiştiremezsiniz.",
    "administration_reprm": "{0} oynatılan mesaj kaldırıldı.",
    "administration_role_added": "Rol {0}, listeye eklendi.",
    "administration_role_clean": "{0} bulunamadı. Temizlendi.",
    "administration_role_in_list": "Rol {0} zaten listede.",
    "administration_ropl_added": "Eklendi.",
    "administration_ropl_disabled": "Döndürme işlemi durdu.",
    "administration_ropl_enabled": "Döndürme işlemi etkinleştirildi.",
    "administration_ropl_list": "Döndürülen durumların bir listesi:\n{0}",
    "administration_ropl_not_set": "Dönen durumlar ayarlanmadı.",
    "administration_self_assign_already": "Zaten {0} role sahip.",
    "administration_self_assign_already_excl": "{0} özel otomatik atanmış role zaten sahibidir.",
    "administration_self_assign_excl": "Otomatik atanmış roller artık özel!",
    "administration_self_assign_list": "{0} otomatik atanabilir rolü var",
    "administration_self_assign_not": "Bu rol otomatik atanabilir değil.",
    "administration_self_assign_not_have": "{0} rolünüz yok.",
    "administration_self_assign_no_excl": "Otomatik atanabilir roller artık özel değil!",
    "administration_self_assign_perms": "Bu rolü ekleyemem. `Rol hiyerarşisinde rolümden daha yüksek olan sahiplere veya diğer rollere rol ekleyemem. '",
    "administration_self_assign_rem": "{0}, otomatik atanabilir roller listesinden kaldırıldı.",
    "administration_self_assign_remove": "Artık {0} rolü yok.",
    "administration_self_assign_success": "Şimdi {0} rolünüz var.",
    "administration_setrole": "{1} kullanıcısına {0} rolü başarıyla eklendi",
    "administration_setrole_err": "Rol eklenemedi. İzinlerim yetersiz.",
    "administration_set_avatar": "Yeni profil resmi belirlendi!",
    "administration_set_channel_name": "Yeni kanal adı belirlendi.",
    "administration_set_game": "Yeni oyun belirlendi!",
    "administration_set_stream": "Yeni yayıncı belirlendi!",
    "administration_set_topic": "Yeni kanal konusu belirlendi.",
    "administration_shard_reconnected": "Shard {0} yeniden bağlandı.",
    "administration_shard_reconnecting": "Shard {0} yeniden bağlanıyor.",
    "administration_shutting_down": "Kapatılıyor.",
    "administration_slowmode_desc": "Kullanıcılar, {1} saniyede bir {0}'den fazla mesaj gönderemez.",
    "administration_slowmode_disabled": "Yavaşlatılmış mod devre dışı.",
    "administration_slowmode_init": "Yavaşlatılmış mod başlatıldı",
    "administration_soft_banned_pl": "Hafif bir şekilde yasaklandılar (atıldılar)",
    "administration_spam_ignore": "{0} bu kanalı yoksayacak.",
    "administration_spam_not_ignore": "{0} artık bu kanalı yoksaymayacak.",
    "administration_spam_stats": "Bir kullanıcı {0} aynı mesajı aynı sırada gönderirse, bunları {1} yapacağım.\n__Yok Sayılan Kanallar__:  {2}",
    "administration_text_chan_created": "Metin kanalı oluşturuldu.",
    "administration_text_chan_destroyed": "Metin kanalı yok edildi.",
    "administration_undeafen": "Sağırlaştırmayı kaldırma başarılı.",
    "administration_unmuted_sn": "Sesi açıldı",
    "administration_username": "Kullanıcı adı",
    "administration_username_changed": "Kullanıcı adı değişti",
    "administration_users": "Kullanıcılar",
    "administration_user_banned": "Kullanıcı yasaklandı",
    "administration_user_chat_mute": "{0} sohbet **edemiyor**.",
    "administration_user_chat_unmute": "{0} sohbet **edebiliyor**.",
    "administration_user_joined": "Kullanıcı katıldı",
    "administration_user_left": "Kullanıcı ayrıldı",
    "administration_user_muted": "{0}, metin ve sesli sohbetde **sessiz durumda**.",
    "administration_user_role_add": "Kullanıcının rolü eklendi",
    "administration_user_role_rem": "Kullanıcının rolü kaldırıldı",
    "administration_user_status_change": "{0} artık {1}",
    "administration_user_unmuted": "{0}, metin ve sesli sohbetde **sessiz durumda değil**.",
    "administration_user_vjoined": "{0}, {1} sesli kanalına katıldı.",
    "administration_user_vleft": "{0}, {1} sesli kanalından ayrıldı.",
    "administration_user_vmoved": "{0}, {1} kanalından {2} sesli kanalına taşındı.",
    "administration_user_voice_mute": "{0} **susturuldu**.",
    "administration_user_voice_unmute": "{0} **susturulması kaldırıldı**.",
    "administration_voice_chan_created": "Ses kanalı oluşturuldu",
    "administration_voice_chan_destroyed": "Ses kanalı yok edildi",
    "administration_vt_disabled": "Ses + metin özelliği devre dışı.",
    "administration_vt_enabled": "Ses + metin özelliği etkin.",
    "administration_vt_exit": "**Rolleri yönetme** ve/veya **Kanalları yönetme** iznim yok, Bu yüzden {0} sunucusunda 'ses + metin' çalıştıramıyorum.",
    "administration_vt_no_admin": "Bu özelliği etkinleştiriyorsun/devre dışı bırakıyorsun ve **YÖNETİCİ izinlerine sahip değilim**. Bu bazı sorunlara neden olabilir ve daha sonra kendiniz metin kanallarını temizlemeklisiniz.",
    "administration_vt_perms": "Bu özelliği etkinleştirmek için en azından **rolleri yönetmek** ve **kanal izinlerini yönetmek** zorundayım.(Tercih edilen Yönetim izni)",
    "administration_xmuted_text": "Metin sohbetinde {0} kullanıcı",
    "administration_xmuted_text_and_voice": "Metin ve sesli sohbetinde {0} kullanıcı",
    "administration_xmuted_voice": "Sesli sohbetten {0} kullanıcı",
    "administration_sbdm": "{0} sunucusundan hafif bir şekilde yasaklandınız.\nSebep: {1}",
    "administration_user_unbanned": "Kullanıcı yasağı kaldırıldı",
    "administration_migration_done": "Eski kayıtlar taşındı!",
    "administration_presence_updates": "Durum güncellemeleri",
    "administration_sb_user": "Kullanıcı hafif bir şekilde yasaklandı.",
    "gambling_awarded": "{1} 'e {0} ödül vermiş",
    "gambling_better_luck": "Bir dahaki sefere artık ^_^",
    "gambling_br_win": "Tebrik ederiz! {1} çevirdi ve {0} kazandı",
    "gambling_deck_reshuffled": "Deste yeniden düzenlendi.",
    "gambling_flipped": "{0} çevirdi.",
    "gambling_flip_guess": "Tahmin ettin! {0} kazandın",
    "gambling_flip_invalid": "Geçersiz numara belirtildi. 1 tanesini {0} madeni paraya çevirebilirsiniz.",
    "gambling_gifted": "{0}'dan {1}'e hediye verdi",
    "gambling_has": "{0}'da {1} var",
    "gambling_heads": "Kafa",
    "gambling_leaderboard": "Lider listesi",
    "gambling_mass_award": "{2} rolünden {1} kullanıcıya {0} kazandı.",
    "gambling_max_bet_limit": "{0}'dan fazla bahse giremezsiniz.",
    "gambling_min_bet_limit": "{0}'dan daha az bahis oynayamazsınız",
    "gambling_not_enough": "Yeterli düzeyde {0} yok",
    "gambling_no_more_cards": "Destede artık kart yok.",
    "gambling_raffled_user": "Kullanıcı piyango çekti",
    "gambling_roll": "{0} çevrildi.",
    "gambling_slot_bet": "Bahis",
    "gambling_slot_jackpot": "Vay canına!!! Tebrik ederiz!!! x{0}",
    "gambling_slot_single": "Tek bir {0}, x{1}",
    "gambling_slot_three": "Vaov! Şanslı! Üç çeşit! x{0}",
    "gambling_slot_two": "Aferin! İki {0} - bahis x{1}",
    "gambling_sneakygamestatus_desc": "Kullanıcılar {0} almak için gizli bir kod yazmalıdır.\n{1} saniye sürer. Kimseye söyleme. Shhh.",
    "gambling_sneakygamestatus_end": "GizliOyun etkinliği sona erdi. {0} kullanıcılar ödüllerini aldı.",
    "gambling_sneakygamestatus_title": "GizliOyunDurumu etkinliği başlatıldı",
    "gambling_tails": "Kuyruk",
    "gambling_take": "Başarıyla {1}'den {0} aldı",
    "gambling_take_fail": "Kullanıcı {2} sayısına sahip olmadığından {1}'ten {0} alamadı!",
    "help_back_to_toc": "Listenin başına dön",
    "help_bot_owner_only": "Sadece bot sahibi",
    "help_channel_permission": "{0} kanal izni gerektiriyor.",
    "help_cmdlist_donate": "Projeyi patreonda destekleyebilirsin:<{0}> ya da paypalde:<{1}>",
    "help_cmd_and_alias": "Komutlar ve takma adlar",
    "help_commandlist_regen": "Komut listesi yeniden oluşturuldu.",
    "help_commands_instr": "Belirli bir komut hakkinda yardim icin, {0}h \"Komut Adı\" bu şekilde kullanınız. (Örneğin: {0}h >8ball).",
    "help_command_not_found": "Bu komutu bulamıyorum. Lütfen tekrar denemeden önce komutun var olduğunu doğrulayın.",
    "help_desc": "Tanıtım",
    "help_donate": "NadekoBot projesini destekleyebilirsiniz \n Patreon <{0}> yada\n Paypal <{1}>\n Mesajda discord adınızı veya kimliğini bırakmayı unutma.\n \n**Teşekkür ederim** ♥️",
    "help_guide": "**Komutların listesi**: <{0}>\n**Rehber ve dokümanlar barındırma sayfasında bulunabilir**: <{1}>",
    "help_list_of_commands": "Komutların listesi",
    "help_list_of_modules": "Modüllerin listesi",
    "help_modules_footer": "Modül komutlarının bir listesini görmek için \"{0}cmds Modül İsmi\" (Örneğin: {0}cmds Administration) şeklinde kullanmalısınız.",
    "help_module_not_found": "Bu modül mevcut değil.",
    "help_server_permission": "{0} sunucu izni gerektirir.",
    "help_table_of_contents": "İçindekiler",
    "help_usage": "Kullanım",
    "nsfw_autohentai_started": "Otomatik hentai başladı. Her {0} saniyede bir aşağıdaki etiketlerden biriyle yeniden yayınlanıyor:\n{1}",
    "nsfw_tag": "Etiket",
    "gambling_animal_race": "Hayvan yarışı",
    "gambling_animal_race_failed": "Yeterli katılımcı olmadığından başlatılamadı.",
    "gambling_animal_race_full": "Yarış doldu! Derhal başlıyoruz.",
    "gambling_animal_race_join": "{0} bir {1} olarak katıldı",
    "gambling_animal_race_join_bet": "{0} bir {1} olarak ve {2} bahisleriyle katıldı!",
    "gambling_animal_race_join_instr": "Yarışa katılmak için {0}jr yazın.",
    "gambling_animal_race_starting": "20 saniye içinde veya oda dolu olduğunda başlayarak.",
    "gambling_animal_race_starting_with_x": "{0} katılımcı ile başlıyor.",
    "gambling_animal_race_won": "{0} {1}. olarak yarışı kazandı!",
    "gambling_animal_race_won_money": "{0} {1}. olarak yarışı kazandı ve {2} aldı!",
    "gambling_dice_invalid_number": "Geçersiz numara belirtildi. Bir kerede {0} - {1} zar atabilirsiniz.",
    "gambling_dice_rolled": "{0} çevirdi",
    "gambling_dice_rolled_num": "Zar atıldı: {0}",
    "gambling_race_failed_starting": "Yarış başlatılamadı. Muhtemelen başka bir yarış çalışıyor.",
    "gambling_race_not_exist": "Bu sunucuda yarış yok",
    "gambling_second_larger_than_first": "İkinci numara birinciden büyük olmalıdır.",
    "gambling_changes_of_heart": "Aşkı değişti",
    "gambling_claimed_by": "tarafından talip talep etti.",
    "gambling_divorces": "Boşandı",
    "gambling_likes": "Beğendi",
    "gambling_price": "Fiyat",
    "gambling_waifus_none": "Henüz hiçbir talep de bulunulmadı.",
    "gambling_waifus_top_waifus": "En İyi Talipler",
    "gambling_waifu_affinity_already": "Çekiminiz zaten o talip ayarlıyken veya çekim yapmadığınız halde çekimliliğinizi kaldırmaya çalışıyorsunuz.",
    "gambling_waifu_affinity_changed": "Bağlılıkları {0}'dan {1}'e değiştirildi.\n\n*Bu ahlaki açıdan sorgulanabilir.*🤔",
    "gambling_waifu_affinity_cooldown": "Benzeşimini tekrar değiştirmek için {0} saat ve {1} dakika beklemelisiniz.",
    "gambling_waifu_affinity_reset": "Benzeşim sıfırlandı. Artık sevdiğin bir insana sahip değilsin.",
    "gambling_waifu_affinity_set": "{0} 'ın talip olmasını istiyor. Aww <3 ",
    "gambling_waifu_claimed": "{1} için kendi talibi olarak {0} iddiasında bulundu!",
    "gambling_waifu_divorced_like": "Seni seven bir talipden boşandın. Seni kalpsiz canavar.\n{0} tazminat olarak {1} aldı.",
    "gambling_waifu_egomaniac": "Kendinize yakınlık kuramazsınız, sizi egomanyak.",
    "gambling_waifu_fulfilled": "🎉 Aşkları yerine getirildi! 🎉\n{0}'un yeni durumu {1}!",
    "gambling_waifu_isnt_cheap": "Hiçbir talip bu kadar ucuz değil. Gerçek değeriniz düşük olsa dahi, en azından {0} ödemek zorundasınız.",
    "gambling_waifu_not_enough": "Talip talebinde bulunmak için {0} veya daha fazla ödeme yapmalısınız!",
    "gambling_waifu_not_yours": "Bu talip senin değil.",
    "gambling_waifu_not_yourself": "Kendinize talip edemezsiniz.",
    "gambling_waifu_recent_divorce": "Son zamanlarda boşandın. Boşanmak için {0} saat ve {1} dakika beklemelisiniz.",
    "gambling_nobody": "Kimse",
    "gambling_waifu_divorced_notlike": "Senden hoşlanmayan bir talib den boşandın. {0} geri aldınız.",
    "games_8ball": "8Top",
    "games_acrophobia": "Akrofobi",
    "games_acro_ended_no_sub": "Oyun hiç sonuç vermeden sona erdi.",
    "games_acro_no_votes_cast": "Oy yok. Oyun kazanan olmadan sona erdi.",
    "games_acro_nym_was": "Kısaltma {0} idi.",
    "games_acro_running": "Akrofobi oyunu zaten bu kanalda çalışıyor.",
    "games_acro_started": "Oyun başladı. Aşağıdaki kısaltma ile bir cümle oluşturun: {0}.",
    "games_acro_started_footer": "Gönderi yapmak için {0} saniye kaldı.",
    "games_acro_submit": "{0} cezalarını gönderdiler. ({1} toplam)",
    "games_acro_vote": "Gönderi sayısını yazarak oy verin",
    "games_acro_vote_cast": "{0} oy kullandı!",
    "games_acro_winner": "Kazanan {0}, {1} puanla.",
    "games_acro_winner_only": "{0} kazanan!, gönderim yapan tek kullanıcı olmakla birlikte.",
    "games_question": "Soru",
    "games_submissions_closed": "Gönderilenler kapalı",
    "gambling_animal_race_already_started": "Hayvan yarışı zaten çalışıyor.",
    "gambling_total_average": "Toplam: {0} Ortalama: {1}",
    "games_category": "Kategori",
    "games_cleverbot_disabled": "Bu sunucudaki cleverbot devre dışı bırakıldı.",
    "games_cleverbot_enabled": "Bu sunucudaki cleverbot etkinleştirildi.",
    "games_curgen_disabled": "Bu kanalda para birimi oluşturma devre dışı.",
    "games_curgen_enabled": "Para birimi oluşturma, bu kanalda etkinleştirildi.",
    "games_curgen_pl": "{0} rastgele {1} ortaya çıktı!",
    "games_curgen_sn": "Rastgele bir {0} ortaya çıktı!",
    "games_failed_loading_question": "Bir soru yüklenemedi.",
    "games_game_started": "Oyun başladı",
    "games_hangman_game_started": "Adam asmaca oyunu başladı",
    "games_hangman_running": "Adam asmaca oyunu zaten bu kanalda çalışıyor.",
    "games_hangman_start_errored": "Adam asmaca başlatılırken hata verdi.",
    "games_hangman_types": "\"{0}hangman\" terim türlerinin listesi:",
    "games_leaderboard": "Lider listesi",
    "games_not_enough": "Yeterli düzeyde {0} yok",
    "games_no_results": "Sonuç yok",
    "games_picked": "{0} adet topladı",
    "games_planted": "{0},{1} dikti.",
    "games_trivia_already_running": "Oyuncak oyunu zaten bu sunucuda çalışıyor.",
    "games_trivia_game": "Oyuncak oyunu",
    "games_trivia_guess": "{0} tahmin etti! Cevap şuydu: {1}",
    "games_trivia_none": "Bu sunucuda hiçbir oyuncak çalışmıyor.",
    "games_trivia_points": "{0}'da {1} puan var",
    "games_trivia_stopping": "Bu sorunun ardından bitiriyorum.",
    "games_trivia_times_up": "Süre doldu! Doğru cevap {0} idi",
    "games_trivia_win": "{0} tahmin etti ve oyunu kazandı! Cevap şuydu: {1}",
    "games_ttt_against_yourself": "Kendinize karşı oynayamazsınız.",
    "games_ttt_already_running": "TicTacToe Oyunu zaten bu kanalda çalışıyor.",
    "games_ttt_a_draw": "Bir çizim!",
    "games_ttt_created": "TicTacToe bir oyun oluşturdu.",
    "games_ttt_has_won": "{0} kazandı!",
    "games_ttt_matched_three": "Eşleşen üç",
    "games_ttt_no_moves": "Hareket yok!",
    "games_ttt_time_expired": "Zaman doldu!",
    "games_ttt_users_move": "{0}'un hareketi",
    "games_vs": "{0} ile {1} karşılaşıyor",
    "music_attempting_to_queue": "Sıraya {0} şarkı ekleniyor...",
    "music_autoplay_disabled": "Otomatik Oynatıcı devre dışı.",
    "music_autoplay_enabled": "Otomatik Oynatıcı etkin.",
    "music_defvol_set": "Varsayılan müzik sesi {0}%",
    "music_dir_queue_complete": "Dizin kuyruğu tamamlandı.",
    "music_fairplay": "adil oynatıcı",
    "music_finished_song": "Şarkı bitti",
    "music_fp_disabled": "Adil oynatıcı devre dışı.",
    "music_fp_enabled": "Adil oynatıcı etkin.",
    "music_from_position": "Konumdan",
    "music_id": "Kimlik",
    "music_invalid_input": "Geçersiz giriş.",
    "music_max_playtime_none": "Şu anda maksimum oynatıcı zaman limiti yok.",
    "music_max_playtime_set": "Maksimum oynatıcı zaman limiti {0} saniye(ler) olarak ayarlandı.",
    "music_max_queue_unlimited": "Maksimum müzik sıra limiti, limitsiz olarak ayarlandı.",
    "music_max_queue_x": "Maksimum şarkı sıra limiti {0} şarkı(lar) olarak ayarlandı.",
    "music_must_be_in_voice": "Bu sunucunun bir ses kanalına ihtiyacın var.",
    "music_name": "İsim",
    "music_now_playing": "Şu anda yürütülüyor",
    "music_no_player": "Şu anda aktif bir müzik oynatıcısı yok.",
    "music_no_search_results": "Aranılan sonuç bulunamadı.",
    "music_paused": "Müzik oynatıcısı duraklatıldı.",
    "music_player_queue": "Oynatıcı Sıra Listesi - Sayfa {0}/{1}",
    "music_playing_song": "Şarkı oynatılıyor",
    "music_playlists": "`#{0}` - **{1}** *{2}* tarafından ({3} müzik)",
    "music_playlists_page": "Kayıtlı çalma listelerinin {0}. sayfası.",
    "music_playlist_deleted": "Çalma listesi silindi.",
    "music_playlist_delete_fail": "Bu çalma listesini silmek başarısız oldu.Ya mevcut değil yada oluşturan siz değilsiniz.",
    "music_playlist_id_not_found": "Bu id'ye sahip oynatma listesi mevcut değil.",
    "music_playlist_queue_complete": "Oynatma listesi tamamlandı.",
    "music_playlist_saved": "Oynatma listesi kayıt edildi.",
    "music_play_limit": "Limit {0}",
    "music_queue": "Sıra",
    "music_queued_song": "Şarkı sıraya eklendi.",
    "music_queue_cleared": "Müzik sırası temizlendi.",
    "music_queue_full": "Sıra {0}/{0} dolu.",
    "music_removed_song": "Şu numaradaki şarkı kaldırıldı.",
    "music_repeating_cur_song": "Geçerli şarkı tekrarlanıyor",
    "music_repeating_playlist": "Oynatma listesi tekrarlanıyor",
    "music_repeating_track": "Müzik parçası tekrarlanıyor",
    "music_repeating_track_stopped": "Geçerli müzik parçası tekrarı durduruldu.",
    "music_resumed": "Müzik oynatıcısı yürütülüyor.",
    "music_rpl_disabled": "Çalma listesi tekrarı devre dışı",
    "music_rpl_enabled": "Çalma listesi tekrarı etkin.",
    "music_set_music_channel": "Şimdi bu kanaldaki şarkıların çalınması, bitmesi, duraklatılması ve çıkarılmasını yapacağım.",
    "music_skipped_to": "`{0}:{1}` atlandı",
    "music_song_moved": "Şarkı taşındı",
    "music_time_format": "{0} saat {1} dakika {2} saniye",
    "music_to_position": "Konumlandır",
    "music_unlimited": "limitsiz",
    "music_volume_input_invalid": "Ses düzeyi 0 ile 100 arasında olmalıdır.",
    "music_volume_set": "Ses düzeyi {0}% olarak ayarlandı.",
    "permissions_acm_disable": "{0} kanalı için TÜM MODÜLLERİN kullanımı devre dışı bırakıldı.",
    "permissions_acm_enable": "{0} kanalı için TÜM MODÜLLERİN kullanımı etkinleştirdi.",
    "permissions_allowed": "İzin verildi",
    "permissions_arm_disable": "{0} rolü için TÜM MODÜLLERİN kullanımı devre dışı bırakıldı.",
    "permissions_arm_enable": "{0} rolü için TÜM MODÜLLERİN kullanımı etkinleştirdi.",
    "permissions_asm_disable": "Bu sunucudaki TÜM MODÜLLERİN kullanımı devre dışı bırakıldı.",
    "permissions_asm_enable": "Bu sunucudaki TÜM MODÜLLERİN kullanımı etkinleştirdi.",
    "permissions_aum_disable": "{0} kullanıcısı için TÜM MODÜLLERİN kullanımı devre dışı bırakıldı.",
    "permissions_aum_enable": "{0} kullanıcısı için TÜM MODÜLLERİN kullanımı etkinleştirdi.",
    "permissions_blacklisted": "{0} adlı ve {1} id'li kullanıcı karalisteye alındı.",
    "permissions_cmdcd_add": "Komut {0} şimdi {1}'lik bir bekleme süresine sahip.",
    "permissions_cmdcd_cleared": "{0} komutunun şimdi bir bekleme süresi yok ve mevcut tüm bekleme süreleri temizlendi.",
    "permissions_cmdcd_none": "Komut çağırma süresi yok.",
    "permissions_command_costs": "Komut maliyetleri",
    "permissions_cx_disable": "{2} kanalında {0} {1} kullanımı devre dışı bırakıldı.",
    "permissions_cx_enable": "{2} kanalında {0} {1} kullanımı etkinleştirildi.",
    "permissions_denied": "Reddedildi",
    "permissions_filter_word_add": "Filtrelenmiş kelimeler listesine {0} kelimesi eklendi.",
    "permissions_filter_word_list": "Filtrelenmiş sözler listesi",
    "permissions_filter_word_remove": "Filtrelenmiş kelimeler listesinden {0} kelimesi kaldırıldı.",
    "permissions_invalid_second_param_between": "Geçersiz ikinci parametre. ({0} ile {1} arasındaki bir sayı olmalı)",
    "permissions_invite_filter_channel_off": "Davet filtreleme bu kanal üzerinde devre dışı.",
    "permissions_invite_filter_channel_on": "Davet filtreleme bu kanal üzerinde etkin.",
    "permissions_invite_filter_server_off": "Davet filtreleme bu sunucu üzerinde devre dışı.",
    "permissions_invite_filter_server_on": "Davet filtreleme bu sunucu üzerinde etkin.",
    "permissions_moved_permission": "{0}, #{1}'den #{2}'ye taşındı",
    "permissions_not_found": "{0} dizininde izin bulamıyor.",
    "permissions_no_costs": "Maliyet ayarlanmadı.",
    "permissions_of_command": "komut",
    "permissions_of_module": "modül",
    "permissions_page": "İzinler sayfası {0}",
    "permissions_permrole": "Geçerli izin rolü {0}.",
    "permissions_permrole_changed": "Kullanıcılar artık izinleri düzenlemek için {0} rolü talep ediyor.",
    "permissions_perm_out_of_range": "Bu dizinde izin bulunamadı.",
    "permissions_removed": "Izin kaldırıldı #{0} - {1}",
    "permissions_rx_disable": "{2} rolü için {0} {1} kullanımını devre dışı bırakıldı.",
    "permissions_rx_enable": "{2} rolü için {0} {1} kullanımını etkinleştirildi.",
    "permissions_sec": "sn.",
    "permissions_sx_disable": "Bu sunucuda {0} {1} kullanımını devre dışı bırakıldı.",
    "permissions_sx_enable": "Bu sunucuda {0} {1} kullanımı etkinleştirildi.",
    "permissions_unblacklisted": "{0} Kimliği {1} ile kara listeden kaldırıldı",
    "permissions_uneditable": "düzenlenemez",
    "permissions_ux_disable": "{2} kullanıcısı için {0} {1} kullanımı devre dışı bırakıldı.",
    "permissions_ux_enable": "{2} kullanıcısı için {0} {1} kullanımı etkinleştirildi.",
    "permissions_verbose_false": "Artık izin uyarıları göstermeyeceğim.",
    "permissions_verbose_true": "Şimdi izin uyarılarını göstereceğim.",
    "permissions_word_filter_channel_off": "Bu kanalda kelime filtreleme devre dışı.",
    "permissions_word_filter_channel_on": "Bu kanalda kelime filtreleme etkin.",
    "permissions_word_filter_server_off": "Bu sunucuda kelime filtreleme özelliği devre dışı.",
    "permissions_word_filter_server_on": "Bu sunucuda kelime filtreleme özelliği etkin.",
    "searches_abilities": "Yetenekler",
    "searches_anime_no_fav": "Henüz favori anime yok",
    "searches_atl_ad_started": "Bu kanaldaki mesajların otomatik çevirisi başlatıldı. Kullanıcı mesajları otomatik olarak silinecek.",
    "searches_atl_removed": "Otomatik-çeviri diliniz kaldırıldı.",
    "searches_atl_set": "Otomatik çevir diliniz {0}>{1} olarak ayarlandı.",
    "searches_atl_started": "Bu kanaldaki mesajların otomatik çevirisi başlatıldı.",
    "searches_atl_stopped": "Bu kanaldaki mesajların otomatik çevirisini durduruldu.",
    "searches_bad_input_format": "Bozuk giriş biçimi veya bir şeyler ters gitti.",
    "searches_card_not_found": "Kartı bulamadım.",
    "searches_catfact": "gerçek",
    "searches_chapters": "Bölümler",
    "searches_comic_number": "Komik #",
    "searches_compet_loses": "Rekabetçi kayıpları",
    "searches_compet_played": "Rekabetçi oynadı",
    "searches_compet_rank": "Rekabetçi sıralaması",
    "searches_compet_wins": "Rekabetçi Kazançları",
    "searches_completed": "Tamamlandı",
    "searches_condition": "Şart",
    "searches_cost": "Maliyet",
    "searches_date": "Tarih",
    "searches_define": "Tanımla:",
    "searches_dropped": "Bırakıldı",
    "searches_episodes": "Bölümler",
    "searches_error_occured": "Hata oluştu.",
    "searches_example": "Örnek",
    "searches_failed_finding_anime": "Animu bulunamadı.",
    "searches_failed_finding_manga": "Mango bulunamadı.",
    "searches_genres": "Türler",
    "searches_hashtag_error": "Bu etiket için bir tanım bulunamadı.",
    "searches_height_weight": "Boy/Kilo",
    "searches_height_weight_val": "{0}m/{1}kg",
    "searches_humidity": "Nem",
    "searches_image_search_for": "Resim araması:",
    "searches_imdb_fail": "Bu filmi bulamadım.",
    "searches_invalid_lang": "Geçersiz kaynak veya hedef dili.",
    "searches_jokes_not_loaded": "Şakalar yüklenmedi.",
    "searches_latlong": "Enlem/Boylam",
    "searches_level": "Seviye",
    "searches_list_of_place_tags": "{0}place etiketlerinin listesi",
    "searches_location": "Lokasyon",
    "searches_magicitems_not_loaded": "Büyülü eşyalar yüklenmedi.",
    "searches_mal_profile": "{0} adlı kişinin MAL profili",
    "searches_mashape_api_missing": "Bot sahibi MashapeApiKey belirtmedi. Bu işlevi kullanamazsınız.",
    "searches_min_max": "Min/Maks",
    "searches_no_channel_found": "Kanal bulunamadı.",
    "searches_no_results": "Sonuç bulunamadı.",
    "searches_on_hold": "Beklemede",
    "searches_original_url": "Orjinal url",
    "searches_osu_api_key": "Bir osu! API anahtarı gerekiyor.",
    "searches_osu_failed": "Başarısız osu! imza.",
    "searches_over_x": "{0} resimler üzerinde bulundu. Rastgele {0} gösteriliyor.",
    "searches_ow_user_not_found": "Kullanıcı bulunamadı! Lütfen tekrar denemeden önce Bölge ve Savaşçı etiketini kontrol edin.",
    "searches_plan_to_watch": "İzlemeyi planla",
    "searches_platform": "Platform",
    "searches_pokemon_ability_none": "Hiçbir yetenek bulunamadı.",
    "searches_pokemon_none": "Pokemon bulunamadı.",
    "searches_profile_link": "Profil adresi:",
    "searches_quality": "Kalite:",
    "searches_quick_playtime": "Normal maç oynama süresi",
    "searches_quick_wins": "Normal maç kazanma",
    "searches_rating": "Değerlendirme",
    "searches_score": "Skor:",
    "searches_search_for": "Arama:",
    "searches_shorten_fail": "URL kısaltılamadı..",
    "searches_short_url": "Kısa URL",
    "searches_something_went_wrong": "Bir şeyler yanlış gitti.",
    "searches_specify_search_params": "Lütfen arama parametrelerini belirtin.",
    "searches_status": "Durum",
    "searches_store_url": "Mağaza url",
    "searches_streamer_offline": "Yayıncı {0} çevrimdışı.",
    "searches_streamer_online": "Yayıncı {0}, {1} izleyici ile çevrimiçi.",
    "searches_streams_following": "Bu sunucudaki {0} yayıncısını takip ediyorsunuz.",
    "searches_streams_none": "Bu sunucuda herhangi bir yayıncıyı takip etmiyorsunuz.",
    "searches_stream_no": "Böyle bir yayın yok.",
    "searches_stream_not_exist": "Yayın muhtemelen mevcut değil.",
    "searches_stream_removed": "{0} yayıncısının ({1}) bildirimlerden kaldırdı.",
    "searches_stream_tracked": "Durum değiştiğinde bu kanalı bilgilendireceğim.",
    "searches_sunrise": "Gün doğumu",
    "searches_sunset": "Gün batımı",
    "searches_temperature": "Sıcaklık",
    "searches_title": "Başlık:",
    "searches_top_3_fav_anime": "En çok sevilen 3 anime:",
    "searches_translation": "Çeviri:",
    "searches_types": "Tipler",
    "searches_ud_error": "Bu terim için tanım bulma başarısız.",
    "searches_url": "Url",
    "searches_viewers": "İzleyici",
    "searches_watching": "Seyret",
    "searches_wikia_error": "Belirtilen wikia da terimi bulamadım.",
    "searches_wikia_input_error": "Lütfen bir hedef wikia girip ardından arama sorgusu yapın.",
    "searches_wiki_page_not_found": "Sayfa bulunamadı.",
    "searches_wind_speed": "Rüzgar hızı",
    "searches_x_most_banned_champs": "En çok yasaklanan {0} şampiyon",
    "searches_yodify_error": "Cümleyi yozlaştırma başarısız oldu.",
    "utiliity_joined": "Katıldı",
    "utility_activity_line": "`{0}.` {1} [her saniye/{2:F2}] - toplam {3}",
    "utility_activity_page": "Aktivite sayfası #{0}",
    "utility_activity_users_total": "{0} toplam kullanıcı.",
    "utility_author": "Yapımcı",
    "utility_botid": "Bot Kimliği",
    "utility_calcops": "{0}calc komutundaki fonksiyonların listesi",
    "utility_channelid": "Bu kanalın {0} değeri {1}",
    "utility_channel_topic": "Kanal konusu",
    "utility_commands_ran": "Yürütülen komut",
    "utility_convert": "{0} {1}, {2} {3} e eşit.",
    "utility_convertlist": "Dönüştürücü tarafından kullanılabilen üniteler",
    "utility_convert_not_found": "{0} 'ı {1}' e dönüştüremem: birimleri bulunamadım",
    "utility_convert_type_error": "{0} 'ı {1}' e dönüştüremiyorum: birim türleri eşit değil.",
    "utility_created_at": "Tarihinde oluşturuldu",
    "utility_custom_emojis": "Özel emojiler",
    "utility_error": "Hata",
    "utility_features": "Özellikler",
    "utility_id": "Kimlik",
    "utility_index_out_of_range": "Dizin aralık dışında.",
    "utility_inrole_list": "{0} rolüne sahip kullanıcı listesi",
    "utility_inrole_not_allowed": "Kötüye kullanımını önlemek için bu komutlar, çok sayıda kullanıcısı olan rollerde kullanmanıza izin verilmez.",
    "utility_invalid_value": "Geçersiz {0} değer.",
    "utility_joined_discord": "Discord'a katıldı",
    "utility_joined_server": "Sunucuya katıldı",
    "utility_listservers": "Kimlik: {0}\nÜyeler: {1}\nKurucu Kimliği: {2}",
    "utility_listservers_none": "Bu sayfada hiçbir sunucu bulunamadı.",
    "utility_list_of_repeaters": "Tekrarlayıcı Listesi",
    "utility_members": "Üyeler",
    "utility_memory": "Bellek",
    "utility_messages": "Mesajlar",
    "utility_message_repeater": "Mesaj tekrarlayıcısı",
    "utility_name": "İsim",
    "utility_nickname": "Takma ad",
    "utility_nobody_playing_game": "Kimse o oyunu oynamıyor.",
    "utility_no_active_repeaters": "Etkin tekrarlayıcı yok.",
    "utility_no_roles_on_page": "Bu sayfada rol yok.",
    "utility_no_shards_on_page": "Bu sayfada kırık yok.",
    "utility_no_topic_set": "Konu ayarlanmadı.",
    "utility_owner": "Sahip",
    "utility_owner_ids": "Sahip kimlikleri",
    "utility_presence": "Durum",
    "utility_presence_txt": "{0} Sunucu\n{1} Metin kanalı\n{2} Ses kanalı",
    "utility_quotes_deleted": "Tüm teklifleri {0} anahtar kelime ile silindi.",
    "utility_quotes_page": "Alıntılar Sayfa {0}",
    "utility_quotes_page_none": "Bu sayfada alıntı yok.",
    "utility_quotes_remove_none": "Kaldırabileceğiniz alıntı bulunamadı.",
    "utility_quote_added": "Alıntı Eklendi",
    "utility_quote_deleted": "{0} numaralı alıntı silindi.",
    "utility_region": "Bölge",
    "utility_registered_on": "Tarihinden beri kayıtlı",
    "utility_remind": "({4:HH:mm} de {3:d.M.yyyy.}) {0}'ı {2}`de {1}'e hatırlatacağım",
    "utility_remind_invalid_format": "Geçerli zaman biçimi değil. Komut listesine bakın.",
    "utility_remind_template": "Yeni hatırlatma şablonu ayarlandı.",
    "utility_repeater": "{0} her {1} gün(de) {2} saat(te) {3} dakika(da) bir tekrarlanıyor.",
    "utility_repeaters_list": "Tekrarlayıcıların listesi",
    "utility_repeaters_none": "Bu sunucuda çalışan tekrarlayıcı yok.",
    "utility_repeater_stopped": "#{0} durduruldu.",
    "utility_repeat_invoke_none": "Bu sunucuda tekrarlanan mesaj bulunamadı.",
    "utility_result": "Sonuç",
    "utility_roles": "Roller",
    "utility_roles_all_page": "Bu sunucudaki tüm rollerin sayfası #{0}:",
    "utility_roles_page": "Page #{0} of roles for {1}",
    "utility_rrc_no_colors": "Renk doğru biçimde değil. Mesela `#00ff00` şekilde kullanın.",
    "utility_rrc_start": "{0} rolü için renkler döndürmeye başlandı.",
    "utility_rrc_stop": "{0} rolü için renkleri döndürme durduruldu",
    "utility_serverid": "Bu sunucunun {0} {1}",
    "utility_server_info": "Sunucu bilgisi",
    "utility_shard": "Shard",
    "utility_shard_stats": "Shard istatistikleri",
    "utility_shard_stats_txt": "Shard **#{0}** {2} sunucularıyla {1} durumundadır",
    "utility_showemojis": "**İsim:** {0} **Adres:** {1}",
    "utility_showemojis_none": "Özel emoji bulunamadı.",
    "utility_stats_songs": "Şu anda {0} müzik yürütülüyor, {1} sırada.",
    "utility_text_channels": "Metin odası",
    "utility_togtub_room_link": "İşte odanızın bağlantısı:",
    "utility_uptime": "Çalışma süresi",
    "utility_userid": "{1} kullanıcısının {0} numarası {2}",
    "utility_users": "Kullanıcı",
    "utility_voice_channels": "Ses kanalı",
    "gambling_animal_race_already_in": "Zaten bu yarışa katıldınız!",
    "games_current_poll_results": "Geçerli anket sonuçları",
    "games_no_votes_cast": "Oy yok.",
    "games_poll_already_running": "Anket, bu sunucuda zaten çalışıyor.",
    "games_poll_created": "📃 {0} dikkatinizi gerektiren bir anket hazırladı:",
    "games_poll_result": "`{0}.'{1} ile {2} oy aldı.",
    "games_poll_voted": "{0} oyladı.",
    "games_poll_vote_private": "Özel cevap numarasına karşılık bana mesaj atın.",
    "games_poll_vote_public": "Yanıtın ilgili numarasını içeren bir Mesaj gönderin.",
    "games_thanks_for_voting": "Oylama için teşekkür ederiz, {0}",
    "games_x_votes_cast": "{0} toplam oynanan oy.",
    "games_pick_pl": "`{0}pick` yazarak onları topla",
    "games_pick_sn": "`{0}pick` yazarak topla",
    "gambling_no_users_found": "Kullanıcı bulunamadı.",
    "gambling_page": "sayfa {0}",
    "administration_must_be_in_voice": "Bu sunucudaki bir ses kanalda olmalısınız.",
    "administration_no_vcroles": "Sesli kanal rolü yok.",
    "administration_user_muted_time": "{0} metin ve sesli sohbetten {1} dakika **sessiz** hale getirildi.",
    "administration_vcrole_added": "{0} sesli kanalına katılan kullanıcılar {1} rolünü alacaktır.",
    "administration_vcrole_removed": "{0} sesli kanalına katılan kullanıcılar artık bir rol almaz.",
    "administration_vc_role_list": "Sesli kanal rolleri",
    "customreactions_crad_disabled": "{0} kimliğiyle özel reaksiyonu tetikleyen mesaj otomatik olarak silinmeyecek.",
    "customreactions_crad_enabled": "{0} kimliğiyle özel reaksiyonu tetikleyen mesaj otomatik olarak silinecek.",
    "customreactions_crdm_disabled": "{0} kimliğine sahip özel reaksiyon için verilen yanıt mesajı DM olarak gönderilmeyecek.",
    "customreactions_crdm_enabled": "{0} kimliğine sahip özel reaksiyon için verilen yanıt mesajı bir DM olarak gönderilecek.",
    "utility_aliases_none": "Takma ad bulunamadı",
    "utility_alias_added": "Yazma {0} şimdi {1} 'in bir takma adı olacak.",
    "utility_alias_list": "Takma ad listesi",
    "utility_alias_removed": "Tetikleyici {0} artık bir takma ada sahip değil.",
    "utility_alias_remove_fail": "Tetikleyici {0} 'nin takma adı yoktu.",
    "searches_compet_playtime": "Rekabetçi oyun süresi",
    "administration_channel": "Kanal",
    "administration_command_text": "Kanal Mesajı",
    "administration_kicked_pl": "Atıldı",
    "administration_moderator": "Moderatör",
    "administration_page": "sayfa {0}",
    "administration_reason": "Sebep",
    "administration_scadd": "Yeni başlangıç komutu eklendi.",
    "administration_scrm": "Başlangıç komutu başarıyla kaldırıldı.",
    "administration_scrm_fail": "Başlangıç komutu bulunamadı.",
    "administration_server": "Sunucu",
    "administration_startcmdlist_none": "Bu sayfada başlangıç komutları bulunmuyor.",
    "administration_startcmds_cleared": "Tüm başlangıç komutları temizlendi.",
    "administration_unbanned_user": "{0} kullanıcısının yasağı kaldırıldı.",
    "administration_user_not_found": "Kullanıcı bulunamadı.",
    "administration_user_warned": "{0} kullanıcısı uyarıldı.",
    "administration_user_warned_and_punished": "{0} kullanıcısı uyarıldı ve {1} cezası uygulandı.",
    "administration_warned_on": "{0} sunucusunda uyarıldı.",
    "administration_warned_on_by": "{0} - {1} tarihinde {2} tarafından",
    "administration_warnings_cleared": "{0} için tüm uyarılar silindi.",
    "administration_warnings_none": "Bu sayfada uyarı bulunamadı.",
    "administration_warnlog_for": "{0} için Uyarı Kayıtları",
    "administration_warnpl_none": "Hiç ceza belirlenmedi.",
    "administration_warn_cleared_by": "{0} tarafından temizlendi.",
    "administration_warn_punish_list": "Uyarı ceza listesi",
    "administration_warn_punish_rem": "{0} uyarılarına sahip olmak artık cezayı tetiklemeyecektir.",
    "administration_warn_punish_set": "{1} uyarılarıyla {0} cezasını kullanıcılara uygulayacağım.",
    "administration_slowmodewl_role_start": "Yavaş mod, artık {0} rolünü görmezden gelecektir.",
    "administration_slowmodewl_role_stop": "Yavaş mod, artık {0} rolünü görmezden gelmeyecek.",
    "administration_slowmodewl_user_start": "Yavaş mod, artık {0} kullanıcısını yoksayacak.",
    "administration_slowmodewl_user_stop": "Yavaş mod, {0} kullanıcısını artık görmezden gelmeyecek.",
    "utility_clpa_fail": "Aşağıdaki nedenlerden biriyle ödül talebinde bulunamadı:",
    "utility_clpa_fail_already": "Belki de bu ay için ödülünüzü zaten almışsınızdır. Bağış miktarınızı artırmadıkça, yalnızca ayda bir kez ödül alabilirsiniz.",
    "utility_clpa_fail_already_title": "Zaten ödüllendirildi",
    "utility_clpa_fail_conn": "Discord hesabınız Patreon'a bağlı olmayabilir. Bunun ne anlama geldiğinden emin değilseniz veya nasıl bağlanacağınızı bilmiyorsanız - [Patreon hesap ayarları sayfasına] (https://patreon.com/settings/account) adresine gidin ve 'Bağlantı' butonuna tıklayın.",
    "utility_clpa_fail_conn_title": "Discord hesabı bağlı değil",
    "utility_clpa_fail_sup": "Ödül için uygun olabilmeniz için, projeyi patreon'da bağış yapmanız gerek. Bağlantıyı almak için {0} komutunu kullanabilirsiniz.",
    "utility_clpa_fail_sup_title": "Desteklemiyor",
    "utility_clpa_fail_wait": "Bağış yaptıktan sonra birkaç saat beklemek zorundasınız, yapmadıysanız, daha sonra tekrar deneyin.",
    "utility_clpa_fail_wait_title": "Biraz bekleyin",
    "utility_clpa_success": "{0} Projeyi desteklediğiniz için teşekkürlerimizi aldınız!",
    "utility_clpa_too_early": "Ödüller, her ayın 5'inde veya sonrasında talep edilebilir.",
    "searches_time": "{0} 'daki zaman {1} - {2}",
    "administration_rh": "Lonca rolü {0} görüntüsünü {1} ayarlayın",
    "gambling_name": "İsim",
    "gambling_shop": "Market",
    "gambling_shop_item_add": "Markete eşya eklendi",
    "gambling_shop_none": "Bu sayfada market eşyası bulunamadı",
    "gambling_shop_role": "{0} rol alacaksınız.",
    "gambling_type": "Tip",
    "utility_clpa_next_update": "{0} 'da sonraki güncelleme",
    "administration_gvc_disabled": "Oyun Ses Kanalı özelliği bu sunucuda devre dışı bırakıldı.",
    "administration_gvc_enabled": "{0} şimdi bir Oyun Sesli Kanal.",
    "administration_not_in_voice": "Bu sunucuda sesli kanalda değilsiniz.",
    "gambling_item": "eşya",
    "gambling_out_of_stock": "Stoklar tükendi",
    "gambling_random_unique_item": "Rastgele eşsiz öğe.",
    "gambling_shop_buy_error": "Direkt Mesajlaşma öğesinde hata. Satın aldığınız eşyanın para iadesi yapıldı.",
    "gambling_shop_item_not_found": "Bu dizinde hiçbir öğe bulunamadı.",
    "gambling_shop_item_purchase": "Eşya satın alımı başarılı.",
    "gambling_shop_item_rm": "Market eşyası kaldırıldı",
    "gambling_shop_item_wrong_type": "Dükkan girişi öğe eklemeyi desteklemez.",
    "gambling_shop_list_item_added": "Eşya başarıyla eklendi.",
    "gambling_shop_list_item_not_unique": "Bu eşya zaten ekli",
    "gambling_shop_purchase": "{0} sunucusunda satın alma",
    "gambling_shop_role_not_found": "Satılan rol artık yok.",
    "gambling_shop_role_purchase": "{0} rolünü başarıyla satın aldınız.",
    "gambling_shop_role_purchase_error": "Rol atama hatası. Satın aldığınız eşyanın para iadesi yapıldı.",
    "gambling_unique_items_left": "{0} eşsiz öğe kaldı.",
    "permissions_blocked_commands": "Engellenen Komutlar",
    "permissions_blocked_modules": "Engellenen Modüller",
    "permissions_gcmd_add": "{0} komutu tüm sunucularda devre dışı bırakıldı.",
    "permissions_gcmd_remove": "{0} komutu tüm sunucularda etkinleştirildi.",
    "permissions_gmod_add": "{0} modülü tüm sunucularda devre dışı bırakıldı.",
    "permissions_gmod_remove": "{0} modülü tüm sunucularda etkinleştirildi. ",
    "permissions_lgp_none": "Bloke edilmiş komut veya modül yok.",
    "gambling_animal_race_no_race": "Bu Hayvan Yarışı dolu!",
    "utility_cant_read_or_send": "Bu kanalda mesaj okuyamaz veya bu kanala mesaj gönderemezsiniz.",
    "utility_quotes_notfound": "Belirtilen teklif kimliğine uyan teklif bulunamadı.",
    "administration_prefix_current": "Bu sunucudaki önek {0}",
    "administration_prefix_new": "Bu sunucudaki bot önekini {0} 'ten {1} 'e değiştirildi",
    "administration_defprefix_current": "Varsayılan bot öneki {0}",
    "administration_defprefix_new": "Varsayılan bot önekini {0} 'ten {1} 'e değiştirildi",
    "administration_bot_nick": "Bot'un takma adı {0} olarak değiştirildi",
    "administration_user_nick": "{0} kullanıcısının kullanıcı adı {1} olarak değiştirildi",
    "administration_timezone_guild": "Bu lonca için saat dilimi `{0}`",
    "administration_timezone_not_found": "Saat dilimi bulunamadı. Kullanılabilen saat dilimlerinin listesini görmek için \"timezones\" komutunu kullanın",
    "administration_timezones_available": "Kullanılabilir Saat Dilimleri",
    "music_song_not_found": "Hiç şarkı bulunamadı.",
    "searches_define_unknown": "Bu terim için tanım bulamıyor.",
    "utility_repeater_initial": "İlk tekrarlanan mesaj {0} saat ve {1} dakika sonra gönderilecektir.",
    "utility_verbose_errors_enabled": "Yanlış kullanılan komutlar artık hataları gösterecektir.",
    "utility_verbose_errors_disabled": "Yanlış kullanılan komutlar artık hataları göstermeyecek.",
    "permissions_perms_reset": "Bu sunucu için izinler sıfırlandı.",
    "permissions_trigger": "{0} {1} izin numarası, bu işlemi önlüyor.",
    "administration_migration_error": "Taşıma işlemi sırasında hata oluştu, daha fazla bilgi için bot konsolunu kontrol edin.",
    "searches_hex_invalid": "Geçersiz renk belirtildi.",
    "permissions_global_perms_reset": "Genel izinler sıfırlandı.",
    "help_module": "Modül: {0}",
    "games_hangman_stopped": "Hangman oyunu durdu.",
    "music_autoplaying": "Otomatik-oynatılıyor.",
    "music_queue_stopped": "Oynatıcı durduruldu. Oynatmaya başlamak için {0} komutunu kullanın.",
    "music_removed_song_error": "Bu dizinde şarkı mevcut değil.",
    "music_shuffling_playlist": "Şarkılar karıştırılıyor.",
    "music_songs_shuffle_enable": "Şarkılar bundan sonra karıştırılacak.",
    "music_songs_shuffle_disable": "Şarkılar artık karıştırılmayacak.",
    "music_song_skips_after": "Şarkılar {0} sonrasında atlanacak",
    "administration_warnings_list": "Sunucuda uyarılan tüm kullanıcıların listesi",
    "customreactions_redacted_too_long": "Kırılmış çünkü çok uzun.",
    "nsfw_blacklisted_tag_list": "Kara listeye alınmış etiketler listesi:",
    "nsfw_blacklisted_tag": "Kullandığınız bir veya daha fazla etiket kara listeye alındı",
    "nsfw_blacklisted_tag_add": "Nsfw etiketi {0} şimdi kara listeye alındı.",
    "nsfw_blacklisted_tag_remove": "Nsfw etiketi {0} artık kara listeye alınmayacak.",
    "gambling_waifu_gift": "{0} {1}'den daha yetenekli",
    "gambling_waifu_gift_shop": "Waifu hediye dükkanı",
    "gambling_gifts": "Hediyeler",
    "games_connect4_created": "Connect4 oyunu kuruldu. Bir oyuncunun katılmasını bekliyorum.",
    "games_connect4_player_to_move": "Taşınacak oyuncu: {0}",
    "games_connect4_failed_to_start": "Connect4 oyunu başlayamadı, çünkü kimse katılmadı.",
    "games_connect4_draw": "Connect4 oyunu berabere bitti.",
    "games_connect4_won": "{0}, {1} a karşı Connect4 oyununu kazandı.",
    "games_nunchi_joined": "Nunchi oyununa katıldın. şimdiye kadar {0} kullanıcı katıldı.",
    "games_nunchi_ended": "Nunchi oyunu sona erdi. {0} kazandı",
    "games_nunchi_ended_no_winner": "Nunchi oyunu kazanan olmaksızın bitti.",
    "games_nunchi_started": "Nunchi oyunu {0} katılımcılarla başladı.",
    "games_nunchi_round_ended": "Nunchi turu sona erdi. {0} oyun dışı.",
    "games_nunchi_round_ended_boot": "Bazı kullanıcıların zaman aşımı nedeniyle Nunchi turu sona erdi. Bu kadar kullanıcı hala oyunda: {0}",
    "games_nunchi_round_started": "Nunchi turu {0} kullanıcılarıyla başladı. {1} numarasından saymaya başlayın.",
    "games_nunchi_next_number": "Numara kaydedildi. Son sayı {0} idi.",
    "games_nunchi_failed_to_start": "Nunchi başlayamadı, çünkü yeterli katılımcı yoktu.",
    "games_nunchi_created": "Nunchi oyunu kuruldu. Kullanıcıların katılmasını bekliyorum.",
    "music_sad_enabled": "Şarkılar, çalmayı bitirince müzik kuyruğundan silinir.",
    "music_sad_disabled": "Şarkılar, çalmayı bitirdiğinde artık müzik kuyruğundan silinmeyecek.",
    "utility_stream_role_enabled": "{0} rolündeki bir kullanıcı yayın başlattığında, onlara {1} rol vereceğim.",
    "utility_stream_role_disabled": "Yayın rolü özelliği devre dışı bırakıldı.",
    "utility_stream_role_kw_set": "Yayıncılar artık rol alabilmek için {0} anahtar kelimesine ihtiyaç duyuyorlar.",
    "utility_stream_role_kw_reset": "Yayın rolü anahtar kelimesini sıfırla.",
    "utility_stream_role_bl_add": "{0} kullanıcısı asla yayın rolünü almaz.",
    "utility_stream_role_bl_add_fail": "{0} kullanıcısı zaten kara listeye alındı.",
    "utility_stream_role_bl_rem": "{0} kullanıcısı artık kara listede değil.",
    "utility_stream_role_bl_rem_fail": "{0} kullanıcısı kara listeye alınmadı.",
    "utility_stream_role_wl_add": "Kullanıcı {0}, yayın başlığında anahtar kelime olmasa da yayın rolünü alacak.",
    "utility_stream_role_wl_add_fail": "{0} kullanıcısı zaten beyaz listeye alındı.",
    "utility_stream_role_wl_rem": "{0} kullanıcısı artık beyaz listede değil.",
    "utility_stream_role_wl_rem_fail": "{0} kullanıcısı beyaz listeye alınmadı.",
    "utility_bot_config_edit_fail": "{0} değerini {1} değerine ayarlama başarısız oldu",
    "utility_bot_config_edit_success": "{0} değeri {1} olarak ayarlandı.",
    "customreactions_crca_disabled": "{0} kimlikli özel reaksiyon, tetikleyici kelime cümlenin başında olmadığı sürece tetiklenmeyecektir.",
    "customreactions_crca_enabled": "{0} kimlikli özel reaksiyon, cümledeki herhangi bir yerde bulunursa tetiklenecektir.",
    "xp_server_level": "Sunucu Seviyesi",
    "xp_level": "Seviye",
    "xp_club": "Kulüp",
    "xp_xp": "Tecrübe",
    "xp_excluded": "{0}, bu sunucu XP sisteminden çıkarıldı.",
    "xp_not_excluded": "{0} artık bu sunucu XP sisteminden çıkartılmıyor.",
    "xp_exclusion_list": "Dışlanmış listesi",
    "xp_server_is_excluded": "Bu sunucu dışlanmıştır.",
    "xp_server_is_not_excluded": "Bu sunucu dışlanmamıştır.",
    "xp_excluded_roles": "Dışlanmış Roller",
    "xp_excluded_channels": "Dışlanmış Kanallar",
    "xp_level_up_channel": "Tebrikler {0}, {1} seviyesine ulaştınız!",
    "xp_level_up_dm": "Tebrikler {0}, {2} sunucusunda {1} seviyesine ulaştınız!",
    "xp_level_up_global": "Tebrikler {0}, {1} genel seviyesine ulaştınız!",
    "xp_role_reward_cleared": "{0} seviyesi artık bir rolü ödüllendirmeyecek.",
    "xp_role_reward_added": "{0} düzeyine ulaşan kullanıcılar {1} rol alacaktır.",
    "xp_level_x": "Seviye {0}",
    "xp_server_leaderboard": "Sunucu XP Lider Tablosu",
    "xp_global_leaderboard": "Genel XP Lider Tablosu",
    "xp_modified": "{0} kullanıcısının {1} tarafından değiştirilen sunucu XP'si",
    "xp_club_create_error": "Kulüp oluşturulamadı. Halihazırda bir kulübün üyesi olmadığınızdan ve 5. seviyenin üstünde olduğunuzdan emin olun.",
    "xp_club_created": "Kulüp {0} başarıyla oluşturuldu!",
    "xp_club_not_exists": "Bu kulüp yok.",
    "xp_club_applied": "{0} kulübüne üyelik başvurusunda bulundunuz.",
    "xp_club_apply_error": "Başvurularda hata oluştu. Siz zaten ya bir kulübün üyesiydiniz ya da minimum seviye gereksinimini karşılamıyorsunuz ya da bu kulüpten yasaklandınız.",
    "xp_club_accepted": "{0} kullanıcısı kulübe kabul edildi.",
    "xp_club_accept_error": "Kullanıcı bulunamadı.",
    "xp_club_left": "Kulübü terk ettin.",
    "xp_club_not_in_club": "Bir kulüpte değilsin veya kulübün sahibi olduğun kulüpten ayrılmaya çalışıyorsun.",
    "xp_club_user_kick": "{0} kullanıcısı {1} kulübünden atıldı.",
    "xp_club_user_kick_fail": "Atma hatası. Siz ya kulüp sahibi değilsiniz ya da o kullanıcı kulübünüzde değil.",
    "xp_club_user_banned": "{0} kullanıcısı {1} kulübünden yasaklandı.",
    "xp_club_user_ban_fail": "Yasaklama hatası. Siz ya kulüp sahibi değilsiniz ya da o kullanıcı kulübünüzde değil ya da kulübe başvurmuş.",
    "xp_club_user_unbanned": "{0} kullanıcısı {1} kulübündeki yasak kaldırıldı.",
    "xp_club_user_unban_fail": "Yasak kaldırmada hata. Siz ya kulüp sahibi değilsiniz ya da o kullanıcı kulübünüzde değil ya da kulübe başvurmuş.",
    "xp_club_level_req_changed": "Kulübün seviye gereksinimini {0} olarak değiştirildi",
    "xp_club_level_req_change_error": "Gerekli seviye değişimi başarısız.",
    "xp_club_disbanded": "{0} kulübü dağıtıldı",
    "xp_club_disband_error": "Hata. Ya bir kulüpte değilsin ya da kulübün sahibi değilsin.",
    "xp_club_icon_error": "Geçersiz bir resim URL'si veya kulüp sahibi değilsiniz.",
    "xp_club_icon_set": "Yeni kulüp simgesi ayarla.",
    "xp_club_bans_for": "{0} kulübü için yasaklar",
    "xp_club_apps_for": "{0} kulübü için başvuranlar",
    "xp_club_leaderboard": "Kulüp lider tablosu - sayfa {0}",
    "customreactions_edited_cust_react": "Özel Reaksiyon Düzenlendi",
    "administration_self_assign_are_exclusive": "Her gruptan yalnızca bir rol seçebilirsiniz.",
    "administration_self_assign_are_not_exclusive": "Herhangi bir gruptan istediğiniz sayıda rolü seçebilirsiniz.",
    "administration_self_assign_group": "{0} grubu",
    "gambling_reaction_desc": "{1}␣ almak için bu mesaja {0} reaksiyon ekleyin.",
    "gambling_reaction_footer": "Bu etkinlik {0} saat boyunca aktiftir.",
    "gambling_reaction_title": "Reaksiyon etkinliği başladı!",
    "administration_no_shards_on_page": "Bu sayfada shards yok.",
    "administration_shard_stats": "Shard istatistikleri",
    "administration_shard_stats_txt": "Shard **#{0}** {2} sunucu ile {1} durumda - {3} önce",
    "games_poll_closed": "Anket Kapandı!",
    "xp_club_not_exists_owner": "Kulübün sahibi veya yöneticisi değilsiniz.",
    "xp_club_admin_add": "{0} artık bir kulüp yöneticisi.",
    "xp_club_admin_remove": "{0} artık kulüp yöneticisi değil.",
    "xp_club_admin_error": "Hata. Siz kulüp sahibi değilsiniz, ya da o kulübünüzde değil.",
    "nsfw_started": "Başlatıldı. Her {0} sn'de tekrar yayınlanıcak.",
    "nsfw_stopped": "Tekrar yayınlama durduruldu.",
    "searches_feed_added": "Besleme eklendi.",
    "searches_feed_not_valid": "Geçersiz bağlantı var veya bu sunucudaki feed'i zaten izliyorsunuz veya izin verilen maksimum sayıda yayına ulaştınız.",
    "searches_feed_out_of_range": "Dizin aralık dışı.",
    "searches_feed_removed": "Besleme kaldırıldı.",
    "searches_feed_no_feed": "Bu sunucudaki herhangi bir yayına abone değilsiniz.",
    "administration_restart_fail": "RestartCommand'ı, credentials.json dosyanıza kurmanız gerekir",
    "administration_restarting": "Yeniden Başlatılıyor.",
    "customreactions_edit_fail": "Bu kimliği olan özel reaksiyon mevcut değil.",
    "searches_streaming": "Yayın Akışı",
    "searches_followers": "Takipçiler",
    "gambling_rafflecur": "{0} Döviz Parası",
    "gambling_rafflecur_joined": "{0} kullanıcısı çekilişe katıldı",
    "gambling_rafflecur_already_joined": "Bu çekilişe zaten katıldınız veya kullandığınız değer geçerli değil.",
    "gambling_rafflecur_ended": "{0} çekilişi sona erdi. {1} kazandı {2}!",
    "music_autodc_enable": "Çalınacak başka şarkı olmadığında ses kanalından bağlantısını keserim.",
    "music_autodc_disable": "Çalacak başka şarkı olmadığında artık ses kanalından bağlantıyı kesmeyeceğim.",
    "gambling_timely_none": "Bot sahibi zamanında ödül belirtmedi.",
    "gambling_timely_already_claimed": "Zaten ödülünüzü zamanında talep ettiniz. {0} 'da tekrar alabilirsiniz.",
    "gambling_timely": "{0} ürününüzü talep ettiniz. {1} saat sonra tekrar ödül talebinde bulunabilirsiniz",
    "gambling_timely_set": "Kullanıcılar her {1} saatte {0} talep edebilecek",
    "gambling_timely_set_none": "Kullanıcılar zamanında para talebinde bulunamayacaklardır.",
    "gambling_timely_reset": "Tüm kullanıcılar tekrar zamanında para talebinde bulunabilecektir.",
    "gambling_waifu_transfer_fail": "Siz o waifu'nun sahibi değilsiniz, ve ya bunu göze alamazsınız. Alternatif olarak girişiniz geçersiz.",
    "gambling_waifu_transfer_success": "{0} üzerindeki hak talebi {1} ile {2} arasında aktarıldı",
    "searches_authors": "Yazarlar",
    "administration_sql_confirm_exec": "Aşağıdaki SQL komutunun yürütülmesini onaylayın",
    "searches_price": "Fiyat",
    "searches_market_cap": "Piyasa değeri",
    "searches_volume_24h": "Hacim (24 saat)",
    "searches_change_7d_24h": "Değiştir (7 gün / 24 saat)",
    "searches_crypto_not_found": "Bu adla şifreleme durumu bulunamadı.",
    "searches_did_you_mean": "{0} mı demek istediniz?",
    "administration_self_assign_level_req": "Kendinden atanabilir rol {0} şimdi en azından sunucu düzeyi {1} gerektiriyor.",
    "administration_self_assign_not_level": "Bu kendinden atanabilir rol, en azından {0} sunucu düzeyini gerektirir.",
    "administration_invalid": "Geçersiz / Bulunamadı ({0})",
    "administration_mass_kill_in_progress": "Kitlesel Yasaklama ve {0} kullanıcılarının Kara Listeleme işlemleri sürüyor...",
    "administration_mass_kill_completed": "Kitle Yasaklaması ve {0} kullanıcısının Kara Listeleme işlemi tamamlandı.",
    "xp_cur_reward_cleared": "{0} seviyesine ulaşmanız artık {1} ödülünü almaz.",
    "xp_cur_reward_added": "{0} düzeyine erişen kullanıcılar {1} alacaklar.",
    "xp_level_up_rewards": "Seviye Atlama Ödülleri",
    "xp_role_reward": "{0} rol",
    "xp_no_level_up_rewards": "Bu sayfada seviye atlama ödülü yok.",
    "searches_failed_finding_novel": "O romanı bulamıyorum. Tam adını yazdığınızdan ve novelupdates.com'da var olduğundan emin olun.",
    "administraton_remove_roles": "rollerini kaldırdılar",
    "administration_delmsg_channel_off": "Bu kanalda başarıyla uygulanan komutları otomatik olarak silinmeyecektir.",
    "administration_delmsg_channel_on": "Sunucu ayarından bağımsız olarak, bu kanaldaki komutları başarıyla yürüten mesajları otomatik silinecektir.",
    "administration_delmsg_channel_inherit": "Bu kanala komutları başarıyla yürüten iletileri yalnızca sunucuda bu özellik etkinleştirildiyse otomatik olarak silinecektir.",
    "administration_server_delmsgoncmd": "Sunucu Ayarları",
    "administration_channel_delmsgoncmd": "Kanala Özgü Ayarlar",
    "help_options": "Ayarlar",
    "gambling_waifu_reset": "Senin eş istatistiklerin sıfırlandı.",
    "gambling_waifu_reset_fail": "Eş istatistiklerin sıfırlanamadı. Yeterli para birimine sahip olduğunuzdan emin olun.",
    "gambling_waifu_reset_confirm": "Bu, eş istatistiklerinizi sıfırlayacak",
    "gambling_cost": "Bu işlem size {0} mal olacak.",
    "music_unset_music_channel": "Şimdi kanalda müzik başlatıldığı zaman oynatma, bitirme, durdurma ve silme işlemlerinin çıktılarını yapacağım.",
    "searches_city_not_found": "Şehir bulunamadı.",
    "administration_joined_discord": "Discord'a bağlandı",
    "administration_joined_server": "Sunucuya bağlandı",
    "administration_bot_config_reloaded": "Bot yapılandırması yeniden yüklendi.",
    "xp_club_transfered": "{0} kulübünün mülkiyeti {1} 'e devredildi.",
    "xp_club_transfer_failed": "Aktarım başarısız oldu. Kulübün sahibi olmalısın. Hedef, kulübünüzün bir üyesi olmalıdır.",
    "gambling_roll_duel_challenge": "{1} , {2} için bir rulo düellosu için meydan okudu",
    "gambling_roll_duel": "Rulo Düellosu",
    "gambling_roll_duel_no_funds": "Sizin veya rakibinizin yeterli parası yok.",
    "gambling_roll_duel_timeout": "Rulo düello meydan okuması kabul edilmedi.",
    "gambling_roll_duel_already_challenged": "Bu kullanıcı zaten bir rulo düellosu için meydan okudu.",
    "gambling_won": "Kazandı",
    "gambling_transactions": "{0} kullanıcısının işlemleri",
    "gambling_rps_draw": "Beraberlik! Her ikisi de {0} seçti",
    "gambling_rps_win": "{0} kazandı! {1} atıyor {2}",
    "utility_roleid": "{1} rolünün {0} değeri {2}",
    "administration_warning_clear_fail": "Uyarı silinemedi. Ya o dizinde uyarı yok ya da zaten temizlendi.",
    "administration_warning_cleared": "{1} için {0} uyarı kaldırıldı.",
    "xp_club_desc_updated": "Kulüp açıklaması {0} olarak güncellendi",
    "xp_club_desc_update_failed": "Kulüp açıklamasını değiştiremedim.",
    "searches_account_not_found": "Bu hesap yok veya özel olarak ayarlandı.",
    "searches_ninja_not_found": "Bu ismi taşıyan para birimi bulunamadı veya geçersiz bir lig adı verildi.",
    "searches_leagues_not_found": "Path of Exile API'sinden veri alınamadı.",
    "searches_pog_not_found": "Path of Exile Vikisinde geçersiz öğe veya verisi alınamadı.",
    "administration_reaction_roles_message": "**Roller:** {0}\n**İçerik:** {1}",
    "administration_no_reaction_roles": "Bu sunucuda etkinleştirilmiş hiçbir ReactionRole özelliği yok.",
    "administration_reaction_role_removed": "ReactionRole #{0} iletisi kaldırıldı",
    "administration_reaction_roles_full": "ReactionRole iletileri sınırına ulaştınız. Bazılarını silmeniz gerekiyor.",
    "utility_reminder_list": "Hatırlatıcıların listesi",
    "utility_reminder_deleted": "Hatırlatma #{0} silindi.",
    "utility_reminder_not_exist": "Bu dizinde anımsatıcı yok.",
    "utility_reminders_none": "Bu sayfada hatırlatıcı yok.",
    "gambling_bj_created": "bu kanalda yeni bir BlackJack oyunu oluşturuldu.",
    "gambling_bj_joined": "BlackJack oyununa katıldı",
    "xp_reset": "Xp Sıfırla",
    "xp_reset_server_confirm": "Sunucudaki tüm kullanıcıların XP'sini sıfırlamak istediğinizden emin misiniz?",
    "xp_reset_user_confirm": "Belirtilen kullanıcının XP'sini bu sunucuda sıfırlamak istediğinizden emin misiniz?",
    "xp_reset_user": "{0} kimliğine sahip olan kullanıcıların XP'leri bu sunucuda sıfırlandı.",
    "xp_reset_server": "Sunucu üzerindeki tüm kullanıcıların XP'si sıfırlandı.",
    "searches_distance": "{0} ile {1} arasındaki mesafe {2}km",
    "gambling_bot_list_awarded": "{1} kullanıcıları {0} kazandı!"
}