{
  "customreactions_all_stats_cleared": "Статистика усіх користувацьких реакцій очищена.",
  "customreactions_deleted": "Користувацькі реакції видалені",
  "customreactions_insuff_perms": "Недостатньо дозволів. Потрібен власник бота для глобальних користувацьких реакцій, та адміністратора для користувацьких реакцій сервера.",
  "customreactions_list_all": "Список усіх користувацьких реакцій",
  "customreactions_name": "Користувацькі реакції",
  "customreactions_new_cust_react": "Нова користувацька реакція",
  "customreactions_no_found": "Не знайдено користувацької реакції.",
  "customreactions_no_found_id": "Не знайдено реакції з цим ідентифікатором.",
  "customreactions_response": "Відповідь",
  "customreactions_stats": "Статистика користувацької реакції",
  "customreactions_stats_cleared": "Статистика очищена для {0} користувацької реакції.",
  "customreactions_stats_not_found": "Не знайдена статистика для цього триґера, немає вибраних дій.",
  "customreactions_trigger": "Триґер",
  "nsfw_autohentai_stopped": "Автогентай зупинився.",
  "nsfw_not_found": "Не знайдено результатів.",
  "pokemon_already_fainted": "{0} вже у непритомному стані.",
  "pokemon_already_full": "{0} вже має повний HP.",
  "pokemon_already_that_type": "Ваш тип вже є {0}",
  "pokemon_attack": "використано {0}{1} на {2}{3} для {4} пошкодження.",
  "pokemon_cant_attack_again": "Ви не можете атакувати знову, без відплати!",
  "pokemon_cant_attack_yourself": "Ви не можете атакувати себе.",
  "pokemon_fainted": "{0} у непритомному стані!",
  "pokemon_healed": "зцілив {0} з одним {1}",
  "pokemon_hp_remaining": "{0} має {1} HP решти.",
  "pokemon_invalid_move": "Ви не можете використовувати {0}. Введіть `{1}ml` щоб переглянути список рухів, які ви можете використовувати.",
  "pokemon_moves": "Список рухів для {0} типу",
  "pokemon_not_effective": "Це неефективно.",
  "pokemon_no_currency": "Ви не маєте достатньо {0}",
  "pokemon_revive_other": "відродився {0} з одним {1}",
  "pokemon_revive_yourself": "Ви відродили себе з одним {0}",
  "pokemon_settype_success": "Ваш тип був змінений на {0} для {1}",
  "pokemon_somewhat_effective": "Це більш ефективно.",
  "pokemon_super_effective": "Це дуже ефективно!",
  "pokemon_too_many_moves": "Ви використовували занадто багато рухів поспіль, тому ви не можете рухатися!",
  "pokemon_type_of_user": "Тип {0} є {1}",
  "pokemon_user_not_found": "Користувач незнайдений.",
  "pokemon_you_fainted": "Ви у непритомному стані, тому ви не можете рухатися!",
  "administration_aar_disabled": "**Автоматичне призначення ролі** користувачу, який щойно приєднався **вимкнене**.",
  "administration_aar_enabled": "**Автоматичне призначення ролі** користувачу, який щойно приєднався **увімкнене**.",
  "administration_attachments": "Додатки",
  "administration_avatar_changed": "Аватар змінений",
  "administration_bandm": "Ви були заблоковані на {0} сервері.\nПричина: {1}",
  "administration_banned_pl": "заблокований",
  "administration_banned_user": "Користувач заблокований",
  "administraton_remove_roles": "їх ролі вилучені",
  "administration_bot_name": "Ім'я бота змінене на {0}",
  "administration_bot_status": "Статус бота змінений на {0}",
  "administration_byedel_off": "Автоматичне видалення прощальних повідомлень було вимкнене.",
  "administration_byedel_on": "Прощальне повідомлення буде видалене через {0} секунд.",
  "administration_byemsg_cur": "Поточне прощальне повідомлення: {0}",
  "administration_byemsg_enable": "Увімкнути прощальне повідомлення, набравши {0}",
  "administration_byemsg_new": "Нове прощальне повідомлення задане.",
  "administration_bye_off": "Прощальні оголошення вимкнені.",
  "administration_bye_on": "Прощальні оголошення увімкнені на цьому каналі.",
  "administration_ch_name_change": "Ім'я каналу змінене",
  "administration_ch_old_name": "Старе ім'я",
  "administration_ch_topic_change": "Тема каналу змінена",
  "administration_cleaned_up": "Прибраний.",
  "administration_content": "Вміст",
  "administration_cr": "Успішно створена роль {0}",
  "administration_createtextchan": "Текстовий канал {0} створений.",
  "administration_createvoich": "Голосовий канал {0} створений.",
  "administration_deafen": "Успішно вимкнений звук.",
  "administration_deleted_server": "Видалений сервер {0}",
  "administration_delmsg_off": "Я більше не буду автоматично видаляти повідомлення, які успішно виконують команди на цьому сервері.",
  "administration_delmsg_on": "Я буду автоматично видаляти повідомлення, які успішно виконують команди на цьому сервері.",
  "administration_delmsg_channel_off": "Я ніколи не буду автоматично видаляти повідомлення, які успішно виконують команди на цьому каналі.",
  "administration_delmsg_channel_on": "Я завжди буду автоматично видаляти повідомлення, які успішно виконують команди на цьому каналі, незалежно від налаштувань сервера.",
  "administration_delmsg_channel_inherit": "Я буду автоматично видаляти повідомлення, які успішно виконують команди на цьому каналі, лише якщо ця функція увімкнена на сервері.",
  "administration_server_delmsgoncmd": "Налаштування сервера",
  "administration_channel_delmsgoncmd": "Спеціальні налаштування каналу",
  "administration_deltextchan": "Текстовий канал {0} видалений.",
  "administration_delvoich": "Голосовий канал {0} видалений.",
  "administration_dm_from": "DM від",
  "administration_donadd": "Успішно доданий новий пожертвувач.Загальна сума пожертвування від цього користувача: {0} 👑",
  "administration_donators": "Дякую людям, перерахованим нижче, що зробили цей проект!",
  "administration_fwall_start": "Я буду пересилати DMs до усіх власників.",
  "administration_fwall_stop": "Я буду пересилати DMs лише до першого власника.",
  "administration_fwdm_start": "Відтепер я буду пересилати DMs.",
  "administration_fwdm_stop": "Відтепер я перестаю пересилати DMs.",
  "administration_greetdel_off": "Автоматичне видалення привітальних повідомлень було вимкнене.",
  "administration_greetdel_on": "Привітальні повідомлення будуть видалені через {0} секунд.",
  "administration_greetdmmsg_cur": "Поточне DM привітальне повідомлення: {0}",
  "administration_greetdmmsg_enable": "Увімкнути DM привітальне повідомлення, набравши {0}",
  "administration_greetdmmsg_new": "Нове DM привітальне повідомлення задане.",
  "administration_greetdm_off": "DM привітальне оголошення вимкнене.",
  "administration_greetdm_on": "DM привітальне оголошення увімкнене.",
  "administration_greetmsg_cur": "Поточне привітальне повідомлення: {0}",
  "administration_greetmsg_enable": "Увімкнути привітальні повідомлення, набравши {0}",
  "administration_greetmsg_new": "Нове привітальне повідомлення задане.",
  "administration_greet_off": "Привітальні оголошення вимкнені.",
  "administration_greet_on": "Привітальні оголошення увімкнені на цьому каналі.",
  "administration_hierarchy": "Ви не можете використовувати цю команду для користувачів із роллю, яка вище або рівна вашій у ієрархії ролей.",
  "administration_images_loaded": "Зображення перезавантажені.",
  "administration_invalid_format": "Невірний формат введення.",
  "administration_invalid_params": "Невірні параметри.",
  "administration_joined": "{0} приєднався {1}",
  "administration_kickdm": "Ви були вигнані з {0} сервера.\nПричина: {1}",
  "administration_kicked_user": "Користувач вигнаний",
  "administration_lang_list": "Список мов",
  "administration_lang_set": "Розташування вашого сервера тепер {0} - {1}",
  "administration_lang_set_bot": "Розташування бота за замовчуванням тепер {0} - {1}",
  "administration_lang_set_bot_show": "Мова бота задана на {0} - {1}",
  "administration_lang_set_fail": "Невдалі налаштування розташування. Повторіть ці команди допомоги.",
  "administration_lang_set_show": "Мова цього сервера задана на {0} - {1}",
  "administration_left": "{0} залишив {1}",
  "administration_left_server": "Покинутий сервер {0}",
  "administration_log": "Ведення журналу {0} подій на цьому каналі.",
  "administration_log_all": "Ведення журналу усіх подій на цьому каналі.",
  "administration_log_disabled": "Ведення журналу вимкнене.",
  "administration_log_events": "Журнал подій, на який ви можете підписатися:",
  "administration_log_ignore": "Ведення журналу юуде ігнорувати {0}",
  "administration_log_not_ignore": "Ведення журналу не буде ігнорувати {0}",
  "administration_log_stop": "Зупинилося ведення журналу {0} подій.",
  "administration_menrole": "{0} закликав згадати про такі ролі",
  "administration_message_from_bo": "Повідомлення від {0} `[Bot Owner]`",
  "administration_message_sent": "Повідомлення надіслане.",
  "administration_moved": "{0} переїхав з {1} до {2}",
  "administration_msg_del": "Повідомлення видалене в #{0}",
  "administration_msg_update": "Повідомлення оновлене в #{0}",
  "administration_muted_pl": "Приглушений",
  "administration_muted_sn": "Приглушений",
  "administration_mute_error": "Я не маю дозволу, необхідного для цього, швидше за все.",
  "administration_mute_role_set": "Нова роль з вимкненим мікрофоном задана.",
  "administration_need_admin": "Мені потрібен **Адміністрація** дозвіл щоб зробити це.",
  "administration_new_msg": "Нове повідомлення",
  "administration_new_nick": "Нове прізвисько",
  "administration_new_topic": "Нова тема",
  "administration_nick_change": "Прізвисько змінене",
  "administration_no_server": "Не вдається знайти цей сервер",
  "administration_no_shard_id": "Не вдається знайти shard з цим ідентифікатором.",
  "administration_old_msg": "Старе повідомлення",
  "administration_old_nick": "Старе прізвисько",
  "administration_old_topic": "Стара тема",
  "administration_perms": "Помилка. Швидше за все, я не маю достатньо дозволів.",
  "administration_prot_active": "Активний захист",
  "administration_prot_disable": "{0} був **вимкнений** на цьому сервері.",
  "administration_prot_enable": "{0} Увімкнений",
  "administration_prot_error": "Помилка. мені потрібен дозвіл керування ролями",
  "administration_prot_none": "Захист не увімкнений.",
  "administration_raid_cnt": "Поріг користувача повинен бути між {0} і {1}.",
  "administration_raid_stats": "Якщо {0} або більше користувачів приєднаються протягом {1} секунд, Я буду {2} їх.",
  "administration_raid_time": "Час має бути між {0} і {1} секундами.",
  "administration_rar": "Успішно вилучені всі ролі від користувача {0}",
  "administration_rar_err": "Не вдалося вилучити ролі. Я маю недостатньо дозволів.",
  "administration_rc": "Колір {0} ролі був змінений.",
  "administration_rc_not_exist": "Ця роль не існує.",
  "administration_rc_params": "Вказані параметри недійсні.",
  "administration_rc_perms": "Виникла помилка через невірний колір, або недостатньо дозволів.",
  "administration_remrole": "Успішно вилучена роль {0} від користувача {1}",
  "administration_remrole_err": "Не вдалося вилучити роль. Я маю недостатньо дозволів.",
  "administration_renrole": "Роль перейменована.",
  "administration_renrole_err": "Не вдалося перейменувати роль. Я маю недостатньо дозволів.",
  "administration_renrole_perms": "Ви не можете редагувати ролі, вищі вашої найвищої ролі.",
  "administration_reprm": "Вилучене гральне повідомлення: {0}",
  "administration_role_added": "Роль {0} була додана до списку в групі {1}.",
  "administration_role_clean": "{0} не знайдений.Прибраний.",
  "administration_role_in_list": "Роль (0) вже в списку.",
  "administration_ropl_added": "Доданий.",
  "administration_ropl_disabled": "Оберт грального статусу вимкнений.",
  "administration_ropl_enabled": "Оберт грального статусу увімкнений.",
  "administration_ropl_list": "Ось список обертів статусів:\n{0}",
  "administration_ropl_not_set": "Не задані оберти гральних статусів.",
  "administration_self_assign_already": "Ви вже маєте {0} роль.",
  "administration_self_assign_already_excl": "Ви вже маєте {0} виняткову, самостійно призначену роль.",
  "administration_self_assign_excl": "Призначення собі ролі тепер є винятком!",
  "administration_self_assign_list": "Існують {0} самостійно призначені ролі",
  "administration_self_assign_not": "Ця роль не є самостійно призначеною.",
  "administration_self_assign_not_have": "Ви не маєте {0} роль.",
  "administration_self_assign_no_excl": "Призначення собі ролі тепер не є винятком!",
  "administration_self_assign_perms": "Я не можу додати цю роль вам. `Я не можу додати ролі до власників чи інших ролей, які перевищують мою роль у ієрархії ролей.`",
  "administration_self_assign_rem": "{0} був вилучений зі списку самостійно призначених ролей.",
  "administration_self_assign_remove": "Ви більше не маєте {0} роль.",
  "administration_self_assign_success": "Ви тепер маєте {0} роль.",
  "administration_setrole": "Успішно додана роль {0} користувачеві {1}",
  "administration_setrole_err": "Не вдалося додати роль. Я маю недостатньо дозволів.",
  "administration_set_avatar": "Новий аватар заданий!",
  "administration_set_channel_name": "Нове ім'я каналу задане.",
  "administration_set_game": "Нова гра задана!",
  "administration_set_stream": "Новий потік заданий!",
  "administration_set_topic": "Нова тема каналу задана.",
  "administration_shard_reconnected": "Фрагмент {0} знову підключений.",
  "administration_shard_reconnecting": "Фрагмент {0} повторно підключений.",
  "administration_shutting_down": "Закриття",
  "administration_slowmode_desc": "Користувачі не можуть відправити більше {0} повідомлень кожні {1} секунди.",
  "administration_slowmode_disabled": "Повільний режим вимкнений.",
  "administration_slowmode_init": "Повільний режим ініційований",
  "administration_soft_banned_pl": "м'яке блокування",
  "administration_spam_ignore": "{0} буде ігнорувати цей канал.",
  "administration_spam_not_ignore": "{0} не буде більше ігнорувати цей канал.",
  "administration_spam_stats": "Якщо користувач публікує {0} таких самих повідомлень поспіль, Я буду {1} їх.\n    __ІгноруютьсяКанали__: {2}",
  "administration_text_chan_created": "Текстовий канал створений.",
  "administration_text_chan_destroyed": "Текстовий канал зруйнований.",
  "administration_undeafen": "Успішно увімкнений звук.",
  "administration_unmuted_sn": "Не приглушений",
  "administration_username": "Ім'я користувача",
  "administration_username_changed": "Ім'я користувача змінене",
  "administration_users": "Користувачі",
  "administration_user_banned": "Користувач заблокований",
  "administration_user_chat_mute": "{0} був **приглушений** у чаті.",
  "administration_user_chat_unmute": "{0} був **не приглушений** у чаті.",
  "administration_user_joined": "Користувач приєднався",
  "administration_user_left": "Користувач залишив",
  "administration_user_muted": "{0} був **приглушений** у текстовому та голосовому чаті.",
  "administration_user_role_add": "Додана роль користувачам",
  "administration_user_role_rem": "Вилучена роль користувачів",
  "administration_user_status_change": "{0} тепер {1}",
  "administration_user_unmuted": "{0} був **не приглушений** у текстовому та голосовому чаті.",
  "administration_user_vjoined": "{0} приєднався до {1} голосового каналу.",
  "administration_user_vleft": "{0} залишив {1} голосовий канал.",
  "administration_user_vmoved": "{0} переїхав з {1} на {2} голосовий канал.",
  "administration_user_voice_mute": "{0} був **приглушений голос**.",
  "administration_user_voice_unmute": "{0} був **не приглушений голос**.",
  "administration_voice_chan_created": "Голосовий канал створений",
  "administration_voice_chan_destroyed": "Голосовий канал зруйнований",
  "administration_vt_disabled": "Вимкнена голосова + текстова функція.",
  "administration_vt_enabled": "Увімкнена голосова + текстова функція.",
  "administration_vt_exit": "Я не маю **керувння ролями** і/або **керування каналами** дозволів, тому Я не можу бігати `голос+текст` на {0} сервері.",
  "administration_vt_no_admin": "Ви вмикаєте/вимикаєте цю функцію і **Я не маю АДМІНІСТРАТОР дозволів**. Це може спричинити певні проблеми, і вам доведеться очищати текстові канали самостійно.",
  "administration_vt_perms": "Мені потрібні щонайменше **керування ролями** і **керування каналами** дозволи для увімкнення цієї функції (бажаний Адміністративний дозвіл)",
  "administration_xmuted_text": "Користувач {0} у текстовому чаті",
  "administration_xmuted_text_and_voice": "Користувач {0} у текстовому та голосовому чаті",
  "administration_xmuted_voice": "Користувач {0} у голосовому чаті",
  "administration_sbdm": "Ви були м'яко заблоковані на {0} сервері.\nПричина: {1}",
  "administration_user_unbanned": "Користувач розблокований",
  "administration_migration_done": "Міграція виконана!",
  "administration_presence_updates": "Наявність оновлень",
  "administration_sb_user": "Користувач м'яко заблокований",
  "gambling_awarded": "нагородив {0} до {1}",
  "gambling_better_luck": "Пощастить наступного разу ^_^",
  "gambling_br_win": "Вітання! Ви виграли {0} для прокрутки вище {1}",
  "gambling_deck_reshuffled": "Колода переміщена.",
  "gambling_flipped": "перевернутий {0}.",
  "gambling_flip_guess": "Ви вгадали! Ви виграли {0}",
  "gambling_flip_invalid": "Вказаний номер невірний. Ви можете перевернути 1 до {0} монет.",
  "gambling_gifted": "обдарований {0} до {1}",
  "gambling_has": "{0} має {1}",
  "gambling_heads": "Голова",
  "gambling_leaderboard": "Дошка лідерів",
  "gambling_mass_award": "Нагороджений {0} до {1} користувачі з {2} роль.",
  "gambling_max_bet_limit": "Ви не можете робити ставку більш ніж {0}",
  "gambling_min_bet_limit": "Ви не можете робити ставку менше ніж {0}",
  "gambling_not_enough": "Ви не маєте достатньо {0}",
  "gambling_no_more_cards": "Немає більше карт в колоді.",
  "gambling_raffled_user": "Розіграний користувач",
  "gambling_roll": "Ви прокрутили {0}.",
  "gambling_slot_bet": "Ставка",
  "gambling_slot_jackpot": "ОГОООООООО!!! Вітання!!! x{0}",
  "gambling_slot_single": "Одинокий {0}, x{1}",
  "gambling_slot_three": "Ого! Пощастило! Три в колоді! x{0}",
  "gambling_slot_two": "Гарна робота! Два {0} - ставка x{1}",
  "gambling_slot_won": "Виграв",
  "gambling_sneakygamestatus_desc": "Користувачі повинні ввести секретний код, щоб отримати {0}.\nТриває {1} секунд. Не повідомляйте нікому. Тссс.",
  "gambling_sneakygamestatus_end": "Подія Підла Гра закінчилася, {0} користувачі отримали нагороду.",
  "gambling_sneakygamestatus_title": "Подія Статус Підлої гри почалася",
  "gambling_tails": "Хвіст",
  "gambling_take": "успішно взяв {0} від {1}",
  "gambling_take_fail": "не вдалося взяти {0} від{1} оскільки користувач не має багато {2}!",
  "gambling_transactions": "Операції користувача {0}",
  "help_back_to_toc": "Назад до ToC",
  "help_bot_owner_only": "Тільки власник бота",
  "help_channel_permission": "Вимагає {0} дозвіл каналу.",
  "help_cmdlist_donate": "Ви можете підтримати проект на patreon: <{0}> або paypal: <{1}>",
  "help_cmd_and_alias": "Команди та псевдоніми",
  "help_commandlist_regen": "Список команд регенерований.",
  "help_commands_instr": "Введіть `{0}h CommandName` щоб побачити довідку для вказаної команди. наприклад `{0}h {0}8ball`",
  "help_command_not_found": "Я не можу знайти цю команду. Будь ласка перевірте, чи існує команда, перш ніж намагатися знову.",
  "help_desc": "Опис",
  "help_donate": "Ви можете підтримати проект NadekoBot на \nPatreon <{0}> або\nPaypal <(1)>\nНе забудьте залишити ваше discord ім'я або ідентифікатор в повідомленні.\n\n**Дякую** ♥",
  "help_guide": "**Список команд**: <{0}>\n**Хостингові посібники та документи можна знайти тут**: <{1}>",
  "help_list_of_commands": "Список команд",
  "help_list_of_modules": "Список модулів",
  "help_modules_footer": "Введіть `{0}cmds ModuleName`, щоб отримати список команд у цьому модулі, наприклад `{0}cmds games`",
  "help_module_not_found": "Цей модуль не існує.",
  "help_server_permission": "Потрібен {0} дозвіл сервера.",
  "help_table_of_contents": "Зміст",
  "help_usage": "Використання",
  "help_options": "Параметри",
  "nsfw_autohentai_started": "Автогентай почався. Поповнення кожні {0}s з одним із наведених нижче тегів:\n{1}",
  "nsfw_тег": "Тег",
  "gambling_animal_race": "Animal Race",
  "gambling_animal_race_failed": "Не вдалося розпочати, оскільки учасників не було достатньо.",
  "gambling_animal_race_full": "Гонка повна! Запустити негайно.",
  "gambling_animal_race_join": "{0} приєднався як {1}",
  "gambling_animal_race_join_bet": "{0} приєднався як {1} і поставив {2}!",
  "gambling_animal_race_join_instr": "Введіть {0}jr щоб приєднатися до гонки.",
  "gambling_animal_race_starting": "Запустити через {0} секунд або коли кімната заповнена.",
  "gambling_animal_race_starting_with_x": "Запустити з {0} учасниками.",
  "gambling_animal_race_won": "{0} як {1} Виграв гонку!",
  "gambling_animal_race_won_money": "{0} як {1} Виграв гонку і {2}!",
  "gambling_dice_invalid_number": "Вказано невірний номер. Ви можете кинути {0}-{1} кістки одночасно.",
  "gambling_dice_rolled": "прокат {0}",
  "gambling_dice_rolled_num": "Кістки прокату: {0}",
  "gambling_race_failed_starting": "Не вдалося почати гонку. Ймовірно йде інша гонка.",
  "gambling_race_not_exist": "Немає гонки на цьому сервері",
  "gambling_second_larger_than_first": "Другий номер має бути більше, ніж перший.",
  "gambling_changes_of_heart": "Зміни серця",
  "gambling_claimed_by": "Заявлено",
  "gambling_divorces": "Розлучення",
  "gambling_likes": "Вподобане",
  "gambling_price": "Ціна",
  "gambling_waifus_none": "Ніяких waifu ще не було заявлено.",
  "gambling_waifus_top_waifus": "Кращі Waifu",
  "gambling_waifu_affinity_already": "ваша спорідненість вже задана у цьому waifu, або ви намагаєтеся вилучити вашу спорідненість, якої ще немає.",
  "gambling_waifu_affinity_changed": "змінив їх спорідненість з {0} на {1}.\n\n*Це є моральним питанням.*🤔",
  "gambling_waifu_affinity_cooldown": "Ви повинні почекати {0} годин і {1} хвилини, щоб змінити вашу спорідненість знову.",
  "gambling_waifu_affinity_reset": "Ваша спорідненість скинута. Ви більше не маєте особу, яка вам подобається.",
  "gambling_waifu_affinity_set": "хоче бути {0}'s waifu. Aww <3",
  "gambling_waifu_claimed": "стверджував {0} як їхній waifu для {1}!",
  "gambling_waifu_divorced_like": "Ви розлучилися з waifu, який любить вас. Ви бездушний монстр.\n{0} отримали {1} як компенсацію.",
  "gambling_waifu_egomaniac": "ви не можете встановити спорідненість сам собі, ви его-маніяк.",
  "gambling_waifu_fulfilled": "🎉 Їх любов виконана! 🎉\n{0}'s нове значення є {1}!",
  "gambling_waifu_isnt_cheap": "Немає безкоштовних waifu. Ви повинні заплатити щонайменше {0}, щоб отримати waifu, навіть якщо їх фактичне значення нижче.",
  "gambling_waifu_not_enough": "Ви повинні заплатити {0} або більше, щоб претендувати на цей waifu!",
  "gambling_waifu_not_yours": "Цей waifu не ваш.",
  "gambling_waifu_not_yourself": "Ви не можете претендувати на себе.",
  "gambling_waifu_recent_divorce": "Ви розлучилися нещодавно. Ви повинні зачекати {0} годин і {1} хвилин, щоб розлучитися знову.",
  "gambling_waifu_transfer_fail": "Ви не є власником цього waifu, або ви не можете дозволити собі це. Крім того, ваш вхід недійсний.",
  "gambling_waifu_transfer_success": "Заява на {0} переведена з {1} до {2}",
  "gambling_nobody": "Ніхто",
  "gambling_waifu_divorced_notlike": "Ви розлучилися з waifu, який вам не подобається. Ви отримали {0} назад.",
  "gambling_waifu_reset": "Ваша статистика waifu була скинута.",
  "gambling_waifu_reset_fail": "Не вдалося скинути статистику waifu. Переконайтеся, що у вас є достатньо валюти.",
  "gambling_waifu_reset_confirm": "TЦе скине вашу статистику waifu",
  "gambling_cost": "Ця дія буде коштувати вам {0}.",
  "games_8ball": "8ball",
  "games_acrophobia": "Acrophobia",
  "games_acro_ended_no_sub": "Гра закінчилася без подання.",
  "games_acro_no_votes_cast": "Немає голосів. Гра закінчилася без перемоги.",
  "games_acro_nym_was": "Скорочення було {0}.",
  "games_acro_running": "Гра Acrophobia вже запущена на цьому каналі.",
  "games_acro_started": "Гра почалася. Створіть пропозицію з таким акронімом: {0}.",
  "games_acro_started_footer": "У вас є {0} секунд, щоб зробити подання.",
  "games_acro_submit": "{0} виніс свій вирок. ({1} всього)",
  "games_acro_vote": "Проголосуйте, набравши декілька подань",
  "games_acro_vote_cast": "{0} віддати свій голос!",
  "games_acro_winner": "Переможець {0} з {1} балами.",
  "games_acro_winner_only": "{0} є переможцем для того, щоб бути єдиним користувачем, який зробив подання!",
  "games_question": "Питання",
  "games_rps_draw": "Це нічия! Обидва вибрані {0}",
  "games_rps_win": "{0} виграв! {1} б'є {2}",
  "games_submissions_closed": "Заявки закриті",
  "gambling_animal_race_already_started": "Animal Race вже працює.",
  "gambling_total_average": "Всього: {0} Середній: {1}",
  "games_category": "Категорія",
  "games_cleverbot_disabled": "Cleverbot вимкнений на цьому сервері.",
  "games_cleverbot_enabled": "Cleverbot увімкнений на цьому сервері.",
  "games_curgen_disabled": "Генерація грошових одиниць вимкнена на цьому каналі.",
  "games_curgen_enabled": "Генерація грошових одиниць увімкнена на цьому каналі.",
  "games_curgen_pl": "{0} випадковий {1} з'явився!",
  "games_curgen_sn": "Випадковий {0} з'явився!",
  "games_failed_loading_question": "Не вдалося завантажити запитання.",
  "games_game_started": "Гра запустилася",
  "games_hangman_game_started": "Hangman гра запустилася",
  "games_hangman_running": "Hangman гра вже запущена на цьому каналі.",
  "games_hangman_start_errored": "Помилка запуску hangman.",
  "games_hangman_types": "Список \"{0}hangman\" термінові типи:",
  "games_leaderboard": "Дошка лідерів",
  "games_not_enough": "Ви не маєте достатньо {0}",
  "games_no_results": "Немає результатів",
  "games_picked": "підібраний {0}",
  "games_planted": "{0} посадили {1}",
  "games_trivia_already_running": "Trivia гра вже працює на цьому сервері.",
  "games_trivia_game": "Trivia Гра",
  "games_trivia_guess": "{0} guessed it! The answer was: {1}",
  "games_trivia_none": "Trivia не запущена на цьому сервері.",
  "games_trivia_points": "{0} мав {1} балів",
  "games_trivia_stopping": "Зупинився після цього питання.",
  "games_trivia_times_up": "Час минув! Правильну відповідь була {0}",
  "games_trivia_win": "{0} здогадався і ВИГРАВ гру! Відповідь була: {1}",
  "games_ttt_against_yourself": "Ви не можете грати проти себе.",
  "games_ttt_already_running": "Гра TicTacToe вже запущена на цьому каналі.",
  "games_ttt_a_draw": "Нічия!",
  "games_ttt_created": "створив гру TicTacToe.",
  "games_ttt_has_won": "{0} виграв!",
  "games_ttt_matched_three": "Відповідають три",
  "games_ttt_no_moves": "Не залишилося рухів!",
  "games_ttt_time_expired": "Час минув!",
  "games_ttt_users_move": "{0}'s рухатися",
  "games_vs": "{0} проти {1}",
  "music_attempting_to_queue": "Спробувати в черзі {0} пісні...",
  "music_autoplay_disabled": "Автовідтворення вимкнене.",
  "music_autoplay_enabled": "Автовідтворення увімкнене.",
  "music_defvol_set": "Стандартний обсяг задано на {0}%",
  "music_dir_queue_complete": "Каталог черги завершений.",
  "music_fairplay": "Чесна гра",
  "music_finished_song": "Пісня закінчилася",
  "music_fp_disabled": "Чесна гра вимкнена.",
  "music_fp_enabled": "Чесна гра увімкнена.",
  "music_from_position": "З позиції",
  "music_id": "Ідентифікатор",
  "music_invalid_input": "Невірний ввід.",
  "music_max_playtime_none": "Максимальний час гри на даний момент не має межи.",
  "music_max_playtime_set": "Максимальний час відтворення заданий на {0} секунд(у).",
  "music_max_queue_unlimited": "Максимальний розмір музичної черги заданий без обмежень.",
  "music_max_queue_x": "Максимальний розмір музичної черги заданий на {0} трек(ів).",
  "music_must_be_in_voice": "Ви повинні бути у голосовому каналі на цьому сервері.",
  "music_name": "Ім'я",
  "music_now_playing": "Зараз відтворюється",
  "music_no_player": "Немає активного музичного програвача.",
  "music_no_search_results": "Не знайдено результатів.",
  "music_paused": "Музичне відтворення призупинене.",
  "music_player_queue": "Черга програвача - сторінка {0}/{1}",
  "music_playing_song": "Грає пісня #{0}",
  "music_playlists": "`#{0}` - **{1}** за *{2}* ({3} пісні)",
  "music_playlists_page": "Сторінка {0} збережені списки відтворення",
  "music_playlist_deleted": "Список відтворення видалений.",
  "music_playlist_delete_fail": "Не вдалося видалити цей список відтворення. Він або не існує, або ви не його автор.",
  "music_playlist_id_not_found": "Список відтворення з цим ідентифікатором не існує.",
  "music_playlist_queue_complete": "Черга списку відтворення завершена.",
  "music_playlist_saved": "Список відтворення збережений",
  "music_play_limit": "{0}с межа",
  "music_queue": "Черга",
  "music_queued_song": "Черга пісні",
  "music_queue_cleared": "Музична черга очищена.",
  "music_queue_full": "Черга повна в {0}/{0}.",
  "music_removed_song": "Видалена пісня",
  "music_repeating_cur_song": "Повторення поточної пісні",
  "music_repeating_playlist": "Повторення списку відтворення",
  "music_repeating_track": "Повторення треку",
  "music_repeating_track_stopped": "повторення поточного треку зупинене.",
  "music_resumed": "Музичне відтворення відновлене.",
  "music_rpl_disabled": "Повторення списку відтворення вимкнене.",
  "music_rpl_enabled": "Повторення списку відтворення увімкнене.",
  "music_set_music_channel": "Я тепер виводжу відтворення, завершення, призупинення та вилучення пісень у цьому каналі.",
  "music_unset_music_channel": "Я зараз вийду з відтворення, завершу, призупиню та видалю пісні в музичному каналі, які були запущені з.",
  "music_skipped_to": "Пропущено до `{0}:{1}`",
  "music_song_moved": "Пісня переїхала",
  "music_time_format": "{0}г {1}х {2}с",
  "music_to_position": "До позиції",
  "music_unlimited": "без обмежень",
  "music_volume_input_invalid": "Об'єм має бути між 0 і 100",
  "music_volume_set": "Об'єм заданий на {0}%",
  "permissions_acm_disable": "Вимкнене використання ВСІХ МОДУЛІВ на каналі {0}.",
  "permissions_acm_enable": "Увімкнене використання ВСІХ МОДУЛІВ на каналі {0}.",
  "permissions_allowed": "Дозволено",
  "permissions_arm_disable": "Вимкнене використання ВСІХ МОДУЛІВ для ролі {0}.",
  "permissions_arm_enable": "Увімкнене використання ВСІХ МОДУЛІВ для ролі {0}.",
  "permissions_asm_disable": "Вимкнене використання ВСІХ МОДУЛІВ на цьому сервері.",
  "permissions_asm_enable": "Увімкнене використання ВСІХ МОДУЛІВ на цьому сервері.",
  "permissions_aum_disable": "Вимкнене використання ВСІХ МОДУЛІВ для користувача {0}.",
  "permissions_aum_enable": "Увімкнене використання ВСІХ МОДУЛІВ для користувача {0}.",
  "permissions_blacklisted": "Чорний список {0} з ідентифікатором {1}",
  "permissions_cmdcd_add": "Команда {0} зараз має {1}с спокою.",
  "permissions_cmdcd_cleared": "Команда {0} зараз не має спокою, і всі існуючі заспокоєння були очищені.",
  "permissions_cmdcd_none": "Не задано команди заспокоєння.",
  "permissions_command_costs": "Команда витрат",
  "permissions_cx_disable": "Вимкнене використання {0} {1} на каналі {2}.",
  "permissions_cx_enable": "Увімкнене використання {0} {1} на каналі {2}.",
  "permissions_denied": "Відмовлено",
  "permissions_filter_word_add": "Додане слово {0} до списку фільтрованих слів.",
  "permissions_filter_word_list": "Список фільтрованих слів",
  "permissions_filter_word_remove": "Видалено слово {0} зі списку фільтрованих слів.",
  "permissions_invalid_second_param_between": "Невірний другий параметр.(Має бути номер між {0} і {1})",
  "permissions_invite_filter_channel_off": "Запрошення фільтрування вимкнене на цьому каналі.",
  "permissions_invite_filter_channel_on": "Запрошення фільтрування увімкнене на цьому каналі.",
  "permissions_invite_filter_server_off": "Запрошення фільтрування вимкнене на цьому сервері.",
  "permissions_invite_filter_server_on": "Запрошення фільтрування увімкнене на цьому сервері.",
  "permissions_moved_permission": "Переміщений дозвіл {0} від #{1} до #{2}",
  "permissions_not_found": "Не вдається знайти дозвіл в індексі #{0}",
  "permissions_no_costs": "Без витрат задане.",
  "permissions_of_command": "команда",
  "permissions_of_module": "модуль",
  "permissions_page": "Сторінка дозволів {0}",
  "permissions_permrole": "Поточні дозволи ролі є {0}.",
  "permissions_permrole_changed": "Користувачі зараз вимагають {0} роль для редагування дозволів.",
  "permissions_perm_out_of_range": "Не знайдено дозволів на цьому індексі.",
  "permissions_removed": "вилучений дозвіл #{0} - {1}",
  "permissions_rx_disable": "Вимкнене використання {0} {1} для {2} ролі.",
  "permissions_rx_enable": "Увімкнене використання {0} {1} для {2} ролі.",
  "permissions_sec": "sec.",
  "permissions_sx_disable": "Вимкнене використання {0} {1} на цьому сервері.",
  "permissions_sx_enable": "Увімкнене використання {0} {1} на цьому сервері.",
  "permissions_unblacklisted": "Не в чорному списку {0} з ідентифікатором {1}",
  "permissions_uneditable": "не підлягає редагуванню",
  "permissions_ux_disable": "Вимкнене використання {0} {1} для {2} користувача.",
  "permissions_ux_enable": "Увімкнене використання {0} {1} для {2} користувача.",
  "permissions_verbose_false": "Я більше не показую попередження про дозвіл.",
  "permissions_verbose_true": "Тепер я показую попередження про дозвіл.",
  "permissions_word_filter_channel_off": "Фільтрування слів вимкнене на цьому каналі.",
  "permissions_word_filter_channel_on": "Фільтрування слів увімкнене на цьому каналі.",
  "permissions_word_filter_server_off": "Фільтрування слів вимкнене на цьому сервері.",
  "permissions_word_filter_server_on": "Фільтрування слів увімкнене на цьому сервері.",
  "searches_abilities": "Здібності",
  "searches_anime_no_fav": "Ще немає улюбленого аніме",
  "searches_atl_ad_started": "Запущений автоматичний переклад повідомлень на цьому каналі. Користувацькі повідомлення будуть автоматично видалені.",
  "searches_atl_removed": "ваш автопереклад мови буде вилучений.",
  "searches_atl_set": "Ваш автопереклад мови заданий {0}>{1}",
  "searches_atl_started": "Запущений автоматичний переклад повідомлень на цьому каналі.",
  "searches_atl_stopped": "Зупинений автоматичний переклад повідомлень на цьому каналі.",
  "searches_bad_input_format": "Поганий формат вводу, або щось пішло неправильно.",
  "searches_card_not_found": "Не міг знайти цю картку.",
  "searches_catfact": "факт",
  "searches_chapters": "Глави",
  "searches_comic_number": "Комікс #",
  "searches_compet_loses": "Конкурентні збитки",
  "searches_compet_played": "Конкурентні відтворення",
  "searches_compet_rank": "Конкурентний ранг",
  "searches_compet_wins": "CКонкурентні виграші",
  "searches_completed": "Завершено",
  "searches_condition": "Стан",
  "searches_cost": "Вартість",
  "searches_date": "Дата",
  "searches_define": "Визначте:",
  "searches_dropped": "Випав",
  "searches_episodes": "Епізоди",
  "searches_error_occured": "Виникла помилка.",
  "searches_example": "Приклад",
  "searches_failed_finding_anime": "Не вдалося знайти цей animu.",
  "searches_failed_finding_manga": "Не вдалося знайти цей mango.",
  "searches_genres": "Жанри",
  "searches_authors": "Автори",
  "searches_hashtag_error": "Не вдалося знайти визначення для цього тегу.",
  "searches_height_weight": "Висота/Вага",
  "searches_height_weight_val": "{0}м/{1}кг",
  "searches_humidity": "Вологість",
  "searches_image_search_for": "Пошук зображення для:",
  "searches_imdb_fail": "Не вдалося знайти цей фільм.",
  "searches_invalid_lang": "Невірне джерело або цільова мова.",
  "searches_jokes_not_loaded": "Жарти не завантажені.",
  "searches_latlong": "Лат/Довго",
  "searches_level": "Рівень",
  "searches_list_of_place_tags": "Список {0}місць тегів",
  "searches_location": "Місцезнаходження",
  "searches_city_not_found": "Місто не знайдене.",
  "searches_magicitems_not_loaded": "Магічні елементи не завантажені.",
  "searches_mal_profile": "{0}'s MAL профіль",
  "searches_mashape_api_missing": "Власник бота не вказав MashapeApiKey. Ви не можете використовувати цю функціональність.",
  "searches_min_max": "Мінімум/Максимум",
  "searches_no_channel_found": "Канал не знайдений.",
  "searches_no_results": "Результати не знайдені.",
  "searches_on_hold": "На утриманні",
  "searches_original_url": "Оригінальний url",
  "searches_osu_api_key": "An osu! API ключ потрібен.",
  "searches_osu_failed": "Не вдалося отримати osu! підпис.",
  "searches_over_x": "Знайдено більше {0} зображень. Показано випадково {0}.",
  "searches_ow_user_not_found": "Користувач не знайдений! Будь ласка, перевірте Регіон і BattleTag перед тим як спробувати знову.",
  "searches_plan_to_watch": "Плануєте дивитися",
  "searches_platform": "Платформа",
  "searches_pokemon_ability_none": "Не знайдено можливості.",
  "searches_pokemon_none": "Покемон не знайдений.",
  "searches_profile_link": "Профільне посилання:",
  "searches_quality": "Якість:",
  "searches_quick_playtime": "Швидкий час відтворення",
  "searches_quick_wins": "Швидкі виграші",
  "searches_rating": "Рейтинг",
  "searches_score": "Оцінка:",
  "searches_search_for": "Шукати:",
  "searches_shorten_fail": "Не вдалося скоротити цей url.",
  "searches_short_url": "Короткий url",
  "searches_something_went_wrong": "Щось пішло не так.",
  "searches_specify_search_params": "Будь ласка, вкажіть параметри пошуку.",
  "searches_status": "Статус",
  "searches_store_url": "Магазин url",
  "searches_streamer_offline": "Стрімер {0} не в мережі.",
  "searches_streamer_online": "Стрімер {0} в мережі з {1} глядачами.",
  "searches_streams_following": "Ви стежите за {0} потоками на цьому сервері.",
  "searches_streams_none": "Ви не стежите за будь-якими потоками на цьому сервері.",
  "searches_stream_no": "Немає такого потоку.",
  "searches_stream_not_exist": "Потоку, ймовірно, не існує.",
  "searches_stream_removed": "Вилучений {0}'s потік ({1}) з сповіщення.",
  "searches_stream_tracked": "Я буду повідомити цей канал, коли статус зміниться.",
  "searches_sunrise": "Схід сонця",
  "searches_sunset": "Захід сонця",
  "searches_temperature": "Температура",
  "searches_title": "Назва:",
  "searches_top_3_fav_anime": "3 кращих, улюблених аніме:",
  "searches_translation": "Переклад:",
  "searches_types": "Типи",
  "searches_ud_error": "Не вдалося знайти визначення для цього терміну.",
  "searches_url": "Url",
  "searches_viewers": "Глядачі",
  "searches_watching": "Дивитися",
  "searches_wikia_error": "Не вдалося знайти цей термін вказаний на wikia.",
  "searches_wikia_input_error": "Будь ласка, введіть цільовий wikia, а потім пошуковий запит.",
  "searches_wiki_page_not_found": "Сторінку не знайдено.",
  "searches_wind_speed": "Швидкість вітру",
  "searches_x_most_banned_champs": "{0} найбільш заблокованих чемпіонів",
  "searches_yodify_error": "Не вдалося в yodify ваш вирок.",
  "utiliity_joined": "Приєднався",
  "utility_activity_line": "`{0}.` {1} [{2:F2}/s] - {3} всього",
  "utility_activity_page": "Сторінка активності #{0}",
  "utility_activity_users_total": "{0} всього користувачів.",
  "utility_author": "Автор",
  "utility_botid": "Ідентифікатор бота",
  "utility_calcops": "Список функцій у {0}calc команді",
  "utility_channelid": "{0} цього каналу {1}",
  "utility_channel_topic": "Тема каналу",
  "utility_commands_ran": "Запуск команд",
  "utility_convert": "{0} {1} дорівнює {2} {3}",
  "utility_convertlist": "Елементи, які можуть використовуватися конвертером",
  "utility_convert_not_found": "Неможливо конвертувати {0} в {1}: одиниці не знайдені",
  "utility_convert_type_error": "Неможливо конвертувати {0} в {1}: типи одиниць не рівні",
  "utility_created_at": "Створено в",
  "utility_custom_emojis": "Користувальницькі emojis",
  "utility_error": "Помилка",
  "utility_features": "Особливості",
  "utility_id": "Ідентифікатор",
  "utility_index_out_of_range": "Індекс поза зоною досяжності.",
  "utility_inrole_list": "Список користувачів у {0} ролі",
  "utility_inrole_not_allowed": "Вам не дозволяється використовувати цю команду для ролей з великою кількістю користувачів, щоб запобігти зловживанню.",
  "utility_invalid_value": "невірне {0} значення.",
  "utility_joined_discord": "Приєднався до Discord",
  "utility_joined_server": "Приєднався до сервера",
  "administration_joined_discord": "Приєднався до Discord",
  "administration_joined_server": "Приєднався до сервера",
  "utility_listservers": "ID: {0}\nЧлени: {1}\nВласник Ідентифікатор: {2}",
  "utility_listservers_none": "На цій сторінці не знайдено серверів.",
  "utility_list_of_repeaters": "Список повторювача",
  "utility_members": "Члени",
  "utility_memory": "Пам'ять",
  "utility_messages": "Повідомлення",
  "utility_message_repeater": "Повідомлення повторювача",
  "utility_name": "Ім'я",
  "utility_nickname": "Прізвисько",
  "utility_nobody_playing_game": "Ніхто не грає в цю гру.",
  "utility_no_active_repeaters": "Немає активних повторювачів.",
  "utility_no_roles_on_page": "Немає ролей на цій сторінці.",
  "utility_no_shards_on_page": "Немає фрагментів на на цій сторінці.",
  "utility_no_topic_set": "Немає встановленої теми.",
  "utility_owner": "Власник",
  "utility_owner_ids": "Ідентифікатори власника",
  "utility_presence": "Присутність",
  "utility_presence_txt": "{0} Сервери\n{1} Текстові канали\n{2} Голосові канали",
  "utility_quotes_deleted": "Видалені всі цитати з {0} ключовим словом.",
  "utility_quotes_page": "Сторінка {0} цитат",
  "utility_quotes_page_none": "Не знайдені цитати на цій сторінці.",
  "utility_quotes_remove_none": "Не знайдені цитати, які можна вилучити.",
  "utility_quote_added": "Цитата додана",
  "utility_quote_deleted": "Цитата #{0} видалена.",
  "utility_region": "Регіон",
  "utility_registered_on": "Зареєстрований на",
  "utility_remind": "Я нагадаю {0} до {1} в {2} `({3:d.M.yyyy.} at {4:HH:mm})`",
  "utility_remind_invalid_format": "Недійсний формат часу. Перевірте список команд.",
  "utility_remind_template": "Новий шаблон нагадувань заданий.",
  "utility_repeater": "Повторення {0} кожні {1} дні(в), {2} годин(и) і {3} хвилин(и).",
  "utility_repeaters_list": "Список повторень",
  "utility_repeaters_none": "Немає запущених повторень на цьому сервері.",
  "utility_repeater_stopped": "#{0} зупинився.",
  "utility_repeat_invoke_none": "Не знайдено повторення повідомлень на цьому сервері.",
  "utility_result": "Результат",
  "utility_roles": "Ролі",
  "utility_roles_all_page": "Сторінка #{0} всіх ролей на цьому сервері:",
  "utility_roles_page": "Сторінка #{0} ролей для {1}",
  "utility_rrc_no_colors": "Кольори не мають правильного формату. Використовуйте `#00ff00` для прикладу.",
  "utility_rrc_start": "Почав обертатися {0} колір ролей.",
  "utility_rrc_stop": "Зупинилося обертання кольорів для {0} ролі",
  "utility_serverid": "{0} цей сервер є {1}",
  "utility_server_info": "Server info",
  "utility_shard": "Фрагмент",
  "utility_shard_stats": "Статистика фрагмену",
  "utility_shard_stats_txt": "Фрагмент **#{0}** є в {1} штаті з {2} серверами - {3} тому",
  "utility_showemojis": "**Ім'я:** {0} **Посилання:** {1}",
  "utility_showemojis_none": "Не знайдені спеціальні emojis .",
  "utility_stats_songs": "Відтворення {0} пісень, {1} в черзі.",
  "utility_text_channels": "Текстовий канал",
  "utility_togtub_room_link": "Ось посилання на вашу кімнату:",
  "utility_uptime": "Час роботи",
  "utility_userid": "{0} користувача {1} є {2}",
  "utility_users": "Користувачі",
  "utility_voice_channels": "Голосовий канал",
  "gambling_animal_race_already_in": "Ви вже приєдналися до цієї гонки!",
  "games_current_poll_results": "Поточні результати опитування",
  "games_no_votes_cast": "Немає голосів.",
  "games_poll_already_running": "Опитування вже запущено на цьому сервері.",
  "games_poll_created": "📃 {0} створив опитування",
  "games_poll_result": "`{0}.` {1} з {2} голосів.",
  "games_poll_voted": "{0} голосував.",
  "games_poll_vote_private": "Приватне повідомлення мені з відповідним номером відповіді.",
  "games_poll_vote_public": "Відправити повідомлення тут з відповідним номером відповіді.",
  "games_thanks_for_voting": "Дякую за голосування, {0}",
  "games_x_votes_cast": "{0} всього голосів.",
  "games_pick_pl": "Виберіть їх, набравши `{0}pick`",
  "games_pick_sn": "Виберіть його, набравши `{0}pick`",
  "gambling_no_users_found": "Користувач не знайдений.",
  "gambling_page": "сторінка {0}",
  "administration_sql_confirm_exec": "Підтвердьте виконання наступної SQL команди",
  "administration_must_be_in_voice": "Ви повинні бути на голосовому каналі на цьому сервері.",
  "administration_no_vcroles": "Немає ролей на голосовому каналі.",
  "administration_user_muted_time": "{0} був **приглушений** на текстовому та голосовому чаті {1} хвилин.",
  "administration_vcrole_added": "Користувачі, які приєднуються до {0} голосового каналу, отримають {1} роль.",
  "administration_vcrole_removed": "Користувачі, які приєднуються до {0} голосового каналу, більше не зможуть отримати роль.",
  "administration_vc_role_list": "Ролі голосового каналу",
  "customreactions_crad_disabled": "Повідомлення, що ініціює користувацьку реакцію з ідентифікатором {0} не буде автоматично видалене.",
  "customreactions_crad_enabled": "Повідомлення, що ініціює користувацьку реакцію з ідентифікатором {0} буде автоматично видалене.",
  "customreactions_crdm_disabled": "Повідомлення відповідь для користувацької реакції з ідентифікатором {0} не буде відправлене як DM.",
  "customreactions_crdm_enabled": "Повідомлення відповідь для користувацької реакції з ідентифікатором {0} буде відправлене як DM.",
  "utility_aliases_none": "Псевдонім не знайдений",
  "utility_alias_added": "Введення {0} тепер буде псевдонім {1}.",
  "utility_alias_list": "Список псевдонімів",
  "utility_alias_removed": "Тріґер {0} більше не має псевдоніму.",
  "utility_alias_remove_fail": "Тріґер {0} не має псевдоніму.",
  "searches_compet_playtime": "Конкурентний час відтворення",
  "administration_channel": "Канал",
  "administration_command_text": "Текст команди",
  "administration_kicked_pl": "Вигнали",
  "administration_moderator": "Модератор",
  "administration_page": "сторінка {0}",
  "administration_reason": "Причина",
  "administration_scadd": "Нова команда запуску додана.",
  "administration_scrm": "Команда запуску успішно вилучена.",
  "administration_scrm_fail": "Команди запуску не знайдено.",
  "administration_server": "Сервер",
  "administration_startcmdlist_none": "Немає команд запуску на цій сторінці.",
  "administration_startcmds_cleared": "Очищено всі команди запуску.",
  "administration_unbanned_user": "Користувач {0} був розблокований.",
  "administration_user_not_found": "Користувач не знайдений.",
  "administration_user_warned": "Користувач {0} був попереджений.",
  "administration_user_warned_and_punished": "Користувач {0} був попереджений і {1} було застосовано покарання.",
  "administration_warned_on": "Попередження на {0} сервері",
  "administration_warned_on_by": "На {0} в {1} через {2}",
  "administration_warnings_cleared": "Усі попередження були очищені для {0}.",
  "administration_warnings_none": "Немає попереджень на цій сторінці.",
  "administration_warnlog_for": "Попереження журналу для {0}",
  "administration_warnpl_none": "Немає заданих покарань.",
  "administration_warn_cleared_by": "очищений {0}",
  "administration_warn_punish_list": "Попередження списку покарань",
  "administration_warn_punish_rem": "Попередження {0} більше не призведуть до покарання.",
  "administration_warn_punish_set": "Я застосую {0} покарання користувачам із {1} попередженнями.",
  "administration_slowmodewl_role_start": "Повільний режим тепер ігноруватиме {0} роль.",
  "administration_slowmodewl_role_stop": "Повільний режим більше не ігноруватиме {0} роль.",
  "administration_slowmodewl_user_start": "Повільний режим тепер ігноруватиме користувача {0}.",
  "administration_slowmodewl_user_stop": "Повільний режим більше не ігноруватиме користувача {0}.",
  "utility_clpa_fail": "Не вдалося стверджувати винагороду через одну з таких причин:",
  "utility_clpa_fail_already": "Можливо, ви вже отримали свою винагороду за цей місяць. Ви можете одержувати винагороду лише один раз на місяць, якщо ви не збільшите вашу заставу.",
  "utility_clpa_fail_already_title": "Вже нагороджений",
  "utility_clpa_fail_conn": "Ваш обліковий запис discord може бути не з'єднаний з Patreon. Якщо ви не знаєте, що це означає, або не знаєте, як його з'єднати, вам слід перейти на сторінку [Параметри облікового запису Patreon] (https://patreon.com/settings/account) та натиснути кнопку 'Connect to discord'.",
  "utility_clpa_fail_conn_title": "Обліковий запис discord не з'єднаний",
  "utility_clpa_fail_sup": "Щоб отримати право на винагороду, ви повинні підтримати проект на patreon. Ви можете використовувати команду {0}, щоб отримати посилання.",
  "utility_clpa_fail_sup_title": "Не підтримую",
  "utility_clpa_fail_wait": "Вам доведеться почекати через кілька годин після того, як зробите свою заставу, якщо ви цього не зробили, повторіть спробу пізніше.",
  "utility_clpa_fail_wait_title": "Почекайте деякий час",
  "utility_clpa_success": "Ви отримали {0} Дякую за підтримку проекту!",
  "utility_clpa_too_early": "Нагороди можна вимагати після 5-го числа кожного місяця.",
  "searches_time": "Час у {0} є {1} - {2}",
  "administration_rh": "Задати відображення гільдії ролі  {0} до {1}.",
  "gambling_name": "Ім'я",
  "gambling_shop": "Магазин",
  "gambling_shop_item_add": "Магазин доданий",
  "gambling_shop_none": "На цій сторінці немає елементів магазину.",
  "gambling_shop_role": "Ви отримаєте {0} роль.",
  "gambling_type": "Тип",
  "utility_clpa_next_update": "Наступне оновлення в {0}",
  "administration_gvc_disabled": "Функція Голосовий Канал Гри вимкнена на цьому сервері.",
  "administration_gvc_enabled": "{0} Голосовий Канал Гри на даний момент.",
  "administration_not_in_voice": "Ви не в голосовому каналі на цьому сервері.",
  "gambling_item": "Предмет",
  "gambling_out_of_stock": "Немає в наявності.",
  "gambling_random_unique_item": "Випадковий унікальний предмет.",
  "gambling_shop_buy_error": "Помилка DMing деталі. Вам відшкодували.",
  "gambling_shop_item_not_found": "Не знайдено жодної деталі цього індексу.",
  "gambling_shop_item_purchase": "Покупка деталі успішна.",
  "gambling_shop_item_rm": "Магазин вилучений",
  "gambling_shop_item_wrong_type": "Цей вхід у магазин не підтримує додавання деталей.",
  "gambling_shop_list_item_added": "Предмет успішно доданий.",
  "gambling_shop_list_item_not_unique": "Цей предмет вже доданий.",
  "gambling_shop_purchase": "Покупка на {0} сервері",
  "gambling_shop_role_not_found": "Роль, яка продається більше не існує.",
  "gambling_shop_role_purchase": "Ви успішно придбали {0} роль.",
  "gambling_shop_role_purchase_error": "Помилка присвоєння ролі. Ваша покупка була повернута.",
  "gambling_unique_items_left": "Залишилося {0} унікальних деталей.",
  "permissions_blocked_commands": "Заблоковані команди",
  "permissions_blocked_modules": "Заблоковані модулі",
  "permissions_gcmd_add": "Команда {0} була вимкнена на всіх серверах.",
  "permissions_gcmd_remove": "Команда {0} була увімкнена на всіх серверах.",
  "permissions_gmod_add": "Модуль {0} був вимкнений на всіх серверах.",
  "permissions_gmod_remove": "Модуль {0} був увімкнений на всіх серверах.",
  "permissions_lgp_none": "Немає заблокованих команд або модулів.",
  "gambling_animal_race_no_race": "Ця Animal Race заповнена!",
  "utility_cant_read_or_send": "Ви не можете читати або відправити повідомлення до цього каналу.",
  "utility_quotes_notfound": "Не знайдено лапок, відповідних вказаного ідентифікатора.",
  "administration_prefix_current": "Префікс на цьому сервері {0}",
  "administration_prefix_new": "Змінений префікс цього сервера від {0} до {1}",
  "administration_defprefix_current": "Префікс бота за замовчуванням є {0}",
  "administration_defprefix_new": "Змінений Префікс бота за замовчуванням від {0} до {1}",
  "administration_bot_nick": "Прізвисько бота змінене на {0}",
  "administration_user_nick": "Прізвисько користувача {0} змінене на {1}",
  "administration_timezone_guild": "Часовий пояс для цієї гільдії є `{0}`",
  "administration_timezone_not_found": "Часовий пояс не знайдений. Використовуйте команду \"timezones\" щоб переглянути список доступних часових поясів.",
  "administration_timezones_available": "Доступні часові пояси",
  "music_song_not_found": "Не знайдена пісня.",
  "searches_define_unknown": "Неможливо знайти визначення для цього терміна.",
  "utility_repeater_initial": "Початкове повторне повідомлення буде надіслано у {0}г і {1}хв.",
  "utility_verbose_errors_enabled": "Некоректно використані команди тепер будуть відображати помилки.",
  "utility_verbose_errors_disabled": "Некоректно використані команди більше не будуть відображати помилки.",
  "permissions_perms_reset": "Дозволи для цього сервера скидаються.",
  "permissions_trigger": "Номер дозволу #{0} {1} запобігає цій дії.",
  "administration_migration_error": "Помилка під час міграції, перевірте консоль бота для отримання додаткової інформації.",
  "searches_hex_invalid": "Невірно вказано колір.",
  "permissions_global_perms_reset": "Глобальні дозволи були скинуті.",
  "help_module": "Модуль: {0}",
  "games_hangman_stopped": "Hangman гра зупинилася.",
  "music_autoplaying": "Автоматичне відтворення.",
  "music_queue_stopped": "Програвач зупинився. Використовуйте команду {0} для запуску програвання.",
  "music_removed_song_error": "Пісня на цьому індексі не існує",
  "music_shuffling_playlist": "Перемішування пісень",
  "music_songs_shuffle_enable": "Відтепер пісні перемішуються.",
  "music_songs_shuffle_disable": "Пісні більше не перемішуються.",
  "music_song_skips_after": "Пісні пропускаються згідно {0}",
  "administration_warnings_list": "Список усіх попереджених користувачів на сервері",
  "customreactions_redacted_too_long": "Виправлено, оскільки воно занадто довге.",
  "nsfw_blacklisted_tag_list": "Список чорних списків тегів:",
  "nsfw_blacklisted_tag": "Один або кілька тегів, які ви застосували до чорного списку",
  "nsfw_blacklisted_tag_add": "Тег Nsfw {0} тепер у чорному списку.",
  "nsfw_blacklisted_tag_remove": "Тег Nsfw {0} більше не у чорному списку.",
  "gambling_waifu_gift": "Обдарований {0} до {1}",
  "gambling_waifu_gift_shop": "Waifu сувенірний магазин",
  "gambling_gifts": "Подарунки",
  "games_connect4_created": "Створена гра Connect4. Чекаємо на приєднання гравця.",
  "games_connect4_player_to_move": "Гравець для переміщення: {0}",
  "games_connect4_failed_to_start": "Не вдалося запустити гру Connect4, тому що ніхто не приєднався.",
  "games_connect4_draw": "Connect4 гра закінчилася у нічию.",
  "games_connect4_won": "{0} виграв гру Connect4 проти {1}.",
  "games_nunchi_joined": "Приєднався до гри Nunchi. {0} користувачі приєдналися до цих пір.",
  "games_nunchi_ended": "Гра Nunchi закінчилася. {0} виграв",
  "games_nunchi_ended_no_winner": "Гра Nunchi закінчилася без переможців.",
  "games_nunchi_started": "Гра Nunchi почалася з {0} учасниками.",
  "games_nunchi_round_ended": "Nunchi раунд закінчився. {0} знаходиться поза грою.",
  "games_nunchi_round_ended_boot": "Nunchi раунд закінчився через тайм-аут деяких користувачів. Ці користувачі все ще знаходяться в грі: {0}",
  "games_nunchi_round_started": "Nunchi раунд розпочався з {0} користувачами. Почати відлік від номера {1}.",
  "games_nunchi_next_number": "Номер зареєстрований. Останній номер був {0}.",
  "games_nunchi_failed_to_start": "Не вдалося розпочати Nunchi, тому що не було достатньо учасників.",
  "games_nunchi_created": "Гра Nunchi створена. Очікування приєднання користувачів.",
  "music_sad_enabled": "Пісні будуть видалені з черги музики, коли вони закінчать грати.",
  "music_sad_disabled": "Пісні більше не будуть видалятися з черги музики, коли вони закінчать грати.",
  "utility_stream_role_enabled": "Коли користувач із {0} ролі почне потокове передавання, я дам йому {1} роль.",
  "utility_stream_role_disabled": "Функція ролі потоку була вимкнена.",
  "utility_stream_role_kw_set": "Передавачі потоку вимагають {0} ключове слово для того, щоб отримати роль.",
  "utility_stream_role_kw_reset": "Скинути ключове слово ролі потоку.",
  "utility_stream_role_bl_add": "Користувач {0} ніколи не отримає роль потоку.",
  "utility_stream_role_bl_add_fail": "Користувач {0} вже у чорному списку.",
  "utility_stream_role_bl_rem": "Користувач {0} більше не у чорному списку.",
  "utility_stream_role_bl_rem_fail": "Користувача {0} немає у чорному списку.",
  "utility_stream_role_wl_add": "Користувач {0} отримає роль потоку, навіть якщо у нього немає ключового слова в заголовку потоку.",
  "utility_stream_role_wl_add_fail": "Користувач {0} вже у білому списку.",
  "utility_stream_role_wl_rem": "Користувач {0} більше не у білому списку.",
  "utility_stream_role_wl_rem_fail": "Користувача {0} немає у білому списку.",
  "utility_bot_config_edit_fail": "Невдале встановлення {0} значення {1}",
  "utility_bot_config_edit_success": "Значення {0} задане на {1}",
  "administration_bot_config_reloaded": "Конфігурація бота була перезавантажена.",
  "customreactions_crca_disabled": "Користувацька реакція з ідентифікатором {0} більше не спрацьовує, якщо це слово тріґер на початку речення.",
  "customreactions_crca_enabled": "Користувацька реакція з ідентифікатором {0} тепер спрацьовує, якщо вона міститься десь у реченні.",
  "xp_server_level": "Рівень Сервера",
  "xp_level": "Рівень",
  "xp_club": "Клуб",
  "xp_xp": "Досвід",
  "xp_excluded": "{0} був виключений з XP системи на цьому сервері.",
  "xp_not_excluded": "{0} більше не виключений з XP системи на цьому сервері.",
  "xp_exclusion_list": "Список вилучень",
  "xp_server_is_excluded": "Цей сервер виключений.",
  "xp_server_is_not_excluded": "Цей сервер не виключений.",
  "xp_excluded_roles": "Виключені ролі",
  "xp_excluded_channels": "Виключені канали",
  "xp_level_up_channel": "Вітання {0}, Ви досягли рівня {1}!",
  "xp_level_up_dm": "Вітання {0}, Ви досягли рівня {1} на {2} сервері!",
  "xp_level_up_global": "Вітання {0}, Ви досягли глобального рівня {1}!",
  "xp_role_reward_cleared": "Досягнення рівня {0} більше не буде нагороджувати роль.",
  "xp_role_reward_added": "Користувачі, які досягли рівня {0}, отримають {1} роль.",
  "xp_cur_reward_cleared": "Досягнення рівня {0} більше не винагороджує {1}.",
  "xp_cur_reward_added": "Користувачі, які досягли рівня {0}, отримають {1}.",
  "xp_level_up_rewards": "Нагороди за підвищення рівня",
  "xp_level_x": "Рівень {0}",
  "xp_role_reward": "{0} роль",
  "xp_no_level_up_rewards": "Немає нагороди за підвищення рівня на цій сторінці.",
  "xp_server_leaderboard": "Сервер XP Дошка Лідерів",
  "xp_global_leaderboard": "Глобальний XP Дошка Лідерів",
  "xp_modified": "Змінений сервер XP користувача {0} до {1}",
  "xp_club_create_error": "Не вдалося створити клуб. Переконайтеся, що ви вище 5-го рівня, і вже не є членом клубу.",
  "xp_club_created": "Клуб {0} успішно створений!",
  "xp_club_not_exists": "Цей клуб не існує.",
  "xp_club_applied": "Ви подали заявку на членство у {0} клубі.",
  "xp_club_apply_error": "Помилка подання заявки. Ви вже є членом клубу, або ви не відповідає вимогам мінімального рівня, або ви були заблоковані для цього.",
  "xp_club_accepted": "Приймається користувач {0} у клуб.",
  "xp_club_accept_error": "Користувач не знайдений",
  "xp_club_left": "Ви залишили клуб.",
  "xp_club_not_in_club": "Ви не в клубі, або ви намагаєтеся залишити клуб, власником якого ви є.",
  "xp_club_user_kick": "Користувач {0} вигнаний з {1} клубу.",
  "xp_club_user_kick_fail": "Помилка вигнання. Ви не власник клубу, або цей користувач не входить до вашого клубу.",
  "xp_club_user_banned": "Заблокований користувач {0} з {1} клубу.",
  "xp_club_user_ban_fail": "Не вдалося заблокувати. Ви не є власником клубу, або цей користувач не у вашому клубі чи не подав заявку до нього.",
  "xp_club_user_unbanned": "Користувач розблокований {0} у {1} клубі.",
  "xp_club_user_unban_fail": "Не вдалося розблокувати. Ви не є власником клубу, або цей користувач не у вашому клубі чи не подав заявку до нього.",
  "xp_club_level_req_changed": "Змінена вимога рівня клубу до {0}",
  "xp_club_level_req_change_error": "Не вдалося змінити вимогу рівня.",
  "xp_club_desc_updated": "Опис клубу оновлений до {0}",
  "xp_club_desc_update_failed": "Не вдалося змінити опис клубу.",
  "xp_club_disbanded": "Клуб {0} був розформований",
  "xp_club_disband_error": "Помилка. Ви не в клубі, або ви не є власником вашого клубу.",
  "xp_club_icon_error": "Недійсний url зображення, або ви не власник клубу.",
  "xp_club_icon_set": "Новий значок клубу заданий.",
  "xp_club_bans_for": "Блокування для {0} клубу",
  "xp_club_apps_for": "Кандидати для {0} клубу",
  "xp_club_leaderboard": "Дошка лідерів клубу - сторінка {0}",
  "customreactions_edited_cust_react": "Користувацька реакція відредагована",
  "administration_self_assign_are_exclusive": "Ви можете вибрати лише 1 роль з будь-якої групи.",
  "administration_self_assign_are_not_exclusive": "Ви можете вибрати будь-яку кількість ролей з будь-якої групи.",
  "administration_self_assign_group": "Група {0}",
  "gambling_reaction_desc": "Додати {0} реакцію до цього повідомлення, щоб отримати {1} ",
  "gambling_reaction_footer": "Ця подія активна протягом {0} годин.",
  "gambling_reaction_title": "Реакція події почалася!",
  "administration_no_shards_on_page": "Немає фрагментів на цій сторінці.",
  "administration_shard_stats": "Статистика фрагментів",
  "administration_shard_stats_txt": "Фрагмент **#{0}** у {1} стані з {2} серверами - {3} тому",
  "games_poll_closed": "Голосування закрито!",
  "xp_club_not_exists_owner": "Ви не є власником або адміністратором клубу.",
  "xp_club_admin_add": "{0} тепер адміністратор клубу.",
  "xp_club_admin_remove": "{0} більше не адміністратор клубу.",
  "xp_club_admin_error": "Помилка. Ви не є власником клубу, або цей користувач не у вашому клубі.",
  "nsfw_started": "Почалося. Перепублікація кожні {0}с.",
  "nsfw_stopped": "Зупинена перепублікацію.",
  "searches_feed_added": "Канал доданий.",
  "searches_feed_not_valid": "Невірне посилання, або ви вже стежите за цим каналом на цьому сервері, або ви досягли максимальної кількості дозволених каналів.",
  "searches_feed_out_of_range": "Індекс поза зоною досяжності.",
  "searches_feed_removed": "Канал вилучений.",
  "searches_feed_no_feed": "Ви не підписалися на будь-які канали цього сервера.",
  "administration_restart_fail": "Ви повинні налаштувати RestartCommand у вашому credentials.json",
  "administration_restarting": "Перезапуск.",
  "customreactions_edit_fail": "Користувацька реакція з цим ідентифікатором не існує.",
  "searches_streaming": "Потокове передавання",
  "searches_followers": "Послідовники",
  "gambling_rafflecur": "{0} Валютна лотерея",
  "gambling_rafflecur_joined": "Користувач {0} приєднався до лотереї",
  "gambling_rafflecur_already_joined": "Ви вже приєдналися до цієї лотереї, чи використовуєте неприпустиме значення.",
  "gambling_rafflecur_ended": "{0} розіграш закінчився. {1} виграв {2}!",
  "music_autodc_enable": "Я від'єднуюсь від голосового каналу, коли на ньому більше не відтворюються пісні.",
  "music_autodc_disable": "Я більше не від'єднуюсь від голосового каналу, коли на ньому більше не відтворюються пісні.",
  "gambling_timely_none": "Власник бота не вказав своєчасну винагороду.",
  "gambling_timely_already_claimed": "Ви вже претендуєте на вашу своєчасну винагороду. Ви можете отримати її знову у {0}.",
  "gambling_timely": "Ви претендуєте на вашу {0}. Ви можете претендувати знову через {1}г",
  "gambling_timely_set": "Користувачі зможуть претендувати {0} кожну {1}г",
  "gambling_timely_set_none": "Користувачі не зможуть претендувати на будь-яку своєчасну валюту.",
  "gambling_timely_reset": "Усі користувачі зможуть претендувати на своєчасну валюту знову.",
  "searches_price": "Ціна",
  "searches_market_cap": "Ринкова капіталізація",
  "searches_volume_24h": "Обсяг (24г)",
  "searches_change_7d_24h": "Змінити (7д/24г)",
  "searches_crypto_not_found": "Криптовалюта з таким ім'ям не знайдена.",
  "searches_did_you_mean": "Ви мали на увазі {0}?",
  "administration_self_assign_level_req": "Самозадана роль {0} тепер вимагає щонайменше рівня сервера {1}.",
  "administration_self_assign_not_level": "Ця самостійно призначена роль вимагає щонайменше рівня сервера {0}.",
  "administration_invalid": "Невірний / Неможливо знайти ({0})",
  "administration_mass_kill_in_progress": "Масове блокування і чорний список {0} користувачів у прогресі...",
  "administration_mass_kill_completed": "Масове блокування і чорний список {0} користувачів завершені.",
  "searches_failed_finding_novel": "Не можу знайти цей роман. Переконайтеся, що ви ввели точне і повне ім'я та у його наявності на novelupdates.com",
  "xp_club_transfered": "Власність клубу {0} була переведена на {1}",
  "xp_club_transfer_failed": "Передача не вдалася. Ви повинні бути власником клубу. Цільова аудиторія повинна бути членами вашого клубу.",
  "gambling_roll_duel_challenge": "викликаний {1} на Roll Duel для {2}",
  "gambling_roll_duel": "Roll Duel",
  "gambling_roll_duel_no_funds": "Ви або ваш супротивник не мають достатньо коштів.",
  "gambling_roll_duel_timeout": "Виклик Roll Duel не був прийнятий.",
  "gambling_roll_duel_already_challenged": "Цей користувач вже кинув вам виклик на Roll Duel.",
  "searches_account_not_found": "Цей обліковий запис не існує або заданий як приватний.",
  "searches_ninja_not_found": "Валюта з таким ім'ям не знайдена або недійсна назва ліги.",
  "searches_leagues_not_found": "Не вдається отримати дані з Path of Exile API.",
  "searches_pog_not_found": "Не вдається отримати дані з Path of Exile Wiki або недійсний унікальний предмет.",
  "administration_reaction_roles_message": "**Ролі:** {0}\n**Вміст:** {1}",
  "administration_no_reaction_roles": "Немає жодних увімкнених функцій ReactionRole на цьому сервері.",
  "administration_reaction_role_removed": "Вилучено повідомлення ReactionRole #{0}",
  "administration_reaction_roles_full": "Ви досягли межі повідомлень ReactionRole. Ви повинні видалити деякі."
}
